N,WIDTH,HEIGHT,FAMILY,FPGA_PART,Frequency,Latency,DSP,LUT,FF,BRAM
1,280,280,virtex7,xc7vx485tffg1157-1,141,1.694,0,0,0,0
1,320,320,virtex7,xc7vx485tffg1157-1,141,2.192,0,0,0,0
10,320,320,virtex7,xc7vx485tffg1157-1,137,1.226,2,3,0,1
1,512,512,virtex7,xc7vx485tffg1157-1,138,5.545,0,0,0,1
10,512,512,virtex7,xc7vx485tffg1157-1,138,3.067,2,3,0,1
1,1024,1024,virtex7,xc7vx485tffg1157-1,138,21.914,0,0,0,1
10,1024,1024,virtex7,xc7vx485tffg1157-1,138,11.991,2,3,0,1
20,1024,1024,virtex7,xc7vx485tffg1157-1,137,11.991,2,7,0,1
30,1024,1024,virtex7,xc7vx485tffg1157-1,137,11.643,2,9,0,2
1,280,280,virtex7,xc7vx485tffg1157-2,147,1.691,0,0,0,0
1,320,320,virtex7,xc7vx485tffg1157-2,147,2.189,0,0,0,0
10,320,320,virtex7,xc7vx485tffg1157-2,143,1.222,2,3,0,1
1,512,512,virtex7,xc7vx485tffg1157-2,142,5.54,0,0,0,1
10,512,512,virtex7,xc7vx485tffg1157-2,143,3.062,2,3,0,1
1,1024,1024,virtex7,xc7vx485tffg1157-2,143,21.903,0,0,0,1
10,1024,1024,virtex7,xc7vx485tffg1157-2,143,11.981,2,3,0,1
20,1024,1024,virtex7,xc7vx485tffg1157-2,143,11.981,2,7,0,1
30,1024,1024,virtex7,xc7vx485tffg1157-2,143,11.633,2,10,0,2
1,280,280,virtex7,xc7vx485tffg1157-2L,147,1.691,0,0,0,0
1,320,320,virtex7,xc7vx485tffg1157-2L,147,2.189,0,0,0,0
10,320,320,virtex7,xc7vx485tffg1157-2L,143,1.222,2,3,0,1
1,512,512,virtex7,xc7vx485tffg1157-2L,142,5.54,0,0,0,1
10,512,512,virtex7,xc7vx485tffg1157-2L,143,3.062,2,3,0,1
1,1024,1024,virtex7,xc7vx485tffg1157-2L,143,21.903,0,0,0,1
10,1024,1024,virtex7,xc7vx485tffg1157-2L,143,11.981,2,3,0,1
20,1024,1024,virtex7,xc7vx485tffg1157-2L,143,11.981,2,7,0,1
30,1024,1024,virtex7,xc7vx485tffg1157-2L,143,11.633,2,10,0,2
1,280,280,virtex7,xc7vx485tffg1157-3,157,1.691,0,0,1,0
1,320,320,virtex7,xc7vx485tffg1157-3,157,2.189,0,0,1,0
10,320,320,virtex7,xc7vx485tffg1157-3,137,1.222,2,3,2,1
1,512,512,virtex7,xc7vx485tffg1157-3,138,5.535,0,0,1,1
10,512,512,virtex7,xc7vx485tffg1157-3,137,3.062,2,3,2,1
1,1024,1024,virtex7,xc7vx485tffg1157-3,138,21.893,0,0,1,1
10,1024,1024,virtex7,xc7vx485tffg1157-3,137,11.981,2,3,2,1
20,1024,1024,virtex7,xc7vx485tffg1157-3,137,11.981,2,7,2,1
30,1024,1024,virtex7,xc7vx485tffg1157-3,137,11.633,2,9,2,2
1,280,280,virtex7,xc7vx485tffg1158-1,141,1.694,0,0,0,0
1,320,320,virtex7,xc7vx485tffg1158-1,141,2.192,0,0,0,0
10,320,320,virtex7,xc7vx485tffg1158-1,137,1.226,2,3,0,1
1,512,512,virtex7,xc7vx485tffg1158-1,138,5.545,0,0,0,1
10,512,512,virtex7,xc7vx485tffg1158-1,138,3.067,2,3,0,1
1,1024,1024,virtex7,xc7vx485tffg1158-1,138,21.914,0,0,0,1
10,1024,1024,virtex7,xc7vx485tffg1158-1,138,11.991,2,3,0,1
20,1024,1024,virtex7,xc7vx485tffg1158-1,137,11.991,2,7,0,1
30,1024,1024,virtex7,xc7vx485tffg1158-1,137,11.643,2,9,0,2
1,280,280,virtex7,xc7vx485tffg1158-2,147,1.691,0,0,0,0
1,320,320,virtex7,xc7vx485tffg1158-2,147,2.189,0,0,0,0
10,320,320,virtex7,xc7vx485tffg1158-2,143,1.222,2,3,0,1
1,512,512,virtex7,xc7vx485tffg1158-2,142,5.54,0,0,0,1
10,512,512,virtex7,xc7vx485tffg1158-2,143,3.062,2,3,0,1
1,1024,1024,virtex7,xc7vx485tffg1158-2,143,21.903,0,0,0,1
10,1024,1024,virtex7,xc7vx485tffg1158-2,143,11.981,2,3,0,1
20,1024,1024,virtex7,xc7vx485tffg1158-2,143,11.981,2,7,0,1
30,1024,1024,virtex7,xc7vx485tffg1158-2,143,11.633,2,10,0,2
1,280,280,virtex7,xc7vx485tffg1158-2L,147,1.691,0,0,0,0
1,320,320,virtex7,xc7vx485tffg1158-2L,147,2.189,0,0,0,0
10,320,320,virtex7,xc7vx485tffg1158-2L,143,1.222,2,3,0,1
1,512,512,virtex7,xc7vx485tffg1158-2L,142,5.54,0,0,0,1
10,512,512,virtex7,xc7vx485tffg1158-2L,143,3.062,2,3,0,1
1,1024,1024,virtex7,xc7vx485tffg1158-2L,143,21.903,0,0,0,1
10,1024,1024,virtex7,xc7vx485tffg1158-2L,143,11.981,2,3,0,1
20,1024,1024,virtex7,xc7vx485tffg1158-2L,143,11.981,2,7,0,1
30,1024,1024,virtex7,xc7vx485tffg1158-2L,143,11.633,2,10,0,2
1,280,280,virtex7,xc7vx485tffg1158-3,157,1.691,0,0,1,0
1,320,320,virtex7,xc7vx485tffg1158-3,157,2.189,0,0,1,0
10,320,320,virtex7,xc7vx485tffg1158-3,137,1.222,2,3,2,1
1,512,512,virtex7,xc7vx485tffg1158-3,138,5.535,0,0,1,1
10,512,512,virtex7,xc7vx485tffg1158-3,137,3.062,2,3,2,1
1,1024,1024,virtex7,xc7vx485tffg1158-3,138,21.893,0,0,1,1
10,1024,1024,virtex7,xc7vx485tffg1158-3,137,11.981,2,3,2,1
20,1024,1024,virtex7,xc7vx485tffg1158-3,137,11.981,2,7,2,1
30,1024,1024,virtex7,xc7vx485tffg1158-3,137,11.633,2,9,2,2
1,280,280,virtex7,xc7vx485tffg1761-1,141,1.694,0,0,0,0
1,320,320,virtex7,xc7vx485tffg1761-1,141,2.192,0,0,0,0
10,320,320,virtex7,xc7vx485tffg1761-1,137,1.226,2,3,0,1
1,512,512,virtex7,xc7vx485tffg1761-1,138,5.545,0,0,0,1
10,512,512,virtex7,xc7vx485tffg1761-1,138,3.067,2,3,0,1
1,1024,1024,virtex7,xc7vx485tffg1761-1,138,21.914,0,0,0,1
10,1024,1024,virtex7,xc7vx485tffg1761-1,138,11.991,2,3,0,1
20,1024,1024,virtex7,xc7vx485tffg1761-1,137,11.991,2,7,0,1
30,1024,1024,virtex7,xc7vx485tffg1761-1,137,11.643,2,9,0,2
1,280,280,virtex7,xc7vx485tffg1761-2,147,1.691,0,0,0,0
1,320,320,virtex7,xc7vx485tffg1761-2,147,2.189,0,0,0,0
10,320,320,virtex7,xc7vx485tffg1761-2,143,1.222,2,3,0,1
1,512,512,virtex7,xc7vx485tffg1761-2,142,5.54,0,0,0,1
10,512,512,virtex7,xc7vx485tffg1761-2,143,3.062,2,3,0,1
1,1024,1024,virtex7,xc7vx485tffg1761-2,143,21.903,0,0,0,1
10,1024,1024,virtex7,xc7vx485tffg1761-2,143,11.981,2,3,0,1
20,1024,1024,virtex7,xc7vx485tffg1761-2,143,11.981,2,7,0,1
30,1024,1024,virtex7,xc7vx485tffg1761-2,143,11.633,2,10,0,2
1,280,280,virtex7,xc7vx485tffg1761-2L,147,1.691,0,0,0,0
1,320,320,virtex7,xc7vx485tffg1761-2L,147,2.189,0,0,0,0
10,320,320,virtex7,xc7vx485tffg1761-2L,143,1.222,2,3,0,1
1,512,512,virtex7,xc7vx485tffg1761-2L,142,5.54,0,0,0,1
10,512,512,virtex7,xc7vx485tffg1761-2L,143,3.062,2,3,0,1
1,1024,1024,virtex7,xc7vx485tffg1761-2L,143,21.903,0,0,0,1
10,1024,1024,virtex7,xc7vx485tffg1761-2L,143,11.981,2,3,0,1
20,1024,1024,virtex7,xc7vx485tffg1761-2L,143,11.981,2,7,0,1
30,1024,1024,virtex7,xc7vx485tffg1761-2L,143,11.633,2,10,0,2
1,280,280,virtex7,xc7vx485tffg1761-3,157,1.691,0,0,1,0
1,320,320,virtex7,xc7vx485tffg1761-3,157,2.189,0,0,1,0
10,320,320,virtex7,xc7vx485tffg1761-3,137,1.222,2,3,2,1
1,512,512,virtex7,xc7vx485tffg1761-3,138,5.535,0,0,1,1
10,512,512,virtex7,xc7vx485tffg1761-3,137,3.062,2,3,2,1
1,1024,1024,virtex7,xc7vx485tffg1761-3,138,21.893,0,0,1,1
10,1024,1024,virtex7,xc7vx485tffg1761-3,137,11.981,2,3,2,1
20,1024,1024,virtex7,xc7vx485tffg1761-3,137,11.981,2,7,2,1
30,1024,1024,virtex7,xc7vx485tffg1761-3,137,11.633,2,9,2,2
1,280,280,virtex7,xc7vx485tffg1927-1,141,1.694,0,0,0,0
1,320,320,virtex7,xc7vx485tffg1927-1,141,2.192,0,0,0,0
10,320,320,virtex7,xc7vx485tffg1927-1,137,1.226,2,3,0,1
1,512,512,virtex7,xc7vx485tffg1927-1,138,5.545,0,0,0,1
10,512,512,virtex7,xc7vx485tffg1927-1,138,3.067,2,3,0,1
1,1024,1024,virtex7,xc7vx485tffg1927-1,138,21.914,0,0,0,1
10,1024,1024,virtex7,xc7vx485tffg1927-1,138,11.991,2,3,0,1
1,280,280,virtex7,xc7vx485tffg1157-1,141,1.694,0,0,0,0
1,320,320,virtex7,xc7vx485tffg1157-1,141,2.192,0,0,0,0
10,320,320,virtex7,xc7vx485tffg1157-1,137,1.226,2,3,0,1
1,512,512,virtex7,xc7vx485tffg1157-1,138,5.545,0,0,0,1
10,512,512,virtex7,xc7vx485tffg1157-1,138,3.067,2,3,0,1
1,1024,1024,virtex7,xc7vx485tffg1157-1,138,21.914,0,0,0,1
10,1024,1024,virtex7,xc7vx485tffg1157-1,138,11.991,2,3,0,1
20,1024,1024,virtex7,xc7vx485tffg1157-1,137,11.991,2,7,0,1
30,1024,1024,virtex7,xc7vx485tffg1157-1,137,11.643,2,9,0,2
1,280,280,virtex7,xc7vx485tffg1157-2,147,1.691,0,0,0,0
1,320,320,virtex7,xc7vx485tffg1157-2,147,2.189,0,0,0,0
10,320,320,virtex7,xc7vx485tffg1157-2,143,1.222,2,3,0,1
1,512,512,virtex7,xc7vx485tffg1157-2,142,5.54,0,0,0,1
10,512,512,virtex7,xc7vx485tffg1157-2,143,3.062,2,3,0,1
1,1024,1024,virtex7,xc7vx485tffg1157-2,143,21.903,0,0,0,1
10,1024,1024,virtex7,xc7vx485tffg1157-2,143,11.981,2,3,0,1
20,1024,1024,virtex7,xc7vx485tffg1157-2,143,11.981,2,7,0,1
30,1024,1024,virtex7,xc7vx485tffg1157-2,143,11.633,2,10,0,2
1,280,280,virtex7,xc7vx485tffg1157-2L,147,1.691,0,0,0,0
1,320,320,virtex7,xc7vx485tffg1157-2L,147,2.189,0,0,0,0
10,320,320,virtex7,xc7vx485tffg1157-2L,143,1.222,2,3,0,1
1,512,512,virtex7,xc7vx485tffg1157-2L,142,5.54,0,0,0,1
10,512,512,virtex7,xc7vx485tffg1157-2L,143,3.062,2,3,0,1
1,1024,1024,virtex7,xc7vx485tffg1157-2L,143,21.903,0,0,0,1
10,1024,1024,virtex7,xc7vx485tffg1157-2L,143,11.981,2,3,0,1
20,1024,1024,virtex7,xc7vx485tffg1157-2L,143,11.981,2,7,0,1
30,1024,1024,virtex7,xc7vx485tffg1157-2L,143,11.633,2,10,0,2
1,280,280,virtex7,xc7vx485tffg1157-3,157,1.691,0,0,1,0
1,320,320,virtex7,xc7vx485tffg1157-3,157,2.189,0,0,1,0
10,320,320,virtex7,xc7vx485tffg1157-3,137,1.222,2,3,2,1
1,512,512,virtex7,xc7vx485tffg1157-3,138,5.535,0,0,1,1
10,512,512,virtex7,xc7vx485tffg1157-3,137,3.062,2,3,2,1
1,1024,1024,virtex7,xc7vx485tffg1157-3,138,21.893,0,0,1,1
10,1024,1024,virtex7,xc7vx485tffg1157-3,137,11.981,2,3,2,1
1,280,280,virtex7,xc7vx485tffg1927-2,147,1.691,0,0,0,0
1,320,320,virtex7,xc7vx485tffg1927-2,147,2.189,0,0,0,0
10,320,320,virtex7,xc7vx485tffg1927-2,143,1.222,2,3,0,1
1,512,512,virtex7,xc7vx485tffg1927-2,142,5.54,0,0,0,1
10,512,512,virtex7,xc7vx485tffg1927-2,143,3.062,2,3,0,1
1,1024,1024,virtex7,xc7vx485tffg1927-2,143,21.903,0,0,0,1
10,1024,1024,virtex7,xc7vx485tffg1927-2,143,11.981,2,3,0,1
20,1024,1024,virtex7,xc7vx485tffg1927-2,143,11.981,2,7,0,1
30,1024,1024,virtex7,xc7vx485tffg1927-2,143,11.633,2,10,0,2
1,280,280,virtex7,xc7vx485tffg1927-2L,147,1.691,0,0,0,0
1,320,320,virtex7,xc7vx485tffg1927-2L,147,2.189,0,0,0,0
10,320,320,virtex7,xc7vx485tffg1927-2L,143,1.222,2,3,0,1
1,512,512,virtex7,xc7vx485tffg1927-2L,142,5.54,0,0,0,1
10,512,512,virtex7,xc7vx485tffg1927-2L,143,3.062,2,3,0,1
1,1024,1024,virtex7,xc7vx485tffg1927-2L,143,21.903,0,0,0,1
10,1024,1024,virtex7,xc7vx485tffg1927-2L,143,11.981,2,3,0,1
20,1024,1024,virtex7,xc7vx485tffg1927-2L,143,11.981,2,7,0,1
30,1024,1024,virtex7,xc7vx485tffg1927-2L,143,11.633,2,10,0,2
1,280,280,virtex7,xc7vx485tffg1927-3,157,1.691,0,0,1,0
1,320,320,virtex7,xc7vx485tffg1927-3,157,2.189,0,0,1,0
10,320,320,virtex7,xc7vx485tffg1927-3,137,1.222,2,3,2,1
1,512,512,virtex7,xc7vx485tffg1927-3,138,5.535,0,0,1,1
10,512,512,virtex7,xc7vx485tffg1927-3,137,3.062,2,3,2,1
1,1024,1024,virtex7,xc7vx485tffg1927-3,138,21.893,0,0,1,1
10,1024,1024,virtex7,xc7vx485tffg1927-3,137,11.981,2,3,2,1
20,1024,1024,virtex7,xc7vx485tffg1927-3,137,11.981,2,7,2,1
30,1024,1024,virtex7,xc7vx485tffg1927-3,137,11.633,2,9,2,2
1,280,280,virtex7,xc7vx485tffg1930-1,141,1.694,0,0,0,0
1,320,320,virtex7,xc7vx485tffg1930-1,141,2.192,0,0,0,0
10,320,320,virtex7,xc7vx485tffg1930-1,137,1.226,2,3,0,1
1,512,512,virtex7,xc7vx485tffg1930-1,138,5.545,0,0,0,1
10,512,512,virtex7,xc7vx485tffg1930-1,138,3.067,2,3,0,1
1,1024,1024,virtex7,xc7vx485tffg1930-1,138,21.914,0,0,0,1
10,1024,1024,virtex7,xc7vx485tffg1930-1,138,11.991,2,3,0,1
20,1024,1024,virtex7,xc7vx485tffg1930-1,137,11.991,2,7,0,1
30,1024,1024,virtex7,xc7vx485tffg1930-1,137,11.643,2,9,0,2
1,280,280,virtex7,xc7vx485tffg1930-2,147,1.691,0,0,0,0
1,320,320,virtex7,xc7vx485tffg1930-2,147,2.189,0,0,0,0
10,320,320,virtex7,xc7vx485tffg1930-2,143,1.222,2,3,0,1
1,512,512,virtex7,xc7vx485tffg1930-2,142,5.54,0,0,0,1
10,512,512,virtex7,xc7vx485tffg1930-2,143,3.062,2,3,0,1
1,1024,1024,virtex7,xc7vx485tffg1930-2,143,21.903,0,0,0,1
10,1024,1024,virtex7,xc7vx485tffg1930-2,143,11.981,2,3,0,1
20,1024,1024,virtex7,xc7vx485tffg1930-2,143,11.981,2,7,0,1
30,1024,1024,virtex7,xc7vx485tffg1930-2,143,11.633,2,10,0,2
1,280,280,virtex7,xc7vx485tffg1930-2L,147,1.691,0,0,0,0
1,320,320,virtex7,xc7vx485tffg1930-2L,147,2.189,0,0,0,0
10,320,320,virtex7,xc7vx485tffg1930-2L,143,1.222,2,3,0,1
1,512,512,virtex7,xc7vx485tffg1930-2L,142,5.54,0,0,0,1
10,512,512,virtex7,xc7vx485tffg1930-2L,143,3.062,2,3,0,1
1,1024,1024,virtex7,xc7vx485tffg1930-2L,143,21.903,0,0,0,1
10,1024,1024,virtex7,xc7vx485tffg1930-2L,143,11.981,2,3,0,1
20,1024,1024,virtex7,xc7vx485tffg1930-2L,143,11.981,2,7,0,1
30,1024,1024,virtex7,xc7vx485tffg1930-2L,143,11.633,2,10,0,2
1,280,280,virtex7,xc7vx485tffg1930-3,157,1.691,0,0,1,0
1,320,320,virtex7,xc7vx485tffg1930-3,157,2.189,0,0,1,0
10,320,320,virtex7,xc7vx485tffg1930-3,137,1.222,2,3,2,1
1,512,512,virtex7,xc7vx485tffg1930-3,138,5.535,0,0,1,1
10,512,512,virtex7,xc7vx485tffg1930-3,137,3.062,2,3,2,1
1,1024,1024,virtex7,xc7vx485tffg1930-3,138,21.893,0,0,1,1
10,1024,1024,virtex7,xc7vx485tffg1930-3,137,11.981,2,3,2,1
20,1024,1024,virtex7,xc7vx485tffg1930-3,137,11.981,2,7,2,1
30,1024,1024,virtex7,xc7vx485tffg1930-3,137,11.633,2,9,2,2
1,280,280,virtex7,xc7vx330tffg1157-1,141,1.694,0,1,0,1
1,320,320,virtex7,xc7vx330tffg1157-1,141,2.192,0,1,0,1
10,320,320,virtex7,xc7vx330tffg1157-1,137,1.226,5,5,0,2
1,512,512,virtex7,xc7vx330tffg1157-1,138,5.545,0,0,0,1
10,512,512,virtex7,xc7vx330tffg1157-1,138,3.067,5,5,0,2
1,1024,1024,virtex7,xc7vx330tffg1157-1,138,21.914,0,1,0,1
10,1024,1024,virtex7,xc7vx330tffg1157-1,138,11.991,5,5,0,2
20,1024,1024,virtex7,xc7vx330tffg1157-1,137,11.991,5,11,0,2
30,1024,1024,virtex7,xc7vx330tffg1157-1,137,11.643,5,14,0,3
1,280,280,virtex7,xc7vx330tffg1157-2,147,1.691,0,1,0,1
1,320,320,virtex7,xc7vx330tffg1157-2,147,2.189,0,1,0,1
10,320,320,virtex7,xc7vx330tffg1157-2,143,1.222,5,5,0,2
1,512,512,virtex7,xc7vx330tffg1157-2,142,5.54,0,1,0,1
10,512,512,virtex7,xc7vx330tffg1157-2,143,3.062,5,5,0,2
1,1024,1024,virtex7,xc7vx330tffg1157-2,143,21.903,0,1,0,1
10,1024,1024,virtex7,xc7vx330tffg1157-2,143,11.981,5,5,0,2
20,1024,1024,virtex7,xc7vx330tffg1157-2,143,11.981,5,10,0,2
30,1024,1024,virtex7,xc7vx330tffg1157-2,143,11.633,5,15,0,3
1,280,280,virtex7,xc7vx330tffg1157-2L,147,1.691,0,1,0,1
1,320,320,virtex7,xc7vx330tffg1157-2L,147,2.189,0,1,0,1
10,320,320,virtex7,xc7vx330tffg1157-2L,143,1.222,5,5,0,2
1,512,512,virtex7,xc7vx330tffg1157-2L,142,5.54,0,1,0,1
10,512,512,virtex7,xc7vx330tffg1157-2L,143,3.062,5,5,0,2
1,1024,1024,virtex7,xc7vx330tffg1157-2L,143,21.903,0,1,0,1
10,1024,1024,virtex7,xc7vx330tffg1157-2L,143,11.981,5,5,0,2
20,1024,1024,virtex7,xc7vx330tffg1157-2L,143,11.981,5,10,0,2
30,1024,1024,virtex7,xc7vx330tffg1157-2L,143,11.633,5,15,0,3
1,280,280,virtex7,xc7vx330tffg1157-3,157,1.691,0,1,1,1
1,320,320,virtex7,xc7vx330tffg1157-3,157,2.189,0,1,1,1
10,320,320,virtex7,xc7vx330tffg1157-3,137,1.222,5,5,3,2
1,512,512,virtex7,xc7vx330tffg1157-3,138,5.535,0,0,1,1
10,512,512,virtex7,xc7vx330tffg1157-3,137,3.062,5,5,3,2
1,1024,1024,virtex7,xc7vx330tffg1157-3,138,21.893,0,1,1,1
10,1024,1024,virtex7,xc7vx330tffg1157-3,137,11.981,5,5,3,2
20,1024,1024,virtex7,xc7vx330tffg1157-3,137,11.981,5,11,3,2
30,1024,1024,virtex7,xc7vx330tffg1157-3,137,11.633,5,14,4,3
1,280,280,virtex7,xc7vx330tffg1761-1,141,1.694,0,1,0,1
1,320,320,virtex7,xc7vx330tffg1761-1,141,2.192,0,1,0,1
10,320,320,virtex7,xc7vx330tffg1761-1,137,1.226,5,5,0,2
1,512,512,virtex7,xc7vx330tffg1761-1,138,5.545,0,0,0,1
10,512,512,virtex7,xc7vx330tffg1761-1,138,3.067,5,5,0,2
1,1024,1024,virtex7,xc7vx330tffg1761-1,138,21.914,0,1,0,1
10,1024,1024,virtex7,xc7vx330tffg1761-1,138,11.991,5,5,0,2
20,1024,1024,virtex7,xc7vx330tffg1761-1,137,11.991,5,11,0,2
30,1024,1024,virtex7,xc7vx330tffg1761-1,137,11.643,5,14,0,3
1,280,280,virtex7,xc7vx330tffg1761-2,147,1.691,0,1,0,1
1,320,320,virtex7,xc7vx330tffg1761-2,147,2.189,0,1,0,1
10,320,320,virtex7,xc7vx330tffg1761-2,143,1.222,5,5,0,2
1,512,512,virtex7,xc7vx330tffg1761-2,142,5.54,0,1,0,1
10,512,512,virtex7,xc7vx330tffg1761-2,143,3.062,5,5,0,2
1,1024,1024,virtex7,xc7vx330tffg1761-2,143,21.903,0,1,0,1
10,1024,1024,virtex7,xc7vx330tffg1761-2,143,11.981,5,5,0,2
1,280,280,virtex7,xc7vx330tffg1761-2L,147,1.691,0,1,0,1
1,320,320,virtex7,xc7vx330tffg1761-2L,147,2.189,0,1,0,1
10,320,320,virtex7,xc7vx330tffg1761-2L,143,1.222,5,5,0,2
1,512,512,virtex7,xc7vx330tffg1761-2L,142,5.54,0,1,0,1
10,512,512,virtex7,xc7vx330tffg1761-2L,143,3.062,5,5,0,2
1,1024,1024,virtex7,xc7vx330tffg1761-2L,143,21.903,0,1,0,1
10,1024,1024,virtex7,xc7vx330tffg1761-2L,143,11.981,5,5,0,2
20,1024,1024,virtex7,xc7vx330tffg1761-2L,143,11.981,5,10,0,2
30,1024,1024,virtex7,xc7vx330tffg1761-2L,143,11.633,5,15,0,3
1,280,280,virtex7,xc7vx330tffg1761-3,157,1.691,0,1,1,1
1,320,320,virtex7,xc7vx330tffg1761-3,157,2.189,0,1,1,1
10,320,320,virtex7,xc7vx330tffg1761-3,137,1.222,5,5,3,2
1,512,512,virtex7,xc7vx330tffg1761-3,138,5.535,0,0,1,1
10,512,512,virtex7,xc7vx330tffg1761-3,137,3.062,5,5,3,2
1,1024,1024,virtex7,xc7vx330tffg1761-3,138,21.893,0,1,1,1
10,1024,1024,virtex7,xc7vx330tffg1761-3,137,11.981,5,5,3,2
20,1024,1024,virtex7,xc7vx330tffg1761-3,137,11.981,5,11,3,2
30,1024,1024,virtex7,xc7vx330tffg1761-3,137,11.633,5,14,4,3
1,280,280,virtex7,xc7vx330tffv1157-1,141,1.694,0,1,0,1
1,320,320,virtex7,xc7vx330tffv1157-1,141,2.192,0,1,0,1
10,320,320,virtex7,xc7vx330tffv1157-1,137,1.226,5,5,0,2
1,512,512,virtex7,xc7vx330tffv1157-1,138,5.545,0,0,0,1
10,512,512,virtex7,xc7vx330tffv1157-1,138,3.067,5,5,0,2
1,1024,1024,virtex7,xc7vx330tffv1157-1,138,21.914,0,1,0,1
10,1024,1024,virtex7,xc7vx330tffv1157-1,138,11.991,5,5,0,2
20,1024,1024,virtex7,xc7vx330tffv1157-1,137,11.991,5,11,0,2
30,1024,1024,virtex7,xc7vx330tffv1157-1,137,11.643,5,14,0,3
1,280,280,virtex7,xc7vx330tffv1157-2,147,1.691,0,1,0,1
1,320,320,virtex7,xc7vx330tffv1157-2,147,2.189,0,1,0,1
10,320,320,virtex7,xc7vx330tffv1157-2,143,1.222,5,5,0,2
1,512,512,virtex7,xc7vx330tffv1157-2,142,5.54,0,1,0,1
10,512,512,virtex7,xc7vx330tffv1157-2,143,3.062,5,5,0,2
1,1024,1024,virtex7,xc7vx330tffv1157-2,143,21.903,0,1,0,1
10,1024,1024,virtex7,xc7vx330tffv1157-2,143,11.981,5,5,0,2
20,1024,1024,virtex7,xc7vx330tffv1157-2,143,11.981,5,10,0,2
30,1024,1024,virtex7,xc7vx330tffv1157-2,143,11.633,5,15,0,3
1,280,280,virtex7,xc7vx330tffv1157-2L,147,1.691,0,1,0,1
1,320,320,virtex7,xc7vx330tffv1157-2L,147,2.189,0,1,0,1
10,320,320,virtex7,xc7vx330tffv1157-2L,143,1.222,5,5,0,2
1,512,512,virtex7,xc7vx330tffv1157-2L,142,5.54,0,1,0,1
10,512,512,virtex7,xc7vx330tffv1157-2L,143,3.062,5,5,0,2
1,1024,1024,virtex7,xc7vx330tffv1157-2L,143,21.903,0,1,0,1
10,1024,1024,virtex7,xc7vx330tffv1157-2L,143,11.981,5,5,0,2
20,1024,1024,virtex7,xc7vx330tffv1157-2L,143,11.981,5,10,0,2
30,1024,1024,virtex7,xc7vx330tffv1157-2L,143,11.633,5,15,0,3
1,280,280,virtex7,xc7vx330tffv1157-3,157,1.691,0,1,1,1
1,320,320,virtex7,xc7vx330tffv1157-3,157,2.189,0,1,1,1
10,320,320,virtex7,xc7vx330tffv1157-3,137,1.222,5,5,3,2
1,512,512,virtex7,xc7vx330tffv1157-3,138,5.535,0,0,1,1
10,512,512,virtex7,xc7vx330tffv1157-3,137,3.062,5,5,3,2
1,1024,1024,virtex7,xc7vx330tffv1157-3,138,21.893,0,1,1,1
10,1024,1024,virtex7,xc7vx330tffv1157-3,137,11.981,5,5,3,2
20,1024,1024,virtex7,xc7vx330tffv1157-3,137,11.981,5,11,3,2
30,1024,1024,virtex7,xc7vx330tffv1157-3,137,11.633,5,14,4,3
1,280,280,virtex7,xc7vx330tffv1761-1,141,1.694,0,1,0,1
1,320,320,virtex7,xc7vx330tffv1761-1,141,2.192,0,1,0,1
10,320,320,virtex7,xc7vx330tffv1761-1,137,1.226,5,5,0,2
1,512,512,virtex7,xc7vx330tffv1761-1,138,5.545,0,0,0,1
10,512,512,virtex7,xc7vx330tffv1761-1,138,3.067,5,5,0,2
1,1024,1024,virtex7,xc7vx330tffv1761-1,138,21.914,0,1,0,1
10,1024,1024,virtex7,xc7vx330tffv1761-1,138,11.991,5,5,0,2
20,1024,1024,virtex7,xc7vx330tffv1761-1,137,11.991,5,11,0,2
30,1024,1024,virtex7,xc7vx330tffv1761-1,137,11.643,5,14,0,3
1,280,280,virtex7,xc7vx330tffv1761-2,147,1.691,0,1,0,1
1,320,320,virtex7,xc7vx330tffv1761-2,147,2.189,0,1,0,1
10,320,320,virtex7,xc7vx330tffv1761-2,143,1.222,5,5,0,2
1,512,512,virtex7,xc7vx330tffv1761-2,142,5.54,0,1,0,1
10,512,512,virtex7,xc7vx330tffv1761-2,143,3.062,5,5,0,2
1,1024,1024,virtex7,xc7vx330tffv1761-2,143,21.903,0,1,0,1
10,1024,1024,virtex7,xc7vx330tffv1761-2,143,11.981,5,5,0,2
20,1024,1024,virtex7,xc7vx330tffv1761-2,143,11.981,5,10,0,2
30,1024,1024,virtex7,xc7vx330tffv1761-2,143,11.633,5,15,0,3
1,280,280,virtex7,xc7vx330tffv1761-2L,147,1.691,0,1,0,1
1,320,320,virtex7,xc7vx330tffv1761-2L,147,2.189,0,1,0,1
10,320,320,virtex7,xc7vx330tffv1761-2L,143,1.222,5,5,0,2
1,512,512,virtex7,xc7vx330tffv1761-2L,142,5.54,0,1,0,1
10,512,512,virtex7,xc7vx330tffv1761-2L,143,3.062,5,5,0,2
1,1024,1024,virtex7,xc7vx330tffv1761-2L,143,21.903,0,1,0,1
10,1024,1024,virtex7,xc7vx330tffv1761-2L,143,11.981,5,5,0,2
20,1024,1024,virtex7,xc7vx330tffv1761-2L,143,11.981,5,10,0,2
30,1024,1024,virtex7,xc7vx330tffv1761-2L,143,11.633,5,15,0,3
1,280,280,virtex7,xc7vx330tffv1761-3,157,1.691,0,1,1,1
1,320,320,virtex7,xc7vx330tffv1761-3,157,2.189,0,1,1,1
10,320,320,virtex7,xc7vx330tffv1761-3,137,1.222,5,5,3,2
1,512,512,virtex7,xc7vx330tffv1761-3,138,5.535,0,0,1,1
10,512,512,virtex7,xc7vx330tffv1761-3,137,3.062,5,5,3,2
1,1024,1024,virtex7,xc7vx330tffv1761-3,138,21.893,0,1,1,1
10,1024,1024,virtex7,xc7vx330tffv1761-3,137,11.981,5,5,3,2
20,1024,1024,virtex7,xc7vx330tffv1761-3,137,11.981,5,11,3,2
30,1024,1024,virtex7,xc7vx330tffv1761-3,137,11.633,5,14,4,3
1,280,280,virtex7,xc7vx415tffg1157-1,141,1.694,0,0,0,0
1,320,320,virtex7,xc7vx415tffg1157-1,141,2.192,0,0,0,0
10,320,320,virtex7,xc7vx415tffg1157-1,137,1.226,2,4,0,1
1,512,512,virtex7,xc7vx415tffg1157-1,138,5.545,0,0,0,1
10,512,512,virtex7,xc7vx415tffg1157-1,138,3.067,2,4,0,1
1,1024,1024,virtex7,xc7vx415tffg1157-1,138,21.914,0,0,0,1
10,1024,1024,virtex7,xc7vx415tffg1157-1,138,11.991,2,4,0,1
20,1024,1024,virtex7,xc7vx415tffg1157-1,137,11.991,2,8,0,1
30,1024,1024,virtex7,xc7vx415tffg1157-1,137,11.643,2,11,0,2
1,280,280,virtex7,xc7vx415tffg1157-2,147,1.691,0,0,0,0
1,320,320,virtex7,xc7vx415tffg1157-2,147,2.189,0,0,0,0
10,320,320,virtex7,xc7vx415tffg1157-2,143,1.222,2,4,0,1
1,512,512,virtex7,xc7vx415tffg1157-2,142,5.54,0,0,0,1
10,512,512,virtex7,xc7vx415tffg1157-2,143,3.062,2,4,0,1
1,1024,1024,virtex7,xc7vx415tffg1157-2,143,21.903,0,0,0,1
10,1024,1024,virtex7,xc7vx415tffg1157-2,143,11.981,2,4,0,1
20,1024,1024,virtex7,xc7vx415tffg1157-2,143,11.981,2,8,0,1
30,1024,1024,virtex7,xc7vx415tffg1157-2,143,11.633,2,12,0,2
1,280,280,virtex7,xc7vx415tffg1157-2L,147,1.691,0,0,0,0
1,320,320,virtex7,xc7vx415tffg1157-2L,147,2.189,0,0,0,0
10,320,320,virtex7,xc7vx415tffg1157-2L,143,1.222,2,4,0,1
1,512,512,virtex7,xc7vx415tffg1157-2L,142,5.54,0,0,0,1
10,512,512,virtex7,xc7vx415tffg1157-2L,143,3.062,2,4,0,1
1,1024,1024,virtex7,xc7vx415tffg1157-2L,143,21.903,0,0,0,1
10,1024,1024,virtex7,xc7vx415tffg1157-2L,143,11.981,2,4,0,1
1,280,280,virtex7,xc7vx415tffg1157-3,157,1.691,0,0,1,0
1,320,320,virtex7,xc7vx415tffg1157-3,157,2.189,0,0,1,0
10,320,320,virtex7,xc7vx415tffg1157-3,137,1.222,2,4,2,1
1,512,512,virtex7,xc7vx415tffg1157-3,138,5.535,0,0,1,1
10,512,512,virtex7,xc7vx415tffg1157-3,137,3.062,2,4,2,1
1,1024,1024,virtex7,xc7vx415tffg1157-3,138,21.893,0,0,1,1
10,1024,1024,virtex7,xc7vx415tffg1157-3,137,11.981,2,4,2,1
20,1024,1024,virtex7,xc7vx415tffg1157-3,137,11.981,2,8,2,1
30,1024,1024,virtex7,xc7vx415tffg1157-3,137,11.633,2,11,3,2
1,280,280,virtex7,xc7vx415tffg1158-1,141,1.694,0,0,0,0
1,320,320,virtex7,xc7vx415tffg1158-1,141,2.192,0,0,0,0
10,320,320,virtex7,xc7vx415tffg1158-1,137,1.226,2,4,0,1
1,512,512,virtex7,xc7vx415tffg1158-1,138,5.545,0,0,0,1
10,512,512,virtex7,xc7vx415tffg1158-1,138,3.067,2,4,0,1
1,1024,1024,virtex7,xc7vx415tffg1158-1,138,21.914,0,0,0,1
10,1024,1024,virtex7,xc7vx415tffg1158-1,138,11.991,2,4,0,1
20,1024,1024,virtex7,xc7vx415tffg1158-1,137,11.991,2,8,0,1
30,1024,1024,virtex7,xc7vx415tffg1158-1,137,11.643,2,11,0,2
1,280,280,virtex7,xc7vx415tffg1158-2,147,1.691,0,0,0,0
1,320,320,virtex7,xc7vx415tffg1158-2,147,2.189,0,0,0,0
10,320,320,virtex7,xc7vx415tffg1158-2,143,1.222,2,4,0,1
1,512,512,virtex7,xc7vx415tffg1158-2,142,5.54,0,0,0,1
10,512,512,virtex7,xc7vx415tffg1158-2,143,3.062,2,4,0,1
1,1024,1024,virtex7,xc7vx415tffg1158-2,143,21.903,0,0,0,1
10,1024,1024,virtex7,xc7vx415tffg1158-2,143,11.981,2,4,0,1
20,1024,1024,virtex7,xc7vx415tffg1158-2,143,11.981,2,8,0,1
30,1024,1024,virtex7,xc7vx415tffg1158-2,143,11.633,2,12,0,2
1,280,280,virtex7,xc7vx415tffg1158-2L,147,1.691,0,0,0,0
1,320,320,virtex7,xc7vx415tffg1158-2L,147,2.189,0,0,0,0
10,320,320,virtex7,xc7vx415tffg1158-2L,143,1.222,2,4,0,1
1,512,512,virtex7,xc7vx415tffg1158-2L,142,5.54,0,0,0,1
10,512,512,virtex7,xc7vx415tffg1158-2L,143,3.062,2,4,0,1
1,1024,1024,virtex7,xc7vx415tffg1158-2L,143,21.903,0,0,0,1
10,1024,1024,virtex7,xc7vx415tffg1158-2L,143,11.981,2,4,0,1
20,1024,1024,virtex7,xc7vx415tffg1158-2L,143,11.981,2,8,0,1
30,1024,1024,virtex7,xc7vx415tffg1158-2L,143,11.633,2,12,0,2
1,280,280,virtex7,xc7vx415tffg1158-3,157,1.691,0,0,1,0
1,320,320,virtex7,xc7vx415tffg1158-3,157,2.189,0,0,1,0
10,320,320,virtex7,xc7vx415tffg1158-3,137,1.222,2,4,2,1
1,512,512,virtex7,xc7vx415tffg1158-3,138,5.535,0,0,1,1
10,512,512,virtex7,xc7vx415tffg1158-3,137,3.062,2,4,2,1
1,1024,1024,virtex7,xc7vx415tffg1158-3,138,21.893,0,0,1,1
10,1024,1024,virtex7,xc7vx415tffg1158-3,137,11.981,2,4,2,1
20,1024,1024,virtex7,xc7vx415tffg1158-3,137,11.981,2,8,2,1
30,1024,1024,virtex7,xc7vx415tffg1158-3,137,11.633,2,11,3,2
1,280,280,virtex7,xc7vx415tffg1927-1,141,1.694,0,0,0,0
1,320,320,virtex7,xc7vx415tffg1927-1,141,2.192,0,0,0,0
10,320,320,virtex7,xc7vx415tffg1927-1,137,1.226,2,4,0,1
1,512,512,virtex7,xc7vx415tffg1927-1,138,5.545,0,0,0,1
10,512,512,virtex7,xc7vx415tffg1927-1,138,3.067,2,4,0,1
1,1024,1024,virtex7,xc7vx415tffg1927-1,138,21.914,0,0,0,1
10,1024,1024,virtex7,xc7vx415tffg1927-1,138,11.991,2,4,0,1
20,1024,1024,virtex7,xc7vx415tffg1927-1,137,11.991,2,8,0,1
30,1024,1024,virtex7,xc7vx415tffg1927-1,137,11.643,2,11,0,2
1,280,280,virtex7,xc7vx415tffg1927-2,147,1.691,0,0,0,0
1,320,320,virtex7,xc7vx415tffg1927-2,147,2.189,0,0,0,0
10,320,320,virtex7,xc7vx415tffg1927-2,143,1.222,2,4,0,1
1,512,512,virtex7,xc7vx415tffg1927-2,142,5.54,0,0,0,1
10,512,512,virtex7,xc7vx415tffg1927-2,143,3.062,2,4,0,1
1,1024,1024,virtex7,xc7vx415tffg1927-2,143,21.903,0,0,0,1
10,1024,1024,virtex7,xc7vx415tffg1927-2,143,11.981,2,4,0,1
20,1024,1024,virtex7,xc7vx415tffg1927-2,143,11.981,2,8,0,1
30,1024,1024,virtex7,xc7vx415tffg1927-2,143,11.633,2,12,0,2
1,280,280,virtex7,xc7vx415tffg1927-2L,147,1.691,0,0,0,0
1,320,320,virtex7,xc7vx415tffg1927-2L,147,2.189,0,0,0,0
10,320,320,virtex7,xc7vx415tffg1927-2L,143,1.222,2,4,0,1
1,512,512,virtex7,xc7vx415tffg1927-2L,142,5.54,0,0,0,1
10,512,512,virtex7,xc7vx415tffg1927-2L,143,3.062,2,4,0,1
1,1024,1024,virtex7,xc7vx415tffg1927-2L,143,21.903,0,0,0,1
10,1024,1024,virtex7,xc7vx415tffg1927-2L,143,11.981,2,4,0,1
20,1024,1024,virtex7,xc7vx415tffg1927-2L,143,11.981,2,8,0,1
30,1024,1024,virtex7,xc7vx415tffg1927-2L,143,11.633,2,12,0,2
1,280,280,virtex7,xc7vx415tffg1927-3,157,1.691,0,0,1,0
1,320,320,virtex7,xc7vx415tffg1927-3,157,2.189,0,0,1,0
10,320,320,virtex7,xc7vx415tffg1927-3,137,1.222,2,4,2,1
1,512,512,virtex7,xc7vx415tffg1927-3,138,5.535,0,0,1,1
10,512,512,virtex7,xc7vx415tffg1927-3,137,3.062,2,4,2,1
1,1024,1024,virtex7,xc7vx415tffg1927-3,138,21.893,0,0,1,1
10,1024,1024,virtex7,xc7vx415tffg1927-3,137,11.981,2,4,2,1
20,1024,1024,virtex7,xc7vx415tffg1927-3,137,11.981,2,8,2,1
30,1024,1024,virtex7,xc7vx415tffg1927-3,137,11.633,2,11,3,2
1,280,280,virtex7,xc7vx415tffv1157-1,141,1.694,0,0,0,0
1,320,320,virtex7,xc7vx415tffv1157-1,141,2.192,0,0,0,0
10,320,320,virtex7,xc7vx415tffv1157-1,137,1.226,2,4,0,1
1,512,512,virtex7,xc7vx415tffv1157-1,138,5.545,0,0,0,1
10,512,512,virtex7,xc7vx415tffv1157-1,138,3.067,2,4,0,1
1,1024,1024,virtex7,xc7vx415tffv1157-1,138,21.914,0,0,0,1
10,1024,1024,virtex7,xc7vx415tffv1157-1,138,11.991,2,4,0,1
20,1024,1024,virtex7,xc7vx415tffv1157-1,137,11.991,2,8,0,1
30,1024,1024,virtex7,xc7vx415tffv1157-1,137,11.643,2,11,0,2
1,280,280,virtex7,xc7vx415tffv1157-2,147,1.691,0,0,0,0
1,320,320,virtex7,xc7vx415tffv1157-2,147,2.189,0,0,0,0
10,320,320,virtex7,xc7vx415tffv1157-2,143,1.222,2,4,0,1
1,512,512,virtex7,xc7vx415tffv1157-2,142,5.54,0,0,0,1
10,512,512,virtex7,xc7vx415tffv1157-2,143,3.062,2,4,0,1
1,1024,1024,virtex7,xc7vx415tffv1157-2,143,21.903,0,0,0,1
10,1024,1024,virtex7,xc7vx415tffv1157-2,143,11.981,2,4,0,1
20,1024,1024,virtex7,xc7vx415tffv1157-2,143,11.981,2,8,0,1
30,1024,1024,virtex7,xc7vx415tffv1157-2,143,11.633,2,12,0,2
1,280,280,virtex7,xc7vx415tffv1157-2L,147,1.691,0,0,0,0
1,320,320,virtex7,xc7vx415tffv1157-2L,147,2.189,0,0,0,0
10,320,320,virtex7,xc7vx415tffv1157-2L,143,1.222,2,4,0,1
1,512,512,virtex7,xc7vx415tffv1157-2L,142,5.54,0,0,0,1
10,512,512,virtex7,xc7vx415tffv1157-2L,143,3.062,2,4,0,1
1,1024,1024,virtex7,xc7vx415tffv1157-2L,143,21.903,0,0,0,1
10,1024,1024,virtex7,xc7vx415tffv1157-2L,143,11.981,2,4,0,1
20,1024,1024,virtex7,xc7vx415tffv1157-2L,143,11.981,2,8,0,1
30,1024,1024,virtex7,xc7vx415tffv1157-2L,143,11.633,2,12,0,2
1,280,280,virtex7,xc7vx415tffv1157-3,157,1.691,0,0,1,0
1,320,320,virtex7,xc7vx415tffv1157-3,157,2.189,0,0,1,0
10,320,320,virtex7,xc7vx415tffv1157-3,137,1.222,2,4,2,1
1,512,512,virtex7,xc7vx415tffv1157-3,138,5.535,0,0,1,1
10,512,512,virtex7,xc7vx415tffv1157-3,137,3.062,2,4,2,1
1,1024,1024,virtex7,xc7vx415tffv1157-3,138,21.893,0,0,1,1
10,1024,1024,virtex7,xc7vx415tffv1157-3,137,11.981,2,4,2,1
1,280,280,virtex7,xc7vx415tffv1158-1,141,1.694,0,0,0,0
1,320,320,virtex7,xc7vx415tffv1158-1,141,2.192,0,0,0,0
10,320,320,virtex7,xc7vx415tffv1158-1,137,1.226,2,4,0,1
1,512,512,virtex7,xc7vx415tffv1158-1,138,5.545,0,0,0,1
10,512,512,virtex7,xc7vx415tffv1158-1,138,3.067,2,4,0,1
1,1024,1024,virtex7,xc7vx415tffv1158-1,138,21.914,0,0,0,1
10,1024,1024,virtex7,xc7vx415tffv1158-1,138,11.991,2,4,0,1
20,1024,1024,virtex7,xc7vx415tffv1158-1,137,11.991,2,8,0,1
30,1024,1024,virtex7,xc7vx415tffv1158-1,137,11.643,2,11,0,2
1,280,280,virtex7,xc7vx415tffv1158-2,147,1.691,0,0,0,0
1,320,320,virtex7,xc7vx415tffv1158-2,147,2.189,0,0,0,0
10,320,320,virtex7,xc7vx415tffv1158-2,143,1.222,2,4,0,1
1,512,512,virtex7,xc7vx415tffv1158-2,142,5.54,0,0,0,1
10,512,512,virtex7,xc7vx415tffv1158-2,143,3.062,2,4,0,1
1,1024,1024,virtex7,xc7vx415tffv1158-2,143,21.903,0,0,0,1
10,1024,1024,virtex7,xc7vx415tffv1158-2,143,11.981,2,4,0,1
20,1024,1024,virtex7,xc7vx415tffv1158-2,143,11.981,2,8,0,1
30,1024,1024,virtex7,xc7vx415tffv1158-2,143,11.633,2,12,0,2
1,280,280,virtex7,xc7vx415tffv1158-2L,147,1.691,0,0,0,0
1,320,320,virtex7,xc7vx415tffv1158-2L,147,2.189,0,0,0,0
10,320,320,virtex7,xc7vx415tffv1158-2L,143,1.222,2,4,0,1
1,512,512,virtex7,xc7vx415tffv1158-2L,142,5.54,0,0,0,1
10,512,512,virtex7,xc7vx415tffv1158-2L,143,3.062,2,4,0,1
1,1024,1024,virtex7,xc7vx415tffv1158-2L,143,21.903,0,0,0,1
10,1024,1024,virtex7,xc7vx415tffv1158-2L,143,11.981,2,4,0,1
20,1024,1024,virtex7,xc7vx415tffv1158-2L,143,11.981,2,8,0,1
30,1024,1024,virtex7,xc7vx415tffv1158-2L,143,11.633,2,12,0,2
1,280,280,virtex7,xc7vx415tffv1158-3,157,1.691,0,0,1,0
1,320,320,virtex7,xc7vx415tffv1158-3,157,2.189,0,0,1,0
10,320,320,virtex7,xc7vx415tffv1158-3,137,1.222,2,4,2,1
1,512,512,virtex7,xc7vx415tffv1158-3,138,5.535,0,0,1,1
10,512,512,virtex7,xc7vx415tffv1158-3,137,3.062,2,4,2,1
1,1024,1024,virtex7,xc7vx415tffv1158-3,138,21.893,0,0,1,1
10,1024,1024,virtex7,xc7vx415tffv1158-3,137,11.981,2,4,2,1
20,1024,1024,virtex7,xc7vx415tffv1158-3,137,11.981,2,8,2,1
30,1024,1024,virtex7,xc7vx415tffv1158-3,137,11.633,2,11,3,2
1,280,280,virtex7,xc7vx415tffv1927-1,141,1.694,0,0,0,0
1,320,320,virtex7,xc7vx415tffv1927-1,141,2.192,0,0,0,0
10,320,320,virtex7,xc7vx415tffv1927-1,137,1.226,2,4,0,1
1,512,512,virtex7,xc7vx415tffv1927-1,138,5.545,0,0,0,1
10,512,512,virtex7,xc7vx415tffv1927-1,138,3.067,2,4,0,1
1,1024,1024,virtex7,xc7vx415tffv1927-1,138,21.914,0,0,0,1
10,1024,1024,virtex7,xc7vx415tffv1927-1,138,11.991,2,4,0,1
20,1024,1024,virtex7,xc7vx415tffv1927-1,137,11.991,2,8,0,1
30,1024,1024,virtex7,xc7vx415tffv1927-1,137,11.643,2,11,0,2
1,280,280,virtex7,xc7vx415tffv1927-2,147,1.691,0,0,0,0
1,320,320,virtex7,xc7vx415tffv1927-2,147,2.189,0,0,0,0
10,320,320,virtex7,xc7vx415tffv1927-2,143,1.222,2,4,0,1
1,512,512,virtex7,xc7vx415tffv1927-2,142,5.54,0,0,0,1
10,512,512,virtex7,xc7vx415tffv1927-2,143,3.062,2,4,0,1
1,1024,1024,virtex7,xc7vx415tffv1927-2,143,21.903,0,0,0,1
10,1024,1024,virtex7,xc7vx415tffv1927-2,143,11.981,2,4,0,1
20,1024,1024,virtex7,xc7vx415tffv1927-2,143,11.981,2,8,0,1
30,1024,1024,virtex7,xc7vx415tffv1927-2,143,11.633,2,12,0,2
1,280,280,virtex7,xc7vx415tffv1927-2L,147,1.691,0,0,0,0
1,320,320,virtex7,xc7vx415tffv1927-2L,147,2.189,0,0,0,0
10,320,320,virtex7,xc7vx415tffv1927-2L,143,1.222,2,4,0,1
1,512,512,virtex7,xc7vx415tffv1927-2L,142,5.54,0,0,0,1
10,512,512,virtex7,xc7vx415tffv1927-2L,143,3.062,2,4,0,1
1,1024,1024,virtex7,xc7vx415tffv1927-2L,143,21.903,0,0,0,1
10,1024,1024,virtex7,xc7vx415tffv1927-2L,143,11.981,2,4,0,1
20,1024,1024,virtex7,xc7vx415tffv1927-2L,143,11.981,2,8,0,1
30,1024,1024,virtex7,xc7vx415tffv1927-2L,143,11.633,2,12,0,2
1,280,280,virtex7,xc7vx415tffv1927-3,157,1.691,0,0,1,0
1,320,320,virtex7,xc7vx415tffv1927-3,157,2.189,0,0,1,0
10,320,320,virtex7,xc7vx415tffv1927-3,137,1.222,2,4,2,1
1,512,512,virtex7,xc7vx415tffv1927-3,138,5.535,0,0,1,1
10,512,512,virtex7,xc7vx415tffv1927-3,137,3.062,2,4,2,1
1,1024,1024,virtex7,xc7vx415tffv1927-3,138,21.893,0,0,1,1
10,1024,1024,virtex7,xc7vx415tffv1927-3,137,11.981,2,4,2,1
20,1024,1024,virtex7,xc7vx415tffv1927-3,137,11.981,2,8,2,1
30,1024,1024,virtex7,xc7vx415tffv1927-3,137,11.633,2,11,3,2
1,280,280,virtex7,xc7vx415t_CIVffg1157-2,147,1.691,0,0,0,0
1,320,320,virtex7,xc7vx415t_CIVffg1157-2,147,2.189,0,0,0,0
10,320,320,virtex7,xc7vx415t_CIVffg1157-2,143,1.222,2,4,0,1
1,512,512,virtex7,xc7vx415t_CIVffg1157-2,142,5.54,0,0,0,1
10,512,512,virtex7,xc7vx415t_CIVffg1157-2,143,3.062,2,4,0,1
1,1024,1024,virtex7,xc7vx415t_CIVffg1157-2,143,21.903,0,0,0,1
10,1024,1024,virtex7,xc7vx415t_CIVffg1157-2,143,11.981,2,4,0,1
20,1024,1024,virtex7,xc7vx415t_CIVffg1157-2,143,11.981,2,8,0,1
30,1024,1024,virtex7,xc7vx415t_CIVffg1157-2,143,11.633,2,12,0,2
1,280,280,virtex7,xc7vx415t_CIVffg1157-2L,147,1.691,0,0,0,0
1,320,320,virtex7,xc7vx415t_CIVffg1157-2L,147,2.189,0,0,0,0
10,320,320,virtex7,xc7vx415t_CIVffg1157-2L,143,1.222,2,4,0,1
1,512,512,virtex7,xc7vx415t_CIVffg1157-2L,142,5.54,0,0,0,1
10,512,512,virtex7,xc7vx415t_CIVffg1157-2L,143,3.062,2,4,0,1
1,1024,1024,virtex7,xc7vx415t_CIVffg1157-2L,143,21.903,0,0,0,1
10,1024,1024,virtex7,xc7vx415t_CIVffg1157-2L,143,11.981,2,4,0,1
20,1024,1024,virtex7,xc7vx415t_CIVffg1157-2L,143,11.981,2,8,0,1
30,1024,1024,virtex7,xc7vx415t_CIVffg1157-2L,143,11.633,2,12,0,2
1,280,280,virtex7,xc7vx415t_CIVffg1157-3,157,1.691,0,0,1,0
1,320,320,virtex7,xc7vx415t_CIVffg1157-3,157,2.189,0,0,1,0
10,320,320,virtex7,xc7vx415t_CIVffg1157-3,137,1.222,2,4,2,1
1,512,512,virtex7,xc7vx415t_CIVffg1157-3,138,5.535,0,0,1,1
10,512,512,virtex7,xc7vx415t_CIVffg1157-3,137,3.062,2,4,2,1
1,1024,1024,virtex7,xc7vx415t_CIVffg1157-3,138,21.893,0,0,1,1
10,1024,1024,virtex7,xc7vx415t_CIVffg1157-3,137,11.981,2,4,2,1
20,1024,1024,virtex7,xc7vx415t_CIVffg1157-3,137,11.981,2,8,2,1
30,1024,1024,virtex7,xc7vx415t_CIVffg1157-3,137,11.633,2,11,3,2
1,280,280,virtex7,xc7vx415t_CIVffg1158-2,147,1.691,0,0,0,0
1,320,320,virtex7,xc7vx415t_CIVffg1158-2,147,2.189,0,0,0,0
10,320,320,virtex7,xc7vx415t_CIVffg1158-2,143,1.222,2,4,0,1
1,512,512,virtex7,xc7vx415t_CIVffg1158-2,142,5.54,0,0,0,1
10,512,512,virtex7,xc7vx415t_CIVffg1158-2,143,3.062,2,4,0,1
1,1024,1024,virtex7,xc7vx415t_CIVffg1158-2,143,21.903,0,0,0,1
10,1024,1024,virtex7,xc7vx415t_CIVffg1158-2,143,11.981,2,4,0,1
20,1024,1024,virtex7,xc7vx415t_CIVffg1158-2,143,11.981,2,8,0,1
30,1024,1024,virtex7,xc7vx415t_CIVffg1158-2,143,11.633,2,12,0,2
1,280,280,virtex7,xc7vx415t_CIVffg1158-2L,147,1.691,0,0,0,0
1,320,320,virtex7,xc7vx415t_CIVffg1158-2L,147,2.189,0,0,0,0
10,320,320,virtex7,xc7vx415t_CIVffg1158-2L,143,1.222,2,4,0,1
1,512,512,virtex7,xc7vx415t_CIVffg1158-2L,142,5.54,0,0,0,1
10,512,512,virtex7,xc7vx415t_CIVffg1158-2L,143,3.062,2,4,0,1
1,1024,1024,virtex7,xc7vx415t_CIVffg1158-2L,143,21.903,0,0,0,1
10,1024,1024,virtex7,xc7vx415t_CIVffg1158-2L,143,11.981,2,4,0,1
1,280,280,virtex7,xc7vx415t_CIVffg1158-3,157,1.691,0,0,1,0
1,320,320,virtex7,xc7vx415t_CIVffg1158-3,157,2.189,0,0,1,0
10,320,320,virtex7,xc7vx415t_CIVffg1158-3,137,1.222,2,4,2,1
1,512,512,virtex7,xc7vx415t_CIVffg1158-3,138,5.535,0,0,1,1
10,512,512,virtex7,xc7vx415t_CIVffg1158-3,137,3.062,2,4,2,1
1,1024,1024,virtex7,xc7vx415t_CIVffg1158-3,138,21.893,0,0,1,1
10,1024,1024,virtex7,xc7vx415t_CIVffg1158-3,137,11.981,2,4,2,1
20,1024,1024,virtex7,xc7vx415t_CIVffg1158-3,137,11.981,2,8,2,1
30,1024,1024,virtex7,xc7vx415t_CIVffg1158-3,137,11.633,2,11,3,2
1,280,280,virtex7,xc7vx415t_CIVffg1927-2,147,1.691,0,0,0,0
1,320,320,virtex7,xc7vx415t_CIVffg1927-2,147,2.189,0,0,0,0
10,320,320,virtex7,xc7vx415t_CIVffg1927-2,143,1.222,2,4,0,1
1,512,512,virtex7,xc7vx415t_CIVffg1927-2,142,5.54,0,0,0,1
10,512,512,virtex7,xc7vx415t_CIVffg1927-2,143,3.062,2,4,0,1
1,1024,1024,virtex7,xc7vx415t_CIVffg1927-2,143,21.903,0,0,0,1
10,1024,1024,virtex7,xc7vx415t_CIVffg1927-2,143,11.981,2,4,0,1
20,1024,1024,virtex7,xc7vx415t_CIVffg1927-2,143,11.981,2,8,0,1
30,1024,1024,virtex7,xc7vx415t_CIVffg1927-2,143,11.633,2,12,0,2
1,280,280,virtex7,xc7vx415t_CIVffg1927-2L,147,1.691,0,0,0,0
1,320,320,virtex7,xc7vx415t_CIVffg1927-2L,147,2.189,0,0,0,0
10,320,320,virtex7,xc7vx415t_CIVffg1927-2L,143,1.222,2,4,0,1
1,512,512,virtex7,xc7vx415t_CIVffg1927-2L,142,5.54,0,0,0,1
10,512,512,virtex7,xc7vx415t_CIVffg1927-2L,143,3.062,2,4,0,1
1,1024,1024,virtex7,xc7vx415t_CIVffg1927-2L,143,21.903,0,0,0,1
10,1024,1024,virtex7,xc7vx415t_CIVffg1927-2L,143,11.981,2,4,0,1
20,1024,1024,virtex7,xc7vx415t_CIVffg1927-2L,143,11.981,2,8,0,1
30,1024,1024,virtex7,xc7vx415t_CIVffg1927-2L,143,11.633,2,12,0,2
1,280,280,virtex7,xc7vx415t_CIVffg1927-3,157,1.691,0,0,1,0
1,320,320,virtex7,xc7vx415t_CIVffg1927-3,157,2.189,0,0,1,0
10,320,320,virtex7,xc7vx415t_CIVffg1927-3,137,1.222,2,4,2,1
1,512,512,virtex7,xc7vx415t_CIVffg1927-3,138,5.535,0,0,1,1
10,512,512,virtex7,xc7vx415t_CIVffg1927-3,137,3.062,2,4,2,1
1,1024,1024,virtex7,xc7vx415t_CIVffg1927-3,138,21.893,0,0,1,1
10,1024,1024,virtex7,xc7vx415t_CIVffg1927-3,137,11.981,2,4,2,1
20,1024,1024,virtex7,xc7vx415t_CIVffg1927-3,137,11.981,2,8,2,1
30,1024,1024,virtex7,xc7vx415t_CIVffg1927-3,137,11.633,2,11,3,2
1,280,280,virtex7,xc7vx415t_CIVffv1157-2,147,1.691,0,0,0,0
1,320,320,virtex7,xc7vx415t_CIVffv1157-2,147,2.189,0,0,0,0
10,320,320,virtex7,xc7vx415t_CIVffv1157-2,143,1.222,2,4,0,1
1,512,512,virtex7,xc7vx415t_CIVffv1157-2,142,5.54,0,0,0,1
10,512,512,virtex7,xc7vx415t_CIVffv1157-2,143,3.062,2,4,0,1
1,1024,1024,virtex7,xc7vx415t_CIVffv1157-2,143,21.903,0,0,0,1
10,1024,1024,virtex7,xc7vx415t_CIVffv1157-2,143,11.981,2,4,0,1
20,1024,1024,virtex7,xc7vx415t_CIVffv1157-2,143,11.981,2,8,0,1
30,1024,1024,virtex7,xc7vx415t_CIVffv1157-2,143,11.633,2,12,0,2
1,280,280,virtex7,xc7vx415t_CIVffv1157-2L,147,1.691,0,0,0,0
1,320,320,virtex7,xc7vx415t_CIVffv1157-2L,147,2.189,0,0,0,0
10,320,320,virtex7,xc7vx415t_CIVffv1157-2L,143,1.222,2,4,0,1
1,512,512,virtex7,xc7vx415t_CIVffv1157-2L,142,5.54,0,0,0,1
10,512,512,virtex7,xc7vx415t_CIVffv1157-2L,143,3.062,2,4,0,1
1,1024,1024,virtex7,xc7vx415t_CIVffv1157-2L,143,21.903,0,0,0,1
10,1024,1024,virtex7,xc7vx415t_CIVffv1157-2L,143,11.981,2,4,0,1
20,1024,1024,virtex7,xc7vx415t_CIVffv1157-2L,143,11.981,2,8,0,1
30,1024,1024,virtex7,xc7vx415t_CIVffv1157-2L,143,11.633,2,12,0,2
1,280,280,virtex7,xc7vx415t_CIVffv1157-3,157,1.691,0,0,1,0
1,320,320,virtex7,xc7vx415t_CIVffv1157-3,157,2.189,0,0,1,0
10,320,320,virtex7,xc7vx415t_CIVffv1157-3,137,1.222,2,4,2,1
1,512,512,virtex7,xc7vx415t_CIVffv1157-3,138,5.535,0,0,1,1
10,512,512,virtex7,xc7vx415t_CIVffv1157-3,137,3.062,2,4,2,1
1,1024,1024,virtex7,xc7vx415t_CIVffv1157-3,138,21.893,0,0,1,1
10,1024,1024,virtex7,xc7vx415t_CIVffv1157-3,137,11.981,2,4,2,1
20,1024,1024,virtex7,xc7vx415t_CIVffv1157-3,137,11.981,2,8,2,1
30,1024,1024,virtex7,xc7vx415t_CIVffv1157-3,137,11.633,2,11,3,2
1,280,280,virtex7,xc7vx415t_CIVffv1158-2,147,1.691,0,0,0,0
1,320,320,virtex7,xc7vx415t_CIVffv1158-2,147,2.189,0,0,0,0
10,320,320,virtex7,xc7vx415t_CIVffv1158-2,143,1.222,2,4,0,1
1,512,512,virtex7,xc7vx415t_CIVffv1158-2,142,5.54,0,0,0,1
10,512,512,virtex7,xc7vx415t_CIVffv1158-2,143,3.062,2,4,0,1
1,1024,1024,virtex7,xc7vx415t_CIVffv1158-2,143,21.903,0,0,0,1
10,1024,1024,virtex7,xc7vx415t_CIVffv1158-2,143,11.981,2,4,0,1
20,1024,1024,virtex7,xc7vx415t_CIVffv1158-2,143,11.981,2,8,0,1
30,1024,1024,virtex7,xc7vx415t_CIVffv1158-2,143,11.633,2,12,0,2
1,280,280,virtex7,xc7vx415t_CIVffv1158-2L,147,1.691,0,0,0,0
1,320,320,virtex7,xc7vx415t_CIVffv1158-2L,147,2.189,0,0,0,0
10,320,320,virtex7,xc7vx415t_CIVffv1158-2L,143,1.222,2,4,0,1
1,512,512,virtex7,xc7vx415t_CIVffv1158-2L,142,5.54,0,0,0,1
10,512,512,virtex7,xc7vx415t_CIVffv1158-2L,143,3.062,2,4,0,1
1,1024,1024,virtex7,xc7vx415t_CIVffv1158-2L,143,21.903,0,0,0,1
10,1024,1024,virtex7,xc7vx415t_CIVffv1158-2L,143,11.981,2,4,0,1
20,1024,1024,virtex7,xc7vx415t_CIVffv1158-2L,143,11.981,2,8,0,1
30,1024,1024,virtex7,xc7vx415t_CIVffv1158-2L,143,11.633,2,12,0,2
1,280,280,virtex7,xc7vx415t_CIVffv1158-3,157,1.691,0,0,1,0
1,320,320,virtex7,xc7vx415t_CIVffv1158-3,157,2.189,0,0,1,0
10,320,320,virtex7,xc7vx415t_CIVffv1158-3,137,1.222,2,4,2,1
1,512,512,virtex7,xc7vx415t_CIVffv1158-3,138,5.535,0,0,1,1
10,512,512,virtex7,xc7vx415t_CIVffv1158-3,137,3.062,2,4,2,1
1,1024,1024,virtex7,xc7vx415t_CIVffv1158-3,138,21.893,0,0,1,1
10,1024,1024,virtex7,xc7vx415t_CIVffv1158-3,137,11.981,2,4,2,1
20,1024,1024,virtex7,xc7vx415t_CIVffv1158-3,137,11.981,2,8,2,1
30,1024,1024,virtex7,xc7vx415t_CIVffv1158-3,137,11.633,2,11,3,2
1,280,280,virtex7,xc7vx415t_CIVffv1927-2,147,1.691,0,0,0,0
1,320,320,virtex7,xc7vx415t_CIVffv1927-2,147,2.189,0,0,0,0
10,320,320,virtex7,xc7vx415t_CIVffv1927-2,143,1.222,2,4,0,1
1,512,512,virtex7,xc7vx415t_CIVffv1927-2,142,5.54,0,0,0,1
10,512,512,virtex7,xc7vx415t_CIVffv1927-2,143,3.062,2,4,0,1
1,1024,1024,virtex7,xc7vx415t_CIVffv1927-2,143,21.903,0,0,0,1
10,1024,1024,virtex7,xc7vx415t_CIVffv1927-2,143,11.981,2,4,0,1
20,1024,1024,virtex7,xc7vx415t_CIVffv1927-2,143,11.981,2,8,0,1
30,1024,1024,virtex7,xc7vx415t_CIVffv1927-2,143,11.633,2,12,0,2
1,280,280,virtex7,xc7vx415t_CIVffv1927-2L,147,1.691,0,0,0,0
1,320,320,virtex7,xc7vx415t_CIVffv1927-2L,147,2.189,0,0,0,0
10,320,320,virtex7,xc7vx415t_CIVffv1927-2L,143,1.222,2,4,0,1
1,512,512,virtex7,xc7vx415t_CIVffv1927-2L,142,5.54,0,0,0,1
10,512,512,virtex7,xc7vx415t_CIVffv1927-2L,143,3.062,2,4,0,1
1,1024,1024,virtex7,xc7vx415t_CIVffv1927-2L,143,21.903,0,0,0,1
10,1024,1024,virtex7,xc7vx415t_CIVffv1927-2L,143,11.981,2,4,0,1
20,1024,1024,virtex7,xc7vx415t_CIVffv1927-2L,143,11.981,2,8,0,1
30,1024,1024,virtex7,xc7vx415t_CIVffv1927-2L,143,11.633,2,12,0,2
1,280,280,virtex7,xc7vx415t_CIVffv1927-3,157,1.691,0,0,1,0
1,320,320,virtex7,xc7vx415t_CIVffv1927-3,157,2.189,0,0,1,0
10,320,320,virtex7,xc7vx415t_CIVffv1927-3,137,1.222,2,4,2,1
1,512,512,virtex7,xc7vx415t_CIVffv1927-3,138,5.535,0,0,1,1
10,512,512,virtex7,xc7vx415t_CIVffv1927-3,137,3.062,2,4,2,1
1,1024,1024,virtex7,xc7vx415t_CIVffv1927-3,138,21.893,0,0,1,1
10,1024,1024,virtex7,xc7vx415t_CIVffv1927-3,137,11.981,2,4,2,1
1,280,280,virtex7,xc7v585tffg1761-1,141,1.694,0,0,0,1
1,320,320,virtex7,xc7v585tffg1761-1,141,2.192,0,0,0,1
10,320,320,virtex7,xc7v585tffg1761-1,137,1.226,4,3,0,2
1,512,512,virtex7,xc7v585tffg1761-1,138,5.545,0,0,0,1
10,512,512,virtex7,xc7v585tffg1761-1,138,3.067,4,3,0,2
1,1024,1024,virtex7,xc7v585tffg1761-1,138,21.914,0,0,0,1
10,1024,1024,virtex7,xc7v585tffg1761-1,138,11.991,4,3,0,2
20,1024,1024,virtex7,xc7v585tffg1761-1,137,11.991,4,6,0,1
30,1024,1024,virtex7,xc7v585tffg1761-1,137,11.643,4,8,0,2
1,280,280,virtex7,xc7v585tffg1761-2,147,1.691,0,0,0,1
1,320,320,virtex7,xc7v585tffg1761-2,147,2.189,0,0,0,1
10,320,320,virtex7,xc7v585tffg1761-2,143,1.222,4,3,0,2
1,512,512,virtex7,xc7v585tffg1761-2,142,5.54,0,0,0,1
10,512,512,virtex7,xc7v585tffg1761-2,143,3.062,4,3,0,2
1,1024,1024,virtex7,xc7v585tffg1761-2,143,21.903,0,0,0,1
10,1024,1024,virtex7,xc7v585tffg1761-2,143,11.981,4,3,0,2
20,1024,1024,virtex7,xc7v585tffg1761-2,143,11.981,4,6,0,1
30,1024,1024,virtex7,xc7v585tffg1761-2,143,11.633,4,8,0,2
1,280,280,virtex7,xc7v585tffg1761-2L,147,1.691,0,0,0,1
1,320,320,virtex7,xc7v585tffg1761-2L,147,2.189,0,0,0,1
10,320,320,virtex7,xc7v585tffg1761-2L,143,1.222,4,3,0,2
1,512,512,virtex7,xc7v585tffg1761-2L,142,5.54,0,0,0,1
10,512,512,virtex7,xc7v585tffg1761-2L,143,3.062,4,3,0,2
1,1024,1024,virtex7,xc7v585tffg1761-2L,143,21.903,0,0,0,1
10,1024,1024,virtex7,xc7v585tffg1761-2L,143,11.981,4,3,0,2
20,1024,1024,virtex7,xc7v585tffg1761-2L,143,11.981,4,6,0,1
30,1024,1024,virtex7,xc7v585tffg1761-2L,143,11.633,4,8,0,2
1,280,280,virtex7,xc7v585tffg1761-3,157,1.691,0,0,0,1
1,320,320,virtex7,xc7v585tffg1761-3,157,2.189,0,0,0,1
10,320,320,virtex7,xc7v585tffg1761-3,137,1.222,4,3,1,2
1,512,512,virtex7,xc7v585tffg1761-3,138,5.535,0,0,0,1
10,512,512,virtex7,xc7v585tffg1761-3,137,3.062,4,3,1,2
1,1024,1024,virtex7,xc7v585tffg1761-3,138,21.893,0,0,0,1
10,1024,1024,virtex7,xc7v585tffg1761-3,137,11.981,4,3,1,2
20,1024,1024,virtex7,xc7v585tffg1761-3,137,11.981,4,6,1,1
30,1024,1024,virtex7,xc7v585tffg1761-3,137,11.633,4,8,2,2
1,280,280,virtex7,xc7v585tffg1157-1,141,1.694,0,0,0,1
1,320,320,virtex7,xc7v585tffg1157-1,141,2.192,0,0,0,1
10,320,320,virtex7,xc7v585tffg1157-1,137,1.226,4,3,0,2
1,512,512,virtex7,xc7v585tffg1157-1,138,5.545,0,0,0,1
10,512,512,virtex7,xc7v585tffg1157-1,138,3.067,4,3,0,2
1,1024,1024,virtex7,xc7v585tffg1157-1,138,21.914,0,0,0,1
10,1024,1024,virtex7,xc7v585tffg1157-1,138,11.991,4,3,0,2
20,1024,1024,virtex7,xc7v585tffg1157-1,137,11.991,4,6,0,1
30,1024,1024,virtex7,xc7v585tffg1157-1,137,11.643,4,8,0,2
1,280,280,virtex7,xc7v585tffg1157-2,147,1.691,0,0,0,1
1,320,320,virtex7,xc7v585tffg1157-2,147,2.189,0,0,0,1
10,320,320,virtex7,xc7v585tffg1157-2,143,1.222,4,3,0,2
1,512,512,virtex7,xc7v585tffg1157-2,142,5.54,0,0,0,1
10,512,512,virtex7,xc7v585tffg1157-2,143,3.062,4,3,0,2
1,1024,1024,virtex7,xc7v585tffg1157-2,143,21.903,0,0,0,1
10,1024,1024,virtex7,xc7v585tffg1157-2,143,11.981,4,3,0,2
20,1024,1024,virtex7,xc7v585tffg1157-2,143,11.981,4,6,0,1
30,1024,1024,virtex7,xc7v585tffg1157-2,143,11.633,4,8,0,2
1,280,280,virtex7,xc7v585tffg1157-2L,147,1.691,0,0,0,1
1,320,320,virtex7,xc7v585tffg1157-2L,147,2.189,0,0,0,1
10,320,320,virtex7,xc7v585tffg1157-2L,143,1.222,4,3,0,2
1,512,512,virtex7,xc7v585tffg1157-2L,142,5.54,0,0,0,1
10,512,512,virtex7,xc7v585tffg1157-2L,143,3.062,4,3,0,2
1,1024,1024,virtex7,xc7v585tffg1157-2L,143,21.903,0,0,0,1
10,1024,1024,virtex7,xc7v585tffg1157-2L,143,11.981,4,3,0,2
20,1024,1024,virtex7,xc7v585tffg1157-2L,143,11.981,4,6,0,1
30,1024,1024,virtex7,xc7v585tffg1157-2L,143,11.633,4,8,0,2
1,280,280,virtex7,xc7v585tffg1157-3,157,1.691,0,0,0,1
1,320,320,virtex7,xc7v585tffg1157-3,157,2.189,0,0,0,1
10,320,320,virtex7,xc7v585tffg1157-3,137,1.222,4,3,1,2
1,512,512,virtex7,xc7v585tffg1157-3,138,5.535,0,0,0,1
10,512,512,virtex7,xc7v585tffg1157-3,137,3.062,4,3,1,2
1,1024,1024,virtex7,xc7v585tffg1157-3,138,21.893,0,0,0,1
10,1024,1024,virtex7,xc7v585tffg1157-3,137,11.981,4,3,1,2
20,1024,1024,virtex7,xc7v585tffg1157-3,137,11.981,4,6,1,1
30,1024,1024,virtex7,xc7v585tffg1157-3,137,11.633,4,8,2,2
1,280,280,virtex7,xc7vx550tffg1158-1,141,1.694,0,0,0,0
1,320,320,virtex7,xc7vx550tffg1158-1,141,2.192,0,0,0,0
10,320,320,virtex7,xc7vx550tffg1158-1,137,1.226,2,3,0,1
1,512,512,virtex7,xc7vx550tffg1158-1,138,5.545,0,0,0,0
10,512,512,virtex7,xc7vx550tffg1158-1,138,3.067,2,3,0,1
1,1024,1024,virtex7,xc7vx550tffg1158-1,138,21.914,0,0,0,0
10,1024,1024,virtex7,xc7vx550tffg1158-1,138,11.991,2,3,0,1
20,1024,1024,virtex7,xc7vx550tffg1158-1,137,11.991,2,6,0,1
30,1024,1024,virtex7,xc7vx550tffg1158-1,137,11.643,2,8,0,1
1,280,280,virtex7,xc7vx550tffg1158-2,147,1.691,0,0,0,0
1,320,320,virtex7,xc7vx550tffg1158-2,147,2.189,0,0,0,0
10,320,320,virtex7,xc7vx550tffg1158-2,143,1.222,2,3,0,1
1,512,512,virtex7,xc7vx550tffg1158-2,142,5.54,0,0,0,0
10,512,512,virtex7,xc7vx550tffg1158-2,143,3.062,2,3,0,1
1,1024,1024,virtex7,xc7vx550tffg1158-2,143,21.903,0,0,0,0
10,1024,1024,virtex7,xc7vx550tffg1158-2,143,11.981,2,3,0,1
20,1024,1024,virtex7,xc7vx550tffg1158-2,143,11.981,2,6,0,1
30,1024,1024,virtex7,xc7vx550tffg1158-2,143,11.633,2,9,0,1
1,280,280,virtex7,xc7vx550tffg1158-2L,147,1.691,0,0,0,0
1,320,320,virtex7,xc7vx550tffg1158-2L,147,2.189,0,0,0,0
10,320,320,virtex7,xc7vx550tffg1158-2L,143,1.222,2,3,0,1
1,512,512,virtex7,xc7vx550tffg1158-2L,142,5.54,0,0,0,0
10,512,512,virtex7,xc7vx550tffg1158-2L,143,3.062,2,3,0,1
1,1024,1024,virtex7,xc7vx550tffg1158-2L,143,21.903,0,0,0,0
10,1024,1024,virtex7,xc7vx550tffg1158-2L,143,11.981,2,3,0,1
20,1024,1024,virtex7,xc7vx550tffg1158-2L,143,11.981,2,6,0,1
30,1024,1024,virtex7,xc7vx550tffg1158-2L,143,11.633,2,9,0,1
1,280,280,virtex7,xc7vx550tffg1158-3,157,1.691,0,0,0,0
1,320,320,virtex7,xc7vx550tffg1158-3,157,2.189,0,0,0,0
10,320,320,virtex7,xc7vx550tffg1158-3,137,1.222,2,3,1,1
1,512,512,virtex7,xc7vx550tffg1158-3,138,5.535,0,0,0,0
10,512,512,virtex7,xc7vx550tffg1158-3,137,3.062,2,3,1,1
1,1024,1024,virtex7,xc7vx550tffg1158-3,138,21.893,0,0,0,0
10,1024,1024,virtex7,xc7vx550tffg1158-3,137,11.981,2,3,1,1
20,1024,1024,virtex7,xc7vx550tffg1158-3,137,11.981,2,6,2,1
30,1024,1024,virtex7,xc7vx550tffg1158-3,137,11.633,2,8,2,1
1,280,280,virtex7,xc7vx550tffg1927-1,141,1.694,0,0,0,0
1,320,320,virtex7,xc7vx550tffg1927-1,141,2.192,0,0,0,0
10,320,320,virtex7,xc7vx550tffg1927-1,137,1.226,2,3,0,1
1,512,512,virtex7,xc7vx550tffg1927-1,138,5.545,0,0,0,0
10,512,512,virtex7,xc7vx550tffg1927-1,138,3.067,2,3,0,1
1,1024,1024,virtex7,xc7vx550tffg1927-1,138,21.914,0,0,0,0
10,1024,1024,virtex7,xc7vx550tffg1927-1,138,11.991,2,3,0,1
1,280,280,virtex7,xc7vx550tffg1927-2,147,1.691,0,0,0,0
1,320,320,virtex7,xc7vx550tffg1927-2,147,2.189,0,0,0,0
10,320,320,virtex7,xc7vx550tffg1927-2,143,1.222,2,3,0,1
1,512,512,virtex7,xc7vx550tffg1927-2,142,5.54,0,0,0,0
10,512,512,virtex7,xc7vx550tffg1927-2,143,3.062,2,3,0,1
1,1024,1024,virtex7,xc7vx550tffg1927-2,143,21.903,0,0,0,0
10,1024,1024,virtex7,xc7vx550tffg1927-2,143,11.981,2,3,0,1
20,1024,1024,virtex7,xc7vx550tffg1927-2,143,11.981,2,6,0,1
30,1024,1024,virtex7,xc7vx550tffg1927-2,143,11.633,2,9,0,1
1,280,280,virtex7,xc7vx550tffg1927-2L,147,1.691,0,0,0,0
1,320,320,virtex7,xc7vx550tffg1927-2L,147,2.189,0,0,0,0
10,320,320,virtex7,xc7vx550tffg1927-2L,143,1.222,2,3,0,1
1,512,512,virtex7,xc7vx550tffg1927-2L,142,5.54,0,0,0,0
10,512,512,virtex7,xc7vx550tffg1927-2L,143,3.062,2,3,0,1
1,1024,1024,virtex7,xc7vx550tffg1927-2L,143,21.903,0,0,0,0
10,1024,1024,virtex7,xc7vx550tffg1927-2L,143,11.981,2,3,0,1
20,1024,1024,virtex7,xc7vx550tffg1927-2L,143,11.981,2,6,0,1
30,1024,1024,virtex7,xc7vx550tffg1927-2L,143,11.633,2,9,0,1
1,280,280,virtex7,xc7vx550tffg1927-3,157,1.691,0,0,0,0
1,320,320,virtex7,xc7vx550tffg1927-3,157,2.189,0,0,0,0
10,320,320,virtex7,xc7vx550tffg1927-3,137,1.222,2,3,1,1
1,512,512,virtex7,xc7vx550tffg1927-3,138,5.535,0,0,0,0
10,512,512,virtex7,xc7vx550tffg1927-3,137,3.062,2,3,1,1
1,1024,1024,virtex7,xc7vx550tffg1927-3,138,21.893,0,0,0,0
10,1024,1024,virtex7,xc7vx550tffg1927-3,137,11.981,2,3,1,1
20,1024,1024,virtex7,xc7vx550tffg1927-3,137,11.981,2,6,2,1
30,1024,1024,virtex7,xc7vx550tffg1927-3,137,11.633,2,8,2,1
1,280,280,virtex7,xc7vx550t_CIVffg1158-1,141,1.694,0,0,0,0
1,320,320,virtex7,xc7vx550t_CIVffg1158-1,141,2.192,0,0,0,0
10,320,320,virtex7,xc7vx550t_CIVffg1158-1,137,1.226,2,3,0,1
1,512,512,virtex7,xc7vx550t_CIVffg1158-1,138,5.545,0,0,0,0
10,512,512,virtex7,xc7vx550t_CIVffg1158-1,138,3.067,2,3,0,1
1,1024,1024,virtex7,xc7vx550t_CIVffg1158-1,138,21.914,0,0,0,0
10,1024,1024,virtex7,xc7vx550t_CIVffg1158-1,138,11.991,2,3,0,1
20,1024,1024,virtex7,xc7vx550t_CIVffg1158-1,137,11.991,2,6,0,1
30,1024,1024,virtex7,xc7vx550t_CIVffg1158-1,137,11.643,2,8,0,1
1,280,280,virtex7,xc7vx550t_CIVffg1158-2,147,1.691,0,0,0,0
1,320,320,virtex7,xc7vx550t_CIVffg1158-2,147,2.189,0,0,0,0
10,320,320,virtex7,xc7vx550t_CIVffg1158-2,143,1.222,2,3,0,1
1,512,512,virtex7,xc7vx550t_CIVffg1158-2,142,5.54,0,0,0,0
10,512,512,virtex7,xc7vx550t_CIVffg1158-2,143,3.062,2,3,0,1
1,1024,1024,virtex7,xc7vx550t_CIVffg1158-2,143,21.903,0,0,0,0
10,1024,1024,virtex7,xc7vx550t_CIVffg1158-2,143,11.981,2,3,0,1
20,1024,1024,virtex7,xc7vx550t_CIVffg1158-2,143,11.981,2,6,0,1
30,1024,1024,virtex7,xc7vx550t_CIVffg1158-2,143,11.633,2,9,0,1
1,280,280,virtex7,xc7vx550t_CIVffg1158-2L,147,1.691,0,0,0,0
1,320,320,virtex7,xc7vx550t_CIVffg1158-2L,147,2.189,0,0,0,0
10,320,320,virtex7,xc7vx550t_CIVffg1158-2L,143,1.222,2,3,0,1
1,512,512,virtex7,xc7vx550t_CIVffg1158-2L,142,5.54,0,0,0,0
10,512,512,virtex7,xc7vx550t_CIVffg1158-2L,143,3.062,2,3,0,1
1,1024,1024,virtex7,xc7vx550t_CIVffg1158-2L,143,21.903,0,0,0,0
10,1024,1024,virtex7,xc7vx550t_CIVffg1158-2L,143,11.981,2,3,0,1
20,1024,1024,virtex7,xc7vx550t_CIVffg1158-2L,143,11.981,2,6,0,1
30,1024,1024,virtex7,xc7vx550t_CIVffg1158-2L,143,11.633,2,9,0,1
1,280,280,virtex7,xc7vx550t_CIVffg1158-3,157,1.691,0,0,0,0
1,320,320,virtex7,xc7vx550t_CIVffg1158-3,157,2.189,0,0,0,0
10,320,320,virtex7,xc7vx550t_CIVffg1158-3,137,1.222,2,3,1,1
1,512,512,virtex7,xc7vx550t_CIVffg1158-3,138,5.535,0,0,0,0
10,512,512,virtex7,xc7vx550t_CIVffg1158-3,137,3.062,2,3,1,1
1,1024,1024,virtex7,xc7vx550t_CIVffg1158-3,138,21.893,0,0,0,0
10,1024,1024,virtex7,xc7vx550t_CIVffg1158-3,137,11.981,2,3,1,1
20,1024,1024,virtex7,xc7vx550t_CIVffg1158-3,137,11.981,2,6,2,1
30,1024,1024,virtex7,xc7vx550t_CIVffg1158-3,137,11.633,2,8,2,1
1,280,280,virtex7,xc7vx550t_CIVffg1927-1,141,1.694,0,0,0,0
1,320,320,virtex7,xc7vx550t_CIVffg1927-1,141,2.192,0,0,0,0
10,320,320,virtex7,xc7vx550t_CIVffg1927-1,137,1.226,2,3,0,1
1,512,512,virtex7,xc7vx550t_CIVffg1927-1,138,5.545,0,0,0,0
10,512,512,virtex7,xc7vx550t_CIVffg1927-1,138,3.067,2,3,0,1
1,1024,1024,virtex7,xc7vx550t_CIVffg1927-1,138,21.914,0,0,0,0
10,1024,1024,virtex7,xc7vx550t_CIVffg1927-1,138,11.991,2,3,0,1
20,1024,1024,virtex7,xc7vx550t_CIVffg1927-1,137,11.991,2,6,0,1
30,1024,1024,virtex7,xc7vx550t_CIVffg1927-1,137,11.643,2,8,0,1
1,280,280,virtex7,xc7vx550t_CIVffg1927-2,147,1.691,0,0,0,0
1,320,320,virtex7,xc7vx550t_CIVffg1927-2,147,2.189,0,0,0,0
10,320,320,virtex7,xc7vx550t_CIVffg1927-2,143,1.222,2,3,0,1
1,512,512,virtex7,xc7vx550t_CIVffg1927-2,142,5.54,0,0,0,0
10,512,512,virtex7,xc7vx550t_CIVffg1927-2,143,3.062,2,3,0,1
1,1024,1024,virtex7,xc7vx550t_CIVffg1927-2,143,21.903,0,0,0,0
10,1024,1024,virtex7,xc7vx550t_CIVffg1927-2,143,11.981,2,3,0,1
20,1024,1024,virtex7,xc7vx550t_CIVffg1927-2,143,11.981,2,6,0,1
30,1024,1024,virtex7,xc7vx550t_CIVffg1927-2,143,11.633,2,9,0,1
1,280,280,virtex7,xc7vx550t_CIVffg1927-2L,147,1.691,0,0,0,0
1,320,320,virtex7,xc7vx550t_CIVffg1927-2L,147,2.189,0,0,0,0
10,320,320,virtex7,xc7vx550t_CIVffg1927-2L,143,1.222,2,3,0,1
1,512,512,virtex7,xc7vx550t_CIVffg1927-2L,142,5.54,0,0,0,0
10,512,512,virtex7,xc7vx550t_CIVffg1927-2L,143,3.062,2,3,0,1
1,1024,1024,virtex7,xc7vx550t_CIVffg1927-2L,143,21.903,0,0,0,0
10,1024,1024,virtex7,xc7vx550t_CIVffg1927-2L,143,11.981,2,3,0,1
20,1024,1024,virtex7,xc7vx550t_CIVffg1927-2L,143,11.981,2,6,0,1
30,1024,1024,virtex7,xc7vx550t_CIVffg1927-2L,143,11.633,2,9,0,1
1,280,280,virtex7,xc7vx550t_CIVffg1927-3,157,1.691,0,0,0,0
1,320,320,virtex7,xc7vx550t_CIVffg1927-3,157,2.189,0,0,0,0
10,320,320,virtex7,xc7vx550t_CIVffg1927-3,137,1.222,2,3,1,1
1,512,512,virtex7,xc7vx550t_CIVffg1927-3,138,5.535,0,0,0,0
10,512,512,virtex7,xc7vx550t_CIVffg1927-3,137,3.062,2,3,1,1
1,1024,1024,virtex7,xc7vx550t_CIVffg1927-3,138,21.893,0,0,0,0
10,1024,1024,virtex7,xc7vx550t_CIVffg1927-3,137,11.981,2,3,1,1
20,1024,1024,virtex7,xc7vx550t_CIVffg1927-3,137,11.981,2,6,2,1
30,1024,1024,virtex7,xc7vx550t_CIVffg1927-3,137,11.633,2,8,2,1
1,280,280,virtex7,xc7vh580tflg1155-1,141,1.694,0,0,0,0
1,320,320,virtex7,xc7vh580tflg1155-1,141,2.192,0,0,0,0
10,320,320,virtex7,xc7vh580tflg1155-1,137,1.226,3,3,0,1
1,512,512,virtex7,xc7vh580tflg1155-1,138,5.545,0,0,0,1
10,512,512,virtex7,xc7vh580tflg1155-1,138,3.067,3,3,0,1
1,1024,1024,virtex7,xc7vh580tflg1155-1,138,21.914,0,0,0,1
10,1024,1024,virtex7,xc7vh580tflg1155-1,138,11.991,3,3,0,1
20,1024,1024,virtex7,xc7vh580tflg1155-1,137,11.991,3,6,0,1
30,1024,1024,virtex7,xc7vh580tflg1155-1,137,11.643,3,8,0,2
1,280,280,virtex7,xc7vh580tflg1155-2,147,1.691,0,0,0,0
1,320,320,virtex7,xc7vh580tflg1155-2,147,2.189,0,0,0,0
10,320,320,virtex7,xc7vh580tflg1155-2,143,1.222,3,3,0,1
1,512,512,virtex7,xc7vh580tflg1155-2,142,5.54,0,0,0,1
10,512,512,virtex7,xc7vh580tflg1155-2,143,3.062,3,3,0,1
1,1024,1024,virtex7,xc7vh580tflg1155-2,143,21.903,0,0,0,1
10,1024,1024,virtex7,xc7vh580tflg1155-2,143,11.981,3,3,0,1
1,280,280,virtex7,xc7vh580tflg1155-2G,147,1.691,0,0,0,0
1,320,320,virtex7,xc7vh580tflg1155-2G,147,2.189,0,0,0,0
10,320,320,virtex7,xc7vh580tflg1155-2G,143,1.222,3,3,0,1
1,512,512,virtex7,xc7vh580tflg1155-2G,142,5.54,0,0,0,1
10,512,512,virtex7,xc7vh580tflg1155-2G,143,3.062,3,3,0,1
1,1024,1024,virtex7,xc7vh580tflg1155-2G,143,21.903,0,0,0,1
10,1024,1024,virtex7,xc7vh580tflg1155-2G,143,11.981,3,3,0,1
20,1024,1024,virtex7,xc7vh580tflg1155-2G,143,11.981,3,6,0,1
30,1024,1024,virtex7,xc7vh580tflg1155-2G,143,11.633,3,8,0,2
1,280,280,virtex7,xc7vh580tflg1155-2L,147,1.691,0,0,0,0
1,320,320,virtex7,xc7vh580tflg1155-2L,147,2.189,0,0,0,0
10,320,320,virtex7,xc7vh580tflg1155-2L,143,1.222,3,3,0,1
1,512,512,virtex7,xc7vh580tflg1155-2L,142,5.54,0,0,0,1
10,512,512,virtex7,xc7vh580tflg1155-2L,143,3.062,3,3,0,1
1,1024,1024,virtex7,xc7vh580tflg1155-2L,143,21.903,0,0,0,1
10,1024,1024,virtex7,xc7vh580tflg1155-2L,143,11.981,3,3,0,1
20,1024,1024,virtex7,xc7vh580tflg1155-2L,143,11.981,3,6,0,1
30,1024,1024,virtex7,xc7vh580tflg1155-2L,143,11.633,3,8,0,2
1,280,280,virtex7,xc7vh580tflg1931-1,141,1.694,0,0,0,0
1,320,320,virtex7,xc7vh580tflg1931-1,141,2.192,0,0,0,0
10,320,320,virtex7,xc7vh580tflg1931-1,137,1.226,3,3,0,1
1,512,512,virtex7,xc7vh580tflg1931-1,138,5.545,0,0,0,1
10,512,512,virtex7,xc7vh580tflg1931-1,138,3.067,3,3,0,1
1,1024,1024,virtex7,xc7vh580tflg1931-1,138,21.914,0,0,0,1
10,1024,1024,virtex7,xc7vh580tflg1931-1,138,11.991,3,3,0,1
20,1024,1024,virtex7,xc7vh580tflg1931-1,137,11.991,3,6,0,1
30,1024,1024,virtex7,xc7vh580tflg1931-1,137,11.643,3,8,0,2
1,280,280,virtex7,xc7vh580tflg1931-2,147,1.691,0,0,0,0
1,320,320,virtex7,xc7vh580tflg1931-2,147,2.189,0,0,0,0
10,320,320,virtex7,xc7vh580tflg1931-2,143,1.222,3,3,0,1
1,512,512,virtex7,xc7vh580tflg1931-2,142,5.54,0,0,0,1
10,512,512,virtex7,xc7vh580tflg1931-2,143,3.062,3,3,0,1
1,1024,1024,virtex7,xc7vh580tflg1931-2,143,21.903,0,0,0,1
10,1024,1024,virtex7,xc7vh580tflg1931-2,143,11.981,3,3,0,1
20,1024,1024,virtex7,xc7vh580tflg1931-2,143,11.981,3,6,0,1
30,1024,1024,virtex7,xc7vh580tflg1931-2,143,11.633,3,8,0,2
1,280,280,virtex7,xc7vh580tflg1931-2G,147,1.691,0,0,0,0
1,320,320,virtex7,xc7vh580tflg1931-2G,147,2.189,0,0,0,0
10,320,320,virtex7,xc7vh580tflg1931-2G,143,1.222,3,3,0,1
1,512,512,virtex7,xc7vh580tflg1931-2G,142,5.54,0,0,0,1
10,512,512,virtex7,xc7vh580tflg1931-2G,143,3.062,3,3,0,1
1,1024,1024,virtex7,xc7vh580tflg1931-2G,143,21.903,0,0,0,1
10,1024,1024,virtex7,xc7vh580tflg1931-2G,143,11.981,3,3,0,1
20,1024,1024,virtex7,xc7vh580tflg1931-2G,143,11.981,3,6,0,1
30,1024,1024,virtex7,xc7vh580tflg1931-2G,143,11.633,3,8,0,2
1,280,280,virtex7,xc7vh580tflg1931-2L,147,1.691,0,0,0,0
1,320,320,virtex7,xc7vh580tflg1931-2L,147,2.189,0,0,0,0
10,320,320,virtex7,xc7vh580tflg1931-2L,143,1.222,3,3,0,1
1,512,512,virtex7,xc7vh580tflg1931-2L,142,5.54,0,0,0,1
10,512,512,virtex7,xc7vh580tflg1931-2L,143,3.062,3,3,0,1
1,1024,1024,virtex7,xc7vh580tflg1931-2L,143,21.903,0,0,0,1
10,1024,1024,virtex7,xc7vh580tflg1931-2L,143,11.981,3,3,0,1
20,1024,1024,virtex7,xc7vh580tflg1931-2L,143,11.981,3,6,0,1
30,1024,1024,virtex7,xc7vh580tflg1931-2L,143,11.633,3,8,0,2
1,280,280,virtex7,xc7vh580thcg1155-1,141,1.694,0,0,0,0
1,320,320,virtex7,xc7vh580thcg1155-1,141,2.192,0,0,0,0
10,320,320,virtex7,xc7vh580thcg1155-1,137,1.226,3,3,0,1
1,512,512,virtex7,xc7vh580thcg1155-1,138,5.545,0,0,0,1
10,512,512,virtex7,xc7vh580thcg1155-1,138,3.067,3,3,0,1
1,1024,1024,virtex7,xc7vh580thcg1155-1,138,21.914,0,0,0,1
10,1024,1024,virtex7,xc7vh580thcg1155-1,138,11.991,3,3,0,1
20,1024,1024,virtex7,xc7vh580thcg1155-1,137,11.991,3,6,0,1
30,1024,1024,virtex7,xc7vh580thcg1155-1,137,11.643,3,8,0,2
1,280,280,virtex7,xc7vh580thcg1155-2,147,1.691,0,0,0,0
1,320,320,virtex7,xc7vh580thcg1155-2,147,2.189,0,0,0,0
10,320,320,virtex7,xc7vh580thcg1155-2,143,1.222,3,3,0,1
1,512,512,virtex7,xc7vh580thcg1155-2,142,5.54,0,0,0,1
10,512,512,virtex7,xc7vh580thcg1155-2,143,3.062,3,3,0,1
1,1024,1024,virtex7,xc7vh580thcg1155-2,143,21.903,0,0,0,1
10,1024,1024,virtex7,xc7vh580thcg1155-2,143,11.981,3,3,0,1
20,1024,1024,virtex7,xc7vh580thcg1155-2,143,11.981,3,6,0,1
30,1024,1024,virtex7,xc7vh580thcg1155-2,143,11.633,3,8,0,2
1,280,280,virtex7,xc7vh580thcg1155-2G,147,1.691,0,0,0,0
1,320,320,virtex7,xc7vh580thcg1155-2G,147,2.189,0,0,0,0
10,320,320,virtex7,xc7vh580thcg1155-2G,143,1.222,3,3,0,1
1,512,512,virtex7,xc7vh580thcg1155-2G,142,5.54,0,0,0,1
10,512,512,virtex7,xc7vh580thcg1155-2G,143,3.062,3,3,0,1
1,1024,1024,virtex7,xc7vh580thcg1155-2G,143,21.903,0,0,0,1
10,1024,1024,virtex7,xc7vh580thcg1155-2G,143,11.981,3,3,0,1
20,1024,1024,virtex7,xc7vh580thcg1155-2G,143,11.981,3,6,0,1
30,1024,1024,virtex7,xc7vh580thcg1155-2G,143,11.633,3,8,0,2
1,280,280,virtex7,xc7vh580thcg1155-2L,147,1.691,0,0,0,0
1,320,320,virtex7,xc7vh580thcg1155-2L,147,2.189,0,0,0,0
10,320,320,virtex7,xc7vh580thcg1155-2L,143,1.222,3,3,0,1
1,512,512,virtex7,xc7vh580thcg1155-2L,142,5.54,0,0,0,1
10,512,512,virtex7,xc7vh580thcg1155-2L,143,3.062,3,3,0,1
1,1024,1024,virtex7,xc7vh580thcg1155-2L,143,21.903,0,0,0,1
10,1024,1024,virtex7,xc7vh580thcg1155-2L,143,11.981,3,3,0,1
20,1024,1024,virtex7,xc7vh580thcg1155-2L,143,11.981,3,6,0,1
30,1024,1024,virtex7,xc7vh580thcg1155-2L,143,11.633,3,8,0,2
1,280,280,virtex7,xc7vh580thcg1931-1,141,1.694,0,0,0,0
1,320,320,virtex7,xc7vh580thcg1931-1,141,2.192,0,0,0,0
10,320,320,virtex7,xc7vh580thcg1931-1,137,1.226,3,3,0,1
1,512,512,virtex7,xc7vh580thcg1931-1,138,5.545,0,0,0,1
10,512,512,virtex7,xc7vh580thcg1931-1,138,3.067,3,3,0,1
1,1024,1024,virtex7,xc7vh580thcg1931-1,138,21.914,0,0,0,1
10,1024,1024,virtex7,xc7vh580thcg1931-1,138,11.991,3,3,0,1
20,1024,1024,virtex7,xc7vh580thcg1931-1,137,11.991,3,6,0,1
30,1024,1024,virtex7,xc7vh580thcg1931-1,137,11.643,3,8,0,2
1,280,280,virtex7,xc7vh580thcg1931-2,147,1.691,0,0,0,0
1,320,320,virtex7,xc7vh580thcg1931-2,147,2.189,0,0,0,0
10,320,320,virtex7,xc7vh580thcg1931-2,143,1.222,3,3,0,1
1,512,512,virtex7,xc7vh580thcg1931-2,142,5.54,0,0,0,1
10,512,512,virtex7,xc7vh580thcg1931-2,143,3.062,3,3,0,1
1,1024,1024,virtex7,xc7vh580thcg1931-2,143,21.903,0,0,0,1
10,1024,1024,virtex7,xc7vh580thcg1931-2,143,11.981,3,3,0,1
20,1024,1024,virtex7,xc7vh580thcg1931-2,143,11.981,3,6,0,1
30,1024,1024,virtex7,xc7vh580thcg1931-2,143,11.633,3,8,0,2
1,280,280,virtex7,xc7vh580thcg1931-2G,147,1.691,0,0,0,0
1,320,320,virtex7,xc7vh580thcg1931-2G,147,2.189,0,0,0,0
10,320,320,virtex7,xc7vh580thcg1931-2G,143,1.222,3,3,0,1
1,512,512,virtex7,xc7vh580thcg1931-2G,142,5.54,0,0,0,1
10,512,512,virtex7,xc7vh580thcg1931-2G,143,3.062,3,3,0,1
1,1024,1024,virtex7,xc7vh580thcg1931-2G,143,21.903,0,0,0,1
10,1024,1024,virtex7,xc7vh580thcg1931-2G,143,11.981,3,3,0,1
1,280,280,virtex7,xc7vh580thcg1931-2L,147,1.691,0,0,0,0
1,320,320,virtex7,xc7vh580thcg1931-2L,147,2.189,0,0,0,0
10,320,320,virtex7,xc7vh580thcg1931-2L,143,1.222,3,3,0,1
1,512,512,virtex7,xc7vh580thcg1931-2L,142,5.54,0,0,0,1
10,512,512,virtex7,xc7vh580thcg1931-2L,143,3.062,3,3,0,1
1,1024,1024,virtex7,xc7vh580thcg1931-2L,143,21.903,0,0,0,1
10,1024,1024,virtex7,xc7vh580thcg1931-2L,143,11.981,3,3,0,1
20,1024,1024,virtex7,xc7vh580thcg1931-2L,143,11.981,3,6,0,1
30,1024,1024,virtex7,xc7vh580thcg1931-2L,143,11.633,3,8,0,2
1,280,280,virtex7,xc7vx690tffg1157-1,141,1.694,0,0,0,0
1,320,320,virtex7,xc7vx690tffg1157-1,141,2.192,0,0,0,0
10,320,320,virtex7,xc7vx690tffg1157-1,137,1.226,1,2,0,1
1,512,512,virtex7,xc7vx690tffg1157-1,138,5.545,0,0,0,0
10,512,512,virtex7,xc7vx690tffg1157-1,138,3.067,1,2,0,1
1,1024,1024,virtex7,xc7vx690tffg1157-1,138,21.914,0,0,0,0
10,1024,1024,virtex7,xc7vx690tffg1157-1,138,11.991,1,2,0,1
20,1024,1024,virtex7,xc7vx690tffg1157-1,137,11.991,1,5,0,1
30,1024,1024,virtex7,xc7vx690tffg1157-1,137,11.643,1,6,0,1
1,280,280,virtex7,xc7vx690tffg1157-2,147,1.691,0,0,0,0
1,320,320,virtex7,xc7vx690tffg1157-2,147,2.189,0,0,0,0
10,320,320,virtex7,xc7vx690tffg1157-2,143,1.222,1,2,0,1
1,512,512,virtex7,xc7vx690tffg1157-2,142,5.54,0,0,0,0
10,512,512,virtex7,xc7vx690tffg1157-2,143,3.062,1,2,0,1
1,1024,1024,virtex7,xc7vx690tffg1157-2,143,21.903,0,0,0,0
10,1024,1024,virtex7,xc7vx690tffg1157-2,143,11.981,1,2,0,1
20,1024,1024,virtex7,xc7vx690tffg1157-2,143,11.981,1,5,0,1
30,1024,1024,virtex7,xc7vx690tffg1157-2,143,11.633,1,7,0,1
1,280,280,virtex7,xc7vx690tffg1157-2L,147,1.691,0,0,0,0
1,320,320,virtex7,xc7vx690tffg1157-2L,147,2.189,0,0,0,0
10,320,320,virtex7,xc7vx690tffg1157-2L,143,1.222,1,2,0,1
1,512,512,virtex7,xc7vx690tffg1157-2L,142,5.54,0,0,0,0
10,512,512,virtex7,xc7vx690tffg1157-2L,143,3.062,1,2,0,1
1,1024,1024,virtex7,xc7vx690tffg1157-2L,143,21.903,0,0,0,0
10,1024,1024,virtex7,xc7vx690tffg1157-2L,143,11.981,1,2,0,1
20,1024,1024,virtex7,xc7vx690tffg1157-2L,143,11.981,1,5,0,1
30,1024,1024,virtex7,xc7vx690tffg1157-2L,143,11.633,1,7,0,1
1,280,280,virtex7,xc7vx690tffg1157-3,157,1.691,0,0,0,0
1,320,320,virtex7,xc7vx690tffg1157-3,157,2.189,0,0,0,0
10,320,320,virtex7,xc7vx690tffg1157-3,137,1.222,1,2,1,1
1,512,512,virtex7,xc7vx690tffg1157-3,138,5.535,0,0,0,0
10,512,512,virtex7,xc7vx690tffg1157-3,137,3.062,1,2,1,1
1,1024,1024,virtex7,xc7vx690tffg1157-3,138,21.893,0,0,0,0
10,1024,1024,virtex7,xc7vx690tffg1157-3,137,11.981,1,2,1,1
20,1024,1024,virtex7,xc7vx690tffg1157-3,137,11.981,1,5,1,1
30,1024,1024,virtex7,xc7vx690tffg1157-3,137,11.633,1,6,2,1
1,280,280,virtex7,xc7vx690tffg1158-1,141,1.694,0,0,0,0
1,320,320,virtex7,xc7vx690tffg1158-1,141,2.192,0,0,0,0
10,320,320,virtex7,xc7vx690tffg1158-1,137,1.226,1,2,0,1
1,512,512,virtex7,xc7vx690tffg1158-1,138,5.545,0,0,0,0
10,512,512,virtex7,xc7vx690tffg1158-1,138,3.067,1,2,0,1
1,1024,1024,virtex7,xc7vx690tffg1158-1,138,21.914,0,0,0,0
10,1024,1024,virtex7,xc7vx690tffg1158-1,138,11.991,1,2,0,1
20,1024,1024,virtex7,xc7vx690tffg1158-1,137,11.991,1,5,0,1
30,1024,1024,virtex7,xc7vx690tffg1158-1,137,11.643,1,6,0,1
1,280,280,virtex7,xc7vx690tffg1158-2,147,1.691,0,0,0,0
1,320,320,virtex7,xc7vx690tffg1158-2,147,2.189,0,0,0,0
10,320,320,virtex7,xc7vx690tffg1158-2,143,1.222,1,2,0,1
1,512,512,virtex7,xc7vx690tffg1158-2,142,5.54,0,0,0,0
10,512,512,virtex7,xc7vx690tffg1158-2,143,3.062,1,2,0,1
1,1024,1024,virtex7,xc7vx690tffg1158-2,143,21.903,0,0,0,0
10,1024,1024,virtex7,xc7vx690tffg1158-2,143,11.981,1,2,0,1
20,1024,1024,virtex7,xc7vx690tffg1158-2,143,11.981,1,5,0,1
30,1024,1024,virtex7,xc7vx690tffg1158-2,143,11.633,1,7,0,1
1,280,280,virtex7,xc7vx690tffg1158-2L,147,1.691,0,0,0,0
1,320,320,virtex7,xc7vx690tffg1158-2L,147,2.189,0,0,0,0
10,320,320,virtex7,xc7vx690tffg1158-2L,143,1.222,1,2,0,1
1,512,512,virtex7,xc7vx690tffg1158-2L,142,5.54,0,0,0,0
10,512,512,virtex7,xc7vx690tffg1158-2L,143,3.062,1,2,0,1
1,1024,1024,virtex7,xc7vx690tffg1158-2L,143,21.903,0,0,0,0
10,1024,1024,virtex7,xc7vx690tffg1158-2L,143,11.981,1,2,0,1
20,1024,1024,virtex7,xc7vx690tffg1158-2L,143,11.981,1,5,0,1
30,1024,1024,virtex7,xc7vx690tffg1158-2L,143,11.633,1,7,0,1
1,280,280,virtex7,xc7vx690tffg1158-3,157,1.691,0,0,0,0
1,320,320,virtex7,xc7vx690tffg1158-3,157,2.189,0,0,0,0
10,320,320,virtex7,xc7vx690tffg1158-3,137,1.222,1,2,1,1
1,512,512,virtex7,xc7vx690tffg1158-3,138,5.535,0,0,0,0
10,512,512,virtex7,xc7vx690tffg1158-3,137,3.062,1,2,1,1
1,1024,1024,virtex7,xc7vx690tffg1158-3,138,21.893,0,0,0,0
10,1024,1024,virtex7,xc7vx690tffg1158-3,137,11.981,1,2,1,1
20,1024,1024,virtex7,xc7vx690tffg1158-3,137,11.981,1,5,1,1
30,1024,1024,virtex7,xc7vx690tffg1158-3,137,11.633,1,6,2,1
1,280,280,virtex7,xc7vx690tffg1761-1,141,1.694,0,0,0,0
1,320,320,virtex7,xc7vx690tffg1761-1,141,2.192,0,0,0,0
10,320,320,virtex7,xc7vx690tffg1761-1,137,1.226,1,2,0,1
1,512,512,virtex7,xc7vx690tffg1761-1,138,5.545,0,0,0,0
10,512,512,virtex7,xc7vx690tffg1761-1,138,3.067,1,2,0,1
1,1024,1024,virtex7,xc7vx690tffg1761-1,138,21.914,0,0,0,0
10,1024,1024,virtex7,xc7vx690tffg1761-1,138,11.991,1,2,0,1
20,1024,1024,virtex7,xc7vx690tffg1761-1,137,11.991,1,5,0,1
30,1024,1024,virtex7,xc7vx690tffg1761-1,137,11.643,1,6,0,1
1,280,280,virtex7,xc7vx690tffg1761-2,147,1.691,0,0,0,0
1,320,320,virtex7,xc7vx690tffg1761-2,147,2.189,0,0,0,0
10,320,320,virtex7,xc7vx690tffg1761-2,143,1.222,1,2,0,1
1,512,512,virtex7,xc7vx690tffg1761-2,142,5.54,0,0,0,0
10,512,512,virtex7,xc7vx690tffg1761-2,143,3.062,1,2,0,1
1,1024,1024,virtex7,xc7vx690tffg1761-2,143,21.903,0,0,0,0
10,1024,1024,virtex7,xc7vx690tffg1761-2,143,11.981,1,2,0,1
20,1024,1024,virtex7,xc7vx690tffg1761-2,143,11.981,1,5,0,1
30,1024,1024,virtex7,xc7vx690tffg1761-2,143,11.633,1,7,0,1
1,280,280,virtex7,xc7vx690tffg1761-2L,147,1.691,0,0,0,0
1,320,320,virtex7,xc7vx690tffg1761-2L,147,2.189,0,0,0,0
10,320,320,virtex7,xc7vx690tffg1761-2L,143,1.222,1,2,0,1
1,512,512,virtex7,xc7vx690tffg1761-2L,142,5.54,0,0,0,0
10,512,512,virtex7,xc7vx690tffg1761-2L,143,3.062,1,2,0,1
1,1024,1024,virtex7,xc7vx690tffg1761-2L,143,21.903,0,0,0,0
10,1024,1024,virtex7,xc7vx690tffg1761-2L,143,11.981,1,2,0,1
20,1024,1024,virtex7,xc7vx690tffg1761-2L,143,11.981,1,5,0,1
30,1024,1024,virtex7,xc7vx690tffg1761-2L,143,11.633,1,7,0,1
1,280,280,virtex7,xc7vx690tffg1761-3,157,1.691,0,0,0,0
1,320,320,virtex7,xc7vx690tffg1761-3,157,2.189,0,0,0,0
10,320,320,virtex7,xc7vx690tffg1761-3,137,1.222,1,2,1,1
1,512,512,virtex7,xc7vx690tffg1761-3,138,5.535,0,0,0,0
10,512,512,virtex7,xc7vx690tffg1761-3,137,3.062,1,2,1,1
1,1024,1024,virtex7,xc7vx690tffg1761-3,138,21.893,0,0,0,0
10,1024,1024,virtex7,xc7vx690tffg1761-3,137,11.981,1,2,1,1
1,280,280,virtex7,xc7vx690tffg1926-1,141,1.694,0,0,0,0
1,320,320,virtex7,xc7vx690tffg1926-1,141,2.192,0,0,0,0
10,320,320,virtex7,xc7vx690tffg1926-1,137,1.226,1,2,0,1
1,512,512,virtex7,xc7vx690tffg1926-1,138,5.545,0,0,0,0
10,512,512,virtex7,xc7vx690tffg1926-1,138,3.067,1,2,0,1
1,1024,1024,virtex7,xc7vx690tffg1926-1,138,21.914,0,0,0,0
10,1024,1024,virtex7,xc7vx690tffg1926-1,138,11.991,1,2,0,1
20,1024,1024,virtex7,xc7vx690tffg1926-1,137,11.991,1,5,0,1
30,1024,1024,virtex7,xc7vx690tffg1926-1,137,11.643,1,6,0,1
1,280,280,virtex7,xc7vx690tffg1926-2,147,1.691,0,0,0,0
1,320,320,virtex7,xc7vx690tffg1926-2,147,2.189,0,0,0,0
10,320,320,virtex7,xc7vx690tffg1926-2,143,1.222,1,2,0,1
1,512,512,virtex7,xc7vx690tffg1926-2,142,5.54,0,0,0,0
10,512,512,virtex7,xc7vx690tffg1926-2,143,3.062,1,2,0,1
1,1024,1024,virtex7,xc7vx690tffg1926-2,143,21.903,0,0,0,0
10,1024,1024,virtex7,xc7vx690tffg1926-2,143,11.981,1,2,0,1
20,1024,1024,virtex7,xc7vx690tffg1926-2,143,11.981,1,5,0,1
30,1024,1024,virtex7,xc7vx690tffg1926-2,143,11.633,1,7,0,1
1,280,280,virtex7,xc7vx690tffg1926-2L,147,1.691,0,0,0,0
1,320,320,virtex7,xc7vx690tffg1926-2L,147,2.189,0,0,0,0
10,320,320,virtex7,xc7vx690tffg1926-2L,143,1.222,1,2,0,1
1,512,512,virtex7,xc7vx690tffg1926-2L,142,5.54,0,0,0,0
10,512,512,virtex7,xc7vx690tffg1926-2L,143,3.062,1,2,0,1
1,1024,1024,virtex7,xc7vx690tffg1926-2L,143,21.903,0,0,0,0
10,1024,1024,virtex7,xc7vx690tffg1926-2L,143,11.981,1,2,0,1
20,1024,1024,virtex7,xc7vx690tffg1926-2L,143,11.981,1,5,0,1
30,1024,1024,virtex7,xc7vx690tffg1926-2L,143,11.633,1,7,0,1
1,280,280,virtex7,xc7vx690tffg1926-3,157,1.691,0,0,0,0
1,320,320,virtex7,xc7vx690tffg1926-3,157,2.189,0,0,0,0
10,320,320,virtex7,xc7vx690tffg1926-3,137,1.222,1,2,1,1
1,512,512,virtex7,xc7vx690tffg1926-3,138,5.535,0,0,0,0
10,512,512,virtex7,xc7vx690tffg1926-3,137,3.062,1,2,1,1
1,1024,1024,virtex7,xc7vx690tffg1926-3,138,21.893,0,0,0,0
10,1024,1024,virtex7,xc7vx690tffg1926-3,137,11.981,1,2,1,1
20,1024,1024,virtex7,xc7vx690tffg1926-3,137,11.981,1,5,1,1
30,1024,1024,virtex7,xc7vx690tffg1926-3,137,11.633,1,6,2,1
1,280,280,virtex7,xc7vx690tffg1927-1,141,1.694,0,0,0,0
1,320,320,virtex7,xc7vx690tffg1927-1,141,2.192,0,0,0,0
10,320,320,virtex7,xc7vx690tffg1927-1,137,1.226,1,2,0,1
1,512,512,virtex7,xc7vx690tffg1927-1,138,5.545,0,0,0,0
10,512,512,virtex7,xc7vx690tffg1927-1,138,3.067,1,2,0,1
1,1024,1024,virtex7,xc7vx690tffg1927-1,138,21.914,0,0,0,0
10,1024,1024,virtex7,xc7vx690tffg1927-1,138,11.991,1,2,0,1
20,1024,1024,virtex7,xc7vx690tffg1927-1,137,11.991,1,5,0,1
30,1024,1024,virtex7,xc7vx690tffg1927-1,137,11.643,1,6,0,1
1,280,280,virtex7,xc7vx690tffg1927-2,147,1.691,0,0,0,0
1,320,320,virtex7,xc7vx690tffg1927-2,147,2.189,0,0,0,0
10,320,320,virtex7,xc7vx690tffg1927-2,143,1.222,1,2,0,1
1,512,512,virtex7,xc7vx690tffg1927-2,142,5.54,0,0,0,0
10,512,512,virtex7,xc7vx690tffg1927-2,143,3.062,1,2,0,1
1,1024,1024,virtex7,xc7vx690tffg1927-2,143,21.903,0,0,0,0
10,1024,1024,virtex7,xc7vx690tffg1927-2,143,11.981,1,2,0,1
20,1024,1024,virtex7,xc7vx690tffg1927-2,143,11.981,1,5,0,1
30,1024,1024,virtex7,xc7vx690tffg1927-2,143,11.633,1,7,0,1
1,280,280,virtex7,xc7vx690tffg1927-2L,147,1.691,0,0,0,0
1,320,320,virtex7,xc7vx690tffg1927-2L,147,2.189,0,0,0,0
10,320,320,virtex7,xc7vx690tffg1927-2L,143,1.222,1,2,0,1
1,512,512,virtex7,xc7vx690tffg1927-2L,142,5.54,0,0,0,0
10,512,512,virtex7,xc7vx690tffg1927-2L,143,3.062,1,2,0,1
1,1024,1024,virtex7,xc7vx690tffg1927-2L,143,21.903,0,0,0,0
10,1024,1024,virtex7,xc7vx690tffg1927-2L,143,11.981,1,2,0,1
20,1024,1024,virtex7,xc7vx690tffg1927-2L,143,11.981,1,5,0,1
30,1024,1024,virtex7,xc7vx690tffg1927-2L,143,11.633,1,7,0,1
1,280,280,virtex7,xc7vx690tffg1927-3,157,1.691,0,0,0,0
1,320,320,virtex7,xc7vx690tffg1927-3,157,2.189,0,0,0,0
10,320,320,virtex7,xc7vx690tffg1927-3,137,1.222,1,2,1,1
1,512,512,virtex7,xc7vx690tffg1927-3,138,5.535,0,0,0,0
10,512,512,virtex7,xc7vx690tffg1927-3,137,3.062,1,2,1,1
1,1024,1024,virtex7,xc7vx690tffg1927-3,138,21.893,0,0,0,0
10,1024,1024,virtex7,xc7vx690tffg1927-3,137,11.981,1,2,1,1
20,1024,1024,virtex7,xc7vx690tffg1927-3,137,11.981,1,5,1,1
30,1024,1024,virtex7,xc7vx690tffg1927-3,137,11.633,1,6,2,1
1,280,280,virtex7,xc7vx690tffg1930-1,141,1.694,0,0,0,0
1,320,320,virtex7,xc7vx690tffg1930-1,141,2.192,0,0,0,0
10,320,320,virtex7,xc7vx690tffg1930-1,137,1.226,1,2,0,1
1,512,512,virtex7,xc7vx690tffg1930-1,138,5.545,0,0,0,0
10,512,512,virtex7,xc7vx690tffg1930-1,138,3.067,1,2,0,1
1,1024,1024,virtex7,xc7vx690tffg1930-1,138,21.914,0,0,0,0
10,1024,1024,virtex7,xc7vx690tffg1930-1,138,11.991,1,2,0,1
20,1024,1024,virtex7,xc7vx690tffg1930-1,137,11.991,1,5,0,1
30,1024,1024,virtex7,xc7vx690tffg1930-1,137,11.643,1,6,0,1
1,280,280,virtex7,xc7vx690tffg1930-2,147,1.691,0,0,0,0
1,320,320,virtex7,xc7vx690tffg1930-2,147,2.189,0,0,0,0
10,320,320,virtex7,xc7vx690tffg1930-2,143,1.222,1,2,0,1
1,512,512,virtex7,xc7vx690tffg1930-2,142,5.54,0,0,0,0
10,512,512,virtex7,xc7vx690tffg1930-2,143,3.062,1,2,0,1
1,1024,1024,virtex7,xc7vx690tffg1930-2,143,21.903,0,0,0,0
10,1024,1024,virtex7,xc7vx690tffg1930-2,143,11.981,1,2,0,1
20,1024,1024,virtex7,xc7vx690tffg1930-2,143,11.981,1,5,0,1
30,1024,1024,virtex7,xc7vx690tffg1930-2,143,11.633,1,7,0,1
1,280,280,virtex7,xc7vx690tffg1930-2L,147,1.691,0,0,0,0
1,320,320,virtex7,xc7vx690tffg1930-2L,147,2.189,0,0,0,0
10,320,320,virtex7,xc7vx690tffg1930-2L,143,1.222,1,2,0,1
1,512,512,virtex7,xc7vx690tffg1930-2L,142,5.54,0,0,0,0
10,512,512,virtex7,xc7vx690tffg1930-2L,143,3.062,1,2,0,1
1,1024,1024,virtex7,xc7vx690tffg1930-2L,143,21.903,0,0,0,0
10,1024,1024,virtex7,xc7vx690tffg1930-2L,143,11.981,1,2,0,1
20,1024,1024,virtex7,xc7vx690tffg1930-2L,143,11.981,1,5,0,1
30,1024,1024,virtex7,xc7vx690tffg1930-2L,143,11.633,1,7,0,1
1,280,280,virtex7,xc7vx690tffg1930-3,157,1.691,0,0,0,0
1,320,320,virtex7,xc7vx690tffg1930-3,157,2.189,0,0,0,0
10,320,320,virtex7,xc7vx690tffg1930-3,137,1.222,1,2,1,1
1,512,512,virtex7,xc7vx690tffg1930-3,138,5.535,0,0,0,0
10,512,512,virtex7,xc7vx690tffg1930-3,137,3.062,1,2,1,1
1,1024,1024,virtex7,xc7vx690tffg1930-3,138,21.893,0,0,0,0
10,1024,1024,virtex7,xc7vx690tffg1930-3,137,11.981,1,2,1,1
20,1024,1024,virtex7,xc7vx690tffg1930-3,137,11.981,1,5,1,1
30,1024,1024,virtex7,xc7vx690tffg1930-3,137,11.633,1,6,2,1
1,280,280,virtex7,xc7vx690t_CIVffg1157-1,141,1.694,0,0,0,0
1,320,320,virtex7,xc7vx690t_CIVffg1157-1,141,2.192,0,0,0,0
10,320,320,virtex7,xc7vx690t_CIVffg1157-1,137,1.226,1,2,0,1
1,512,512,virtex7,xc7vx690t_CIVffg1157-1,138,5.545,0,0,0,0
10,512,512,virtex7,xc7vx690t_CIVffg1157-1,138,3.067,1,2,0,1
1,1024,1024,virtex7,xc7vx690t_CIVffg1157-1,138,21.914,0,0,0,0
10,1024,1024,virtex7,xc7vx690t_CIVffg1157-1,138,11.991,1,2,0,1
1,280,280,virtex7,xc7vx690t_CIVffg1157-2,147,1.691,0,0,0,0
1,320,320,virtex7,xc7vx690t_CIVffg1157-2,147,2.189,0,0,0,0
10,320,320,virtex7,xc7vx690t_CIVffg1157-2,143,1.222,1,2,0,1
1,512,512,virtex7,xc7vx690t_CIVffg1157-2,142,5.54,0,0,0,0
10,512,512,virtex7,xc7vx690t_CIVffg1157-2,143,3.062,1,2,0,1
1,1024,1024,virtex7,xc7vx690t_CIVffg1157-2,143,21.903,0,0,0,0
10,1024,1024,virtex7,xc7vx690t_CIVffg1157-2,143,11.981,1,2,0,1
20,1024,1024,virtex7,xc7vx690t_CIVffg1157-2,143,11.981,1,5,0,1
30,1024,1024,virtex7,xc7vx690t_CIVffg1157-2,143,11.633,1,7,0,1
1,280,280,virtex7,xc7vx690t_CIVffg1157-2L,147,1.691,0,0,0,0
1,320,320,virtex7,xc7vx690t_CIVffg1157-2L,147,2.189,0,0,0,0
10,320,320,virtex7,xc7vx690t_CIVffg1157-2L,143,1.222,1,2,0,1
1,512,512,virtex7,xc7vx690t_CIVffg1157-2L,142,5.54,0,0,0,0
10,512,512,virtex7,xc7vx690t_CIVffg1157-2L,143,3.062,1,2,0,1
1,1024,1024,virtex7,xc7vx690t_CIVffg1157-2L,143,21.903,0,0,0,0
10,1024,1024,virtex7,xc7vx690t_CIVffg1157-2L,143,11.981,1,2,0,1
20,1024,1024,virtex7,xc7vx690t_CIVffg1157-2L,143,11.981,1,5,0,1
30,1024,1024,virtex7,xc7vx690t_CIVffg1157-2L,143,11.633,1,7,0,1
1,280,280,virtex7,xc7vx690t_CIVffg1157-3,157,1.691,0,0,0,0
1,320,320,virtex7,xc7vx690t_CIVffg1157-3,157,2.189,0,0,0,0
10,320,320,virtex7,xc7vx690t_CIVffg1157-3,137,1.222,1,2,1,1
1,512,512,virtex7,xc7vx690t_CIVffg1157-3,138,5.535,0,0,0,0
10,512,512,virtex7,xc7vx690t_CIVffg1157-3,137,3.062,1,2,1,1
1,1024,1024,virtex7,xc7vx690t_CIVffg1157-3,138,21.893,0,0,0,0
10,1024,1024,virtex7,xc7vx690t_CIVffg1157-3,137,11.981,1,2,1,1
20,1024,1024,virtex7,xc7vx690t_CIVffg1157-3,137,11.981,1,5,1,1
30,1024,1024,virtex7,xc7vx690t_CIVffg1157-3,137,11.633,1,6,2,1
1,280,280,virtex7,xc7vx690t_CIVffg1158-1,141,1.694,0,0,0,0
1,320,320,virtex7,xc7vx690t_CIVffg1158-1,141,2.192,0,0,0,0
10,320,320,virtex7,xc7vx690t_CIVffg1158-1,137,1.226,1,2,0,1
1,512,512,virtex7,xc7vx690t_CIVffg1158-1,138,5.545,0,0,0,0
10,512,512,virtex7,xc7vx690t_CIVffg1158-1,138,3.067,1,2,0,1
1,1024,1024,virtex7,xc7vx690t_CIVffg1158-1,138,21.914,0,0,0,0
10,1024,1024,virtex7,xc7vx690t_CIVffg1158-1,138,11.991,1,2,0,1
20,1024,1024,virtex7,xc7vx690t_CIVffg1158-1,137,11.991,1,5,0,1
30,1024,1024,virtex7,xc7vx690t_CIVffg1158-1,137,11.643,1,6,0,1
1,280,280,virtex7,xc7vx690t_CIVffg1158-2,147,1.691,0,0,0,0
1,320,320,virtex7,xc7vx690t_CIVffg1158-2,147,2.189,0,0,0,0
10,320,320,virtex7,xc7vx690t_CIVffg1158-2,143,1.222,1,2,0,1
1,512,512,virtex7,xc7vx690t_CIVffg1158-2,142,5.54,0,0,0,0
10,512,512,virtex7,xc7vx690t_CIVffg1158-2,143,3.062,1,2,0,1
1,1024,1024,virtex7,xc7vx690t_CIVffg1158-2,143,21.903,0,0,0,0
10,1024,1024,virtex7,xc7vx690t_CIVffg1158-2,143,11.981,1,2,0,1
20,1024,1024,virtex7,xc7vx690t_CIVffg1158-2,143,11.981,1,5,0,1
30,1024,1024,virtex7,xc7vx690t_CIVffg1158-2,143,11.633,1,7,0,1
1,280,280,virtex7,xc7vx690t_CIVffg1158-2L,147,1.691,0,0,0,0
1,320,320,virtex7,xc7vx690t_CIVffg1158-2L,147,2.189,0,0,0,0
10,320,320,virtex7,xc7vx690t_CIVffg1158-2L,143,1.222,1,2,0,1
1,512,512,virtex7,xc7vx690t_CIVffg1158-2L,142,5.54,0,0,0,0
10,512,512,virtex7,xc7vx690t_CIVffg1158-2L,143,3.062,1,2,0,1
1,1024,1024,virtex7,xc7vx690t_CIVffg1158-2L,143,21.903,0,0,0,0
10,1024,1024,virtex7,xc7vx690t_CIVffg1158-2L,143,11.981,1,2,0,1
20,1024,1024,virtex7,xc7vx690t_CIVffg1158-2L,143,11.981,1,5,0,1
30,1024,1024,virtex7,xc7vx690t_CIVffg1158-2L,143,11.633,1,7,0,1
1,280,280,virtex7,xc7vx690t_CIVffg1158-3,157,1.691,0,0,0,0
1,320,320,virtex7,xc7vx690t_CIVffg1158-3,157,2.189,0,0,0,0
10,320,320,virtex7,xc7vx690t_CIVffg1158-3,137,1.222,1,2,1,1
1,512,512,virtex7,xc7vx690t_CIVffg1158-3,138,5.535,0,0,0,0
10,512,512,virtex7,xc7vx690t_CIVffg1158-3,137,3.062,1,2,1,1
1,1024,1024,virtex7,xc7vx690t_CIVffg1158-3,138,21.893,0,0,0,0
10,1024,1024,virtex7,xc7vx690t_CIVffg1158-3,137,11.981,1,2,1,1
20,1024,1024,virtex7,xc7vx690t_CIVffg1158-3,137,11.981,1,5,1,1
30,1024,1024,virtex7,xc7vx690t_CIVffg1158-3,137,11.633,1,6,2,1
1,280,280,virtex7,xc7vx690t_CIVffg1761-1,141,1.694,0,0,0,0
1,320,320,virtex7,xc7vx690t_CIVffg1761-1,141,2.192,0,0,0,0
10,320,320,virtex7,xc7vx690t_CIVffg1761-1,137,1.226,1,2,0,1
1,512,512,virtex7,xc7vx690t_CIVffg1761-1,138,5.545,0,0,0,0
10,512,512,virtex7,xc7vx690t_CIVffg1761-1,138,3.067,1,2,0,1
1,1024,1024,virtex7,xc7vx690t_CIVffg1761-1,138,21.914,0,0,0,0
10,1024,1024,virtex7,xc7vx690t_CIVffg1761-1,138,11.991,1,2,0,1
20,1024,1024,virtex7,xc7vx690t_CIVffg1761-1,137,11.991,1,5,0,1
30,1024,1024,virtex7,xc7vx690t_CIVffg1761-1,137,11.643,1,6,0,1
1,280,280,virtex7,xc7vx690t_CIVffg1761-2,147,1.691,0,0,0,0
1,320,320,virtex7,xc7vx690t_CIVffg1761-2,147,2.189,0,0,0,0
10,320,320,virtex7,xc7vx690t_CIVffg1761-2,143,1.222,1,2,0,1
1,512,512,virtex7,xc7vx690t_CIVffg1761-2,142,5.54,0,0,0,0
10,512,512,virtex7,xc7vx690t_CIVffg1761-2,143,3.062,1,2,0,1
1,1024,1024,virtex7,xc7vx690t_CIVffg1761-2,143,21.903,0,0,0,0
10,1024,1024,virtex7,xc7vx690t_CIVffg1761-2,143,11.981,1,2,0,1
20,1024,1024,virtex7,xc7vx690t_CIVffg1761-2,143,11.981,1,5,0,1
30,1024,1024,virtex7,xc7vx690t_CIVffg1761-2,143,11.633,1,7,0,1
1,280,280,virtex7,xc7vx690t_CIVffg1761-2L,147,1.691,0,0,0,0
1,320,320,virtex7,xc7vx690t_CIVffg1761-2L,147,2.189,0,0,0,0
10,320,320,virtex7,xc7vx690t_CIVffg1761-2L,143,1.222,1,2,0,1
1,512,512,virtex7,xc7vx690t_CIVffg1761-2L,142,5.54,0,0,0,0
10,512,512,virtex7,xc7vx690t_CIVffg1761-2L,143,3.062,1,2,0,1
1,1024,1024,virtex7,xc7vx690t_CIVffg1761-2L,143,21.903,0,0,0,0
10,1024,1024,virtex7,xc7vx690t_CIVffg1761-2L,143,11.981,1,2,0,1
20,1024,1024,virtex7,xc7vx690t_CIVffg1761-2L,143,11.981,1,5,0,1
30,1024,1024,virtex7,xc7vx690t_CIVffg1761-2L,143,11.633,1,7,0,1
1,280,280,virtex7,xc7vx690t_CIVffg1761-3,157,1.691,0,0,0,0
1,320,320,virtex7,xc7vx690t_CIVffg1761-3,157,2.189,0,0,0,0
10,320,320,virtex7,xc7vx690t_CIVffg1761-3,137,1.222,1,2,1,1
1,512,512,virtex7,xc7vx690t_CIVffg1761-3,138,5.535,0,0,0,0
10,512,512,virtex7,xc7vx690t_CIVffg1761-3,137,3.062,1,2,1,1
1,1024,1024,virtex7,xc7vx690t_CIVffg1761-3,138,21.893,0,0,0,0
10,1024,1024,virtex7,xc7vx690t_CIVffg1761-3,137,11.981,1,2,1,1
20,1024,1024,virtex7,xc7vx690t_CIVffg1761-3,137,11.981,1,5,1,1
30,1024,1024,virtex7,xc7vx690t_CIVffg1761-3,137,11.633,1,6,2,1
1,280,280,virtex7,xc7vx690t_CIVffg1926-1,141,1.694,0,0,0,0
1,320,320,virtex7,xc7vx690t_CIVffg1926-1,141,2.192,0,0,0,0
10,320,320,virtex7,xc7vx690t_CIVffg1926-1,137,1.226,1,2,0,1
1,512,512,virtex7,xc7vx690t_CIVffg1926-1,138,5.545,0,0,0,0
10,512,512,virtex7,xc7vx690t_CIVffg1926-1,138,3.067,1,2,0,1
1,1024,1024,virtex7,xc7vx690t_CIVffg1926-1,138,21.914,0,0,0,0
10,1024,1024,virtex7,xc7vx690t_CIVffg1926-1,138,11.991,1,2,0,1
20,1024,1024,virtex7,xc7vx690t_CIVffg1926-1,137,11.991,1,5,0,1
30,1024,1024,virtex7,xc7vx690t_CIVffg1926-1,137,11.643,1,6,0,1
1,280,280,virtex7,xc7vx690t_CIVffg1926-2,147,1.691,0,0,0,0
1,320,320,virtex7,xc7vx690t_CIVffg1926-2,147,2.189,0,0,0,0
10,320,320,virtex7,xc7vx690t_CIVffg1926-2,143,1.222,1,2,0,1
1,512,512,virtex7,xc7vx690t_CIVffg1926-2,142,5.54,0,0,0,0
10,512,512,virtex7,xc7vx690t_CIVffg1926-2,143,3.062,1,2,0,1
1,1024,1024,virtex7,xc7vx690t_CIVffg1926-2,143,21.903,0,0,0,0
10,1024,1024,virtex7,xc7vx690t_CIVffg1926-2,143,11.981,1,2,0,1
1,280,280,virtex7,xc7vx690t_CIVffg1926-2L,147,1.691,0,0,0,0
1,320,320,virtex7,xc7vx690t_CIVffg1926-2L,147,2.189,0,0,0,0
10,320,320,virtex7,xc7vx690t_CIVffg1926-2L,143,1.222,1,2,0,1
1,512,512,virtex7,xc7vx690t_CIVffg1926-2L,142,5.54,0,0,0,0
10,512,512,virtex7,xc7vx690t_CIVffg1926-2L,143,3.062,1,2,0,1
1,1024,1024,virtex7,xc7vx690t_CIVffg1926-2L,143,21.903,0,0,0,0
10,1024,1024,virtex7,xc7vx690t_CIVffg1926-2L,143,11.981,1,2,0,1
20,1024,1024,virtex7,xc7vx690t_CIVffg1926-2L,143,11.981,1,5,0,1
30,1024,1024,virtex7,xc7vx690t_CIVffg1926-2L,143,11.633,1,7,0,1
1,280,280,virtex7,xc7vx690t_CIVffg1926-3,157,1.691,0,0,0,0
1,320,320,virtex7,xc7vx690t_CIVffg1926-3,157,2.189,0,0,0,0
10,320,320,virtex7,xc7vx690t_CIVffg1926-3,137,1.222,1,2,1,1
1,512,512,virtex7,xc7vx690t_CIVffg1926-3,138,5.535,0,0,0,0
10,512,512,virtex7,xc7vx690t_CIVffg1926-3,137,3.062,1,2,1,1
1,1024,1024,virtex7,xc7vx690t_CIVffg1926-3,138,21.893,0,0,0,0
10,1024,1024,virtex7,xc7vx690t_CIVffg1926-3,137,11.981,1,2,1,1
20,1024,1024,virtex7,xc7vx690t_CIVffg1926-3,137,11.981,1,5,1,1
30,1024,1024,virtex7,xc7vx690t_CIVffg1926-3,137,11.633,1,6,2,1
1,280,280,virtex7,xc7vx690t_CIVffg1927-1,141,1.694,0,0,0,0
1,320,320,virtex7,xc7vx690t_CIVffg1927-1,141,2.192,0,0,0,0
10,320,320,virtex7,xc7vx690t_CIVffg1927-1,137,1.226,1,2,0,1
1,512,512,virtex7,xc7vx690t_CIVffg1927-1,138,5.545,0,0,0,0
10,512,512,virtex7,xc7vx690t_CIVffg1927-1,138,3.067,1,2,0,1
1,1024,1024,virtex7,xc7vx690t_CIVffg1927-1,138,21.914,0,0,0,0
10,1024,1024,virtex7,xc7vx690t_CIVffg1927-1,138,11.991,1,2,0,1
20,1024,1024,virtex7,xc7vx690t_CIVffg1927-1,137,11.991,1,5,0,1
30,1024,1024,virtex7,xc7vx690t_CIVffg1927-1,137,11.643,1,6,0,1
1,280,280,virtex7,xc7vx690t_CIVffg1927-2,147,1.691,0,0,0,0
1,320,320,virtex7,xc7vx690t_CIVffg1927-2,147,2.189,0,0,0,0
10,320,320,virtex7,xc7vx690t_CIVffg1927-2,143,1.222,1,2,0,1
1,512,512,virtex7,xc7vx690t_CIVffg1927-2,142,5.54,0,0,0,0
10,512,512,virtex7,xc7vx690t_CIVffg1927-2,143,3.062,1,2,0,1
1,1024,1024,virtex7,xc7vx690t_CIVffg1927-2,143,21.903,0,0,0,0
10,1024,1024,virtex7,xc7vx690t_CIVffg1927-2,143,11.981,1,2,0,1
20,1024,1024,virtex7,xc7vx690t_CIVffg1927-2,143,11.981,1,5,0,1
30,1024,1024,virtex7,xc7vx690t_CIVffg1927-2,143,11.633,1,7,0,1
1,280,280,virtex7,xc7vx690t_CIVffg1927-2L,147,1.691,0,0,0,0
1,320,320,virtex7,xc7vx690t_CIVffg1927-2L,147,2.189,0,0,0,0
10,320,320,virtex7,xc7vx690t_CIVffg1927-2L,143,1.222,1,2,0,1
1,512,512,virtex7,xc7vx690t_CIVffg1927-2L,142,5.54,0,0,0,0
10,512,512,virtex7,xc7vx690t_CIVffg1927-2L,143,3.062,1,2,0,1
1,1024,1024,virtex7,xc7vx690t_CIVffg1927-2L,143,21.903,0,0,0,0
10,1024,1024,virtex7,xc7vx690t_CIVffg1927-2L,143,11.981,1,2,0,1
20,1024,1024,virtex7,xc7vx690t_CIVffg1927-2L,143,11.981,1,5,0,1
30,1024,1024,virtex7,xc7vx690t_CIVffg1927-2L,143,11.633,1,7,0,1
1,280,280,virtex7,xc7vx690t_CIVffg1927-3,157,1.691,0,0,0,0
1,320,320,virtex7,xc7vx690t_CIVffg1927-3,157,2.189,0,0,0,0
10,320,320,virtex7,xc7vx690t_CIVffg1927-3,137,1.222,1,2,1,1
1,512,512,virtex7,xc7vx690t_CIVffg1927-3,138,5.535,0,0,0,0
10,512,512,virtex7,xc7vx690t_CIVffg1927-3,137,3.062,1,2,1,1
1,1024,1024,virtex7,xc7vx690t_CIVffg1927-3,138,21.893,0,0,0,0
10,1024,1024,virtex7,xc7vx690t_CIVffg1927-3,137,11.981,1,2,1,1
20,1024,1024,virtex7,xc7vx690t_CIVffg1927-3,137,11.981,1,5,1,1
30,1024,1024,virtex7,xc7vx690t_CIVffg1927-3,137,11.633,1,6,2,1
1,280,280,virtex7,xc7vx690t_CIVffg1930-1,141,1.694,0,0,0,0
1,320,320,virtex7,xc7vx690t_CIVffg1930-1,141,2.192,0,0,0,0
10,320,320,virtex7,xc7vx690t_CIVffg1930-1,137,1.226,1,2,0,1
1,512,512,virtex7,xc7vx690t_CIVffg1930-1,138,5.545,0,0,0,0
10,512,512,virtex7,xc7vx690t_CIVffg1930-1,138,3.067,1,2,0,1
1,1024,1024,virtex7,xc7vx690t_CIVffg1930-1,138,21.914,0,0,0,0
10,1024,1024,virtex7,xc7vx690t_CIVffg1930-1,138,11.991,1,2,0,1
20,1024,1024,virtex7,xc7vx690t_CIVffg1930-1,137,11.991,1,5,0,1
30,1024,1024,virtex7,xc7vx690t_CIVffg1930-1,137,11.643,1,6,0,1
1,280,280,virtex7,xc7vx690t_CIVffg1930-2,147,1.691,0,0,0,0
1,320,320,virtex7,xc7vx690t_CIVffg1930-2,147,2.189,0,0,0,0
10,320,320,virtex7,xc7vx690t_CIVffg1930-2,143,1.222,1,2,0,1
1,512,512,virtex7,xc7vx690t_CIVffg1930-2,142,5.54,0,0,0,0
10,512,512,virtex7,xc7vx690t_CIVffg1930-2,143,3.062,1,2,0,1
1,1024,1024,virtex7,xc7vx690t_CIVffg1930-2,143,21.903,0,0,0,0
10,1024,1024,virtex7,xc7vx690t_CIVffg1930-2,143,11.981,1,2,0,1
20,1024,1024,virtex7,xc7vx690t_CIVffg1930-2,143,11.981,1,5,0,1
30,1024,1024,virtex7,xc7vx690t_CIVffg1930-2,143,11.633,1,7,0,1
1,280,280,virtex7,xc7vx690t_CIVffg1930-2L,147,1.691,0,0,0,0
1,320,320,virtex7,xc7vx690t_CIVffg1930-2L,147,2.189,0,0,0,0
10,320,320,virtex7,xc7vx690t_CIVffg1930-2L,143,1.222,1,2,0,1
1,512,512,virtex7,xc7vx690t_CIVffg1930-2L,142,5.54,0,0,0,0
10,512,512,virtex7,xc7vx690t_CIVffg1930-2L,143,3.062,1,2,0,1
1,1024,1024,virtex7,xc7vx690t_CIVffg1930-2L,143,21.903,0,0,0,0
10,1024,1024,virtex7,xc7vx690t_CIVffg1930-2L,143,11.981,1,2,0,1
20,1024,1024,virtex7,xc7vx690t_CIVffg1930-2L,143,11.981,1,5,0,1
30,1024,1024,virtex7,xc7vx690t_CIVffg1930-2L,143,11.633,1,7,0,1
1,280,280,virtex7,xc7vx690t_CIVffg1930-3,157,1.691,0,0,0,0
1,320,320,virtex7,xc7vx690t_CIVffg1930-3,157,2.189,0,0,0,0
10,320,320,virtex7,xc7vx690t_CIVffg1930-3,137,1.222,1,2,1,1
1,512,512,virtex7,xc7vx690t_CIVffg1930-3,138,5.535,0,0,0,0
10,512,512,virtex7,xc7vx690t_CIVffg1930-3,137,3.062,1,2,1,1
1,1024,1024,virtex7,xc7vx690t_CIVffg1930-3,138,21.893,0,0,0,0
10,1024,1024,virtex7,xc7vx690t_CIVffg1930-3,137,11.981,1,2,1,1
20,1024,1024,virtex7,xc7vx690t_CIVffg1930-3,137,11.981,1,5,1,1
30,1024,1024,virtex7,xc7vx690t_CIVffg1930-3,137,11.633,1,6,2,1
1,280,280,virtex7,xc7vh870tflg1932-1,141,1.694,0,0,0,0
1,320,320,virtex7,xc7vh870tflg1932-1,141,2.192,0,0,0,0
10,320,320,virtex7,xc7vh870tflg1932-1,137,1.226,2,2,0,1
1,512,512,virtex7,xc7vh870tflg1932-1,138,5.545,0,0,0,0
10,512,512,virtex7,xc7vh870tflg1932-1,138,3.067,2,2,0,1
1,1024,1024,virtex7,xc7vh870tflg1932-1,138,21.914,0,0,0,0
10,1024,1024,virtex7,xc7vh870tflg1932-1,138,11.991,2,2,0,1
20,1024,1024,virtex7,xc7vh870tflg1932-1,137,11.991,2,4,0,1
30,1024,1024,virtex7,xc7vh870tflg1932-1,137,11.643,2,5,0,1
1,280,280,virtex7,xc7vh870tflg1932-2,147,1.691,0,0,0,0
1,320,320,virtex7,xc7vh870tflg1932-2,147,2.189,0,0,0,0
10,320,320,virtex7,xc7vh870tflg1932-2,143,1.222,2,2,0,1
1,512,512,virtex7,xc7vh870tflg1932-2,142,5.54,0,0,0,0
10,512,512,virtex7,xc7vh870tflg1932-2,143,3.062,2,2,0,1
1,1024,1024,virtex7,xc7vh870tflg1932-2,143,21.903,0,0,0,0
10,1024,1024,virtex7,xc7vh870tflg1932-2,143,11.981,2,2,0,1
20,1024,1024,virtex7,xc7vh870tflg1932-2,143,11.981,2,4,0,1
30,1024,1024,virtex7,xc7vh870tflg1932-2,143,11.633,2,5,0,1
1,280,280,virtex7,xc7vh870tflg1932-2G,147,1.691,0,0,0,0
1,320,320,virtex7,xc7vh870tflg1932-2G,147,2.189,0,0,0,0
10,320,320,virtex7,xc7vh870tflg1932-2G,143,1.222,2,2,0,1
1,512,512,virtex7,xc7vh870tflg1932-2G,142,5.54,0,0,0,0
10,512,512,virtex7,xc7vh870tflg1932-2G,143,3.062,2,2,0,1
1,1024,1024,virtex7,xc7vh870tflg1932-2G,143,21.903,0,0,0,0
10,1024,1024,virtex7,xc7vh870tflg1932-2G,143,11.981,2,2,0,1
1,280,280,virtex7,xc7vh870tflg1932-2L,147,1.691,0,0,0,0
1,320,320,virtex7,xc7vh870tflg1932-2L,147,2.189,0,0,0,0
10,320,320,virtex7,xc7vh870tflg1932-2L,143,1.222,2,2,0,1
1,512,512,virtex7,xc7vh870tflg1932-2L,142,5.54,0,0,0,0
10,512,512,virtex7,xc7vh870tflg1932-2L,143,3.062,2,2,0,1
1,1024,1024,virtex7,xc7vh870tflg1932-2L,143,21.903,0,0,0,0
10,1024,1024,virtex7,xc7vh870tflg1932-2L,143,11.981,2,2,0,1
20,1024,1024,virtex7,xc7vh870tflg1932-2L,143,11.981,2,4,0,1
30,1024,1024,virtex7,xc7vh870tflg1932-2L,143,11.633,2,5,0,1
1,280,280,virtex7,xc7vh870thcg1932-1,141,1.694,0,0,0,0
1,320,320,virtex7,xc7vh870thcg1932-1,141,2.192,0,0,0,0
10,320,320,virtex7,xc7vh870thcg1932-1,137,1.226,2,2,0,1
1,512,512,virtex7,xc7vh870thcg1932-1,138,5.545,0,0,0,0
10,512,512,virtex7,xc7vh870thcg1932-1,138,3.067,2,2,0,1
1,1024,1024,virtex7,xc7vh870thcg1932-1,138,21.914,0,0,0,0
10,1024,1024,virtex7,xc7vh870thcg1932-1,138,11.991,2,2,0,1
20,1024,1024,virtex7,xc7vh870thcg1932-1,137,11.991,2,4,0,1
30,1024,1024,virtex7,xc7vh870thcg1932-1,137,11.643,2,5,0,1
1,280,280,virtex7,xc7vh870thcg1932-2,147,1.691,0,0,0,0
1,320,320,virtex7,xc7vh870thcg1932-2,147,2.189,0,0,0,0
10,320,320,virtex7,xc7vh870thcg1932-2,143,1.222,2,2,0,1
1,512,512,virtex7,xc7vh870thcg1932-2,142,5.54,0,0,0,0
10,512,512,virtex7,xc7vh870thcg1932-2,143,3.062,2,2,0,1
1,1024,1024,virtex7,xc7vh870thcg1932-2,143,21.903,0,0,0,0
10,1024,1024,virtex7,xc7vh870thcg1932-2,143,11.981,2,2,0,1
20,1024,1024,virtex7,xc7vh870thcg1932-2,143,11.981,2,4,0,1
30,1024,1024,virtex7,xc7vh870thcg1932-2,143,11.633,2,5,0,1
1,280,280,virtex7,xc7vh870thcg1932-2G,147,1.691,0,0,0,0
1,320,320,virtex7,xc7vh870thcg1932-2G,147,2.189,0,0,0,0
10,320,320,virtex7,xc7vh870thcg1932-2G,143,1.222,2,2,0,1
1,512,512,virtex7,xc7vh870thcg1932-2G,142,5.54,0,0,0,0
10,512,512,virtex7,xc7vh870thcg1932-2G,143,3.062,2,2,0,1
1,1024,1024,virtex7,xc7vh870thcg1932-2G,143,21.903,0,0,0,0
10,1024,1024,virtex7,xc7vh870thcg1932-2G,143,11.981,2,2,0,1
20,1024,1024,virtex7,xc7vh870thcg1932-2G,143,11.981,2,4,0,1
30,1024,1024,virtex7,xc7vh870thcg1932-2G,143,11.633,2,5,0,1
1,280,280,virtex7,xc7vh870thcg1932-2L,147,1.691,0,0,0,0
1,320,320,virtex7,xc7vh870thcg1932-2L,147,2.189,0,0,0,0
10,320,320,virtex7,xc7vh870thcg1932-2L,143,1.222,2,2,0,1
1,512,512,virtex7,xc7vh870thcg1932-2L,142,5.54,0,0,0,0
10,512,512,virtex7,xc7vh870thcg1932-2L,143,3.062,2,2,0,1
1,1024,1024,virtex7,xc7vh870thcg1932-2L,143,21.903,0,0,0,0
10,1024,1024,virtex7,xc7vh870thcg1932-2L,143,11.981,2,2,0,1
20,1024,1024,virtex7,xc7vh870thcg1932-2L,143,11.981,2,4,0,1
30,1024,1024,virtex7,xc7vh870thcg1932-2L,143,11.633,2,5,0,1
1,280,280,virtex7,xc7vx980tffg1926-1,141,1.694,0,0,0,0
1,320,320,virtex7,xc7vx980tffg1926-1,141,2.192,0,0,0,0
10,320,320,virtex7,xc7vx980tffg1926-1,137,1.226,1,1,0,1
1,512,512,virtex7,xc7vx980tffg1926-1,138,5.545,0,0,0,0
10,512,512,virtex7,xc7vx980tffg1926-1,138,3.067,1,1,0,1
1,1024,1024,virtex7,xc7vx980tffg1926-1,138,21.914,0,0,0,0
10,1024,1024,virtex7,xc7vx980tffg1926-1,138,11.991,1,1,0,1
20,1024,1024,virtex7,xc7vx980tffg1926-1,137,11.991,1,3,0,1
30,1024,1024,virtex7,xc7vx980tffg1926-1,137,11.643,1,4,0,1
1,280,280,virtex7,xc7vx980tffg1926-2,147,1.691,0,0,0,0
1,320,320,virtex7,xc7vx980tffg1926-2,147,2.189,0,0,0,0
10,320,320,virtex7,xc7vx980tffg1926-2,143,1.222,1,1,0,1
1,512,512,virtex7,xc7vx980tffg1926-2,142,5.54,0,0,0,0
10,512,512,virtex7,xc7vx980tffg1926-2,143,3.062,1,1,0,1
1,1024,1024,virtex7,xc7vx980tffg1926-2,143,21.903,0,0,0,0
10,1024,1024,virtex7,xc7vx980tffg1926-2,143,11.981,1,1,0,1
20,1024,1024,virtex7,xc7vx980tffg1926-2,143,11.981,1,3,0,1
30,1024,1024,virtex7,xc7vx980tffg1926-2,143,11.633,1,5,0,1
1,280,280,virtex7,xc7vx980tffg1926-2L,147,1.691,0,0,0,0
1,320,320,virtex7,xc7vx980tffg1926-2L,147,2.189,0,0,0,0
10,320,320,virtex7,xc7vx980tffg1926-2L,143,1.222,1,1,0,1
1,512,512,virtex7,xc7vx980tffg1926-2L,142,5.54,0,0,0,0
10,512,512,virtex7,xc7vx980tffg1926-2L,143,3.062,1,1,0,1
1,1024,1024,virtex7,xc7vx980tffg1926-2L,143,21.903,0,0,0,0
10,1024,1024,virtex7,xc7vx980tffg1926-2L,143,11.981,1,1,0,1
20,1024,1024,virtex7,xc7vx980tffg1926-2L,143,11.981,1,3,0,1
30,1024,1024,virtex7,xc7vx980tffg1926-2L,143,11.633,1,5,0,1
1,280,280,virtex7,xc7vx980tffg1928-1,141,1.694,0,0,0,0
1,320,320,virtex7,xc7vx980tffg1928-1,141,2.192,0,0,0,0
10,320,320,virtex7,xc7vx980tffg1928-1,137,1.226,1,1,0,1
1,512,512,virtex7,xc7vx980tffg1928-1,138,5.545,0,0,0,0
10,512,512,virtex7,xc7vx980tffg1928-1,138,3.067,1,1,0,1
1,1024,1024,virtex7,xc7vx980tffg1928-1,138,21.914,0,0,0,0
10,1024,1024,virtex7,xc7vx980tffg1928-1,138,11.991,1,1,0,1
20,1024,1024,virtex7,xc7vx980tffg1928-1,137,11.991,1,3,0,1
30,1024,1024,virtex7,xc7vx980tffg1928-1,137,11.643,1,4,0,1
1,280,280,virtex7,xc7vx980tffg1928-2,147,1.691,0,0,0,0
1,320,320,virtex7,xc7vx980tffg1928-2,147,2.189,0,0,0,0
10,320,320,virtex7,xc7vx980tffg1928-2,143,1.222,1,1,0,1
1,512,512,virtex7,xc7vx980tffg1928-2,142,5.54,0,0,0,0
10,512,512,virtex7,xc7vx980tffg1928-2,143,3.062,1,1,0,1
1,1024,1024,virtex7,xc7vx980tffg1928-2,143,21.903,0,0,0,0
10,1024,1024,virtex7,xc7vx980tffg1928-2,143,11.981,1,1,0,1
20,1024,1024,virtex7,xc7vx980tffg1928-2,143,11.981,1,3,0,1
30,1024,1024,virtex7,xc7vx980tffg1928-2,143,11.633,1,5,0,1
1,280,280,virtex7,xc7vx980tffg1928-2L,147,1.691,0,0,0,0
1,320,320,virtex7,xc7vx980tffg1928-2L,147,2.189,0,0,0,0
10,320,320,virtex7,xc7vx980tffg1928-2L,143,1.222,1,1,0,1
1,512,512,virtex7,xc7vx980tffg1928-2L,142,5.54,0,0,0,0
10,512,512,virtex7,xc7vx980tffg1928-2L,143,3.062,1,1,0,1
1,1024,1024,virtex7,xc7vx980tffg1928-2L,143,21.903,0,0,0,0
10,1024,1024,virtex7,xc7vx980tffg1928-2L,143,11.981,1,1,0,1
20,1024,1024,virtex7,xc7vx980tffg1928-2L,143,11.981,1,3,0,1
30,1024,1024,virtex7,xc7vx980tffg1928-2L,143,11.633,1,5,0,1
1,280,280,virtex7,xc7vx980tffg1930-1,141,1.694,0,0,0,0
1,320,320,virtex7,xc7vx980tffg1930-1,141,2.192,0,0,0,0
10,320,320,virtex7,xc7vx980tffg1930-1,137,1.226,1,1,0,1
1,512,512,virtex7,xc7vx980tffg1930-1,138,5.545,0,0,0,0
10,512,512,virtex7,xc7vx980tffg1930-1,138,3.067,1,1,0,1
1,1024,1024,virtex7,xc7vx980tffg1930-1,138,21.914,0,0,0,0
10,1024,1024,virtex7,xc7vx980tffg1930-1,138,11.991,1,1,0,1
20,1024,1024,virtex7,xc7vx980tffg1930-1,137,11.991,1,3,0,1
30,1024,1024,virtex7,xc7vx980tffg1930-1,137,11.643,1,4,0,1
1,280,280,virtex7,xc7vx980tffg1930-2,147,1.691,0,0,0,0
1,320,320,virtex7,xc7vx980tffg1930-2,147,2.189,0,0,0,0
10,320,320,virtex7,xc7vx980tffg1930-2,143,1.222,1,1,0,1
1,512,512,virtex7,xc7vx980tffg1930-2,142,5.54,0,0,0,0
10,512,512,virtex7,xc7vx980tffg1930-2,143,3.062,1,1,0,1
1,1024,1024,virtex7,xc7vx980tffg1930-2,143,21.903,0,0,0,0
10,1024,1024,virtex7,xc7vx980tffg1930-2,143,11.981,1,1,0,1
1,280,280,virtex7,xc7vx980tffg1930-2L,147,1.691,0,0,0,0
1,320,320,virtex7,xc7vx980tffg1930-2L,147,2.189,0,0,0,0
10,320,320,virtex7,xc7vx980tffg1930-2L,143,1.222,1,1,0,1
1,512,512,virtex7,xc7vx980tffg1930-2L,142,5.54,0,0,0,0
10,512,512,virtex7,xc7vx980tffg1930-2L,143,3.062,1,1,0,1
1,1024,1024,virtex7,xc7vx980tffg1930-2L,143,21.903,0,0,0,0
10,1024,1024,virtex7,xc7vx980tffg1930-2L,143,11.981,1,1,0,1
20,1024,1024,virtex7,xc7vx980tffg1930-2L,143,11.981,1,3,0,1
30,1024,1024,virtex7,xc7vx980tffg1930-2L,143,11.633,1,5,0,1
1,280,280,virtex7,xc7vx1140tflg1926-1,141,1.694,0,0,0,0
1,320,320,virtex7,xc7vx1140tflg1926-1,141,2.192,0,0,0,0
10,320,320,virtex7,xc7vx1140tflg1926-1,137,1.226,1,1,0,0
1,512,512,virtex7,xc7vx1140tflg1926-1,138,5.545,0,0,0,0
10,512,512,virtex7,xc7vx1140tflg1926-1,138,3.067,1,1,0,0
1,1024,1024,virtex7,xc7vx1140tflg1926-1,138,21.914,0,0,0,0
10,1024,1024,virtex7,xc7vx1140tflg1926-1,138,11.991,1,1,0,0
20,1024,1024,virtex7,xc7vx1140tflg1926-1,137,11.991,1,3,0,0
30,1024,1024,virtex7,xc7vx1140tflg1926-1,137,11.643,1,4,0,1
1,280,280,virtex7,xc7vx1140tflg1926-2,147,1.691,0,0,0,0
1,320,320,virtex7,xc7vx1140tflg1926-2,147,2.189,0,0,0,0
10,320,320,virtex7,xc7vx1140tflg1926-2,143,1.222,1,1,0,0
1,512,512,virtex7,xc7vx1140tflg1926-2,142,5.54,0,0,0,0
10,512,512,virtex7,xc7vx1140tflg1926-2,143,3.062,1,1,0,0
1,1024,1024,virtex7,xc7vx1140tflg1926-2,143,21.903,0,0,0,0
10,1024,1024,virtex7,xc7vx1140tflg1926-2,143,11.981,1,1,0,0
20,1024,1024,virtex7,xc7vx1140tflg1926-2,143,11.981,1,3,0,0
30,1024,1024,virtex7,xc7vx1140tflg1926-2,143,11.633,1,4,0,1
1,280,280,virtex7,xc7vx1140tflg1926-2G,147,1.691,0,0,0,0
1,320,320,virtex7,xc7vx1140tflg1926-2G,147,2.189,0,0,0,0
10,320,320,virtex7,xc7vx1140tflg1926-2G,143,1.222,1,1,0,0
1,512,512,virtex7,xc7vx1140tflg1926-2G,142,5.54,0,0,0,0
10,512,512,virtex7,xc7vx1140tflg1926-2G,143,3.062,1,1,0,0
1,1024,1024,virtex7,xc7vx1140tflg1926-2G,143,21.903,0,0,0,0
10,1024,1024,virtex7,xc7vx1140tflg1926-2G,143,11.981,1,1,0,0
20,1024,1024,virtex7,xc7vx1140tflg1926-2G,143,11.981,1,3,0,0
30,1024,1024,virtex7,xc7vx1140tflg1926-2G,143,11.633,1,4,0,1
1,280,280,virtex7,xc7vx1140tflg1926-2L,147,1.691,0,0,0,0
1,320,320,virtex7,xc7vx1140tflg1926-2L,147,2.189,0,0,0,0
10,320,320,virtex7,xc7vx1140tflg1926-2L,143,1.222,1,1,0,0
1,512,512,virtex7,xc7vx1140tflg1926-2L,142,5.54,0,0,0,0
10,512,512,virtex7,xc7vx1140tflg1926-2L,143,3.062,1,1,0,0
1,1024,1024,virtex7,xc7vx1140tflg1926-2L,143,21.903,0,0,0,0
10,1024,1024,virtex7,xc7vx1140tflg1926-2L,143,11.981,1,1,0,0
20,1024,1024,virtex7,xc7vx1140tflg1926-2L,143,11.981,1,3,0,0
30,1024,1024,virtex7,xc7vx1140tflg1926-2L,143,11.633,1,4,0,1
1,280,280,virtex7,xc7vx1140tflg1928-1,141,1.694,0,0,0,0
1,320,320,virtex7,xc7vx1140tflg1928-1,141,2.192,0,0,0,0
10,320,320,virtex7,xc7vx1140tflg1928-1,137,1.226,1,1,0,0
1,512,512,virtex7,xc7vx1140tflg1928-1,138,5.545,0,0,0,0
10,512,512,virtex7,xc7vx1140tflg1928-1,138,3.067,1,1,0,0
1,1024,1024,virtex7,xc7vx1140tflg1928-1,138,21.914,0,0,0,0
10,1024,1024,virtex7,xc7vx1140tflg1928-1,138,11.991,1,1,0,0
20,1024,1024,virtex7,xc7vx1140tflg1928-1,137,11.991,1,3,0,0
30,1024,1024,virtex7,xc7vx1140tflg1928-1,137,11.643,1,4,0,1
1,280,280,virtex7,xc7vx1140tflg1928-2,147,1.691,0,0,0,0
1,320,320,virtex7,xc7vx1140tflg1928-2,147,2.189,0,0,0,0
10,320,320,virtex7,xc7vx1140tflg1928-2,143,1.222,1,1,0,0
1,512,512,virtex7,xc7vx1140tflg1928-2,142,5.54,0,0,0,0
10,512,512,virtex7,xc7vx1140tflg1928-2,143,3.062,1,1,0,0
1,1024,1024,virtex7,xc7vx1140tflg1928-2,143,21.903,0,0,0,0
10,1024,1024,virtex7,xc7vx1140tflg1928-2,143,11.981,1,1,0,0
20,1024,1024,virtex7,xc7vx1140tflg1928-2,143,11.981,1,3,0,0
30,1024,1024,virtex7,xc7vx1140tflg1928-2,143,11.633,1,4,0,1
1,280,280,virtex7,xc7vx1140tflg1928-2G,147,1.691,0,0,0,0
1,320,320,virtex7,xc7vx1140tflg1928-2G,147,2.189,0,0,0,0
10,320,320,virtex7,xc7vx1140tflg1928-2G,143,1.222,1,1,0,0
1,512,512,virtex7,xc7vx1140tflg1928-2G,142,5.54,0,0,0,0
10,512,512,virtex7,xc7vx1140tflg1928-2G,143,3.062,1,1,0,0
1,1024,1024,virtex7,xc7vx1140tflg1928-2G,143,21.903,0,0,0,0
10,1024,1024,virtex7,xc7vx1140tflg1928-2G,143,11.981,1,1,0,0
20,1024,1024,virtex7,xc7vx1140tflg1928-2G,143,11.981,1,3,0,0
30,1024,1024,virtex7,xc7vx1140tflg1928-2G,143,11.633,1,4,0,1
1,280,280,virtex7,xc7vx1140tflg1928-2L,147,1.691,0,0,0,0
1,320,320,virtex7,xc7vx1140tflg1928-2L,147,2.189,0,0,0,0
10,320,320,virtex7,xc7vx1140tflg1928-2L,143,1.222,1,1,0,0
1,512,512,virtex7,xc7vx1140tflg1928-2L,142,5.54,0,0,0,0
10,512,512,virtex7,xc7vx1140tflg1928-2L,143,3.062,1,1,0,0
1,1024,1024,virtex7,xc7vx1140tflg1928-2L,143,21.903,0,0,0,0
10,1024,1024,virtex7,xc7vx1140tflg1928-2L,143,11.981,1,1,0,0
20,1024,1024,virtex7,xc7vx1140tflg1928-2L,143,11.981,1,3,0,0
30,1024,1024,virtex7,xc7vx1140tflg1928-2L,143,11.633,1,4,0,1
1,280,280,virtex7,xc7vx1140tflg1930-1,141,1.694,0,0,0,0
1,320,320,virtex7,xc7vx1140tflg1930-1,141,2.192,0,0,0,0
10,320,320,virtex7,xc7vx1140tflg1930-1,137,1.226,1,1,0,0
1,512,512,virtex7,xc7vx1140tflg1930-1,138,5.545,0,0,0,0
10,512,512,virtex7,xc7vx1140tflg1930-1,138,3.067,1,1,0,0
1,1024,1024,virtex7,xc7vx1140tflg1930-1,138,21.914,0,0,0,0
10,1024,1024,virtex7,xc7vx1140tflg1930-1,138,11.991,1,1,0,0
20,1024,1024,virtex7,xc7vx1140tflg1930-1,137,11.991,1,3,0,0
30,1024,1024,virtex7,xc7vx1140tflg1930-1,137,11.643,1,4,0,1
1,280,280,virtex7,xc7vx1140tflg1930-2,147,1.691,0,0,0,0
1,320,320,virtex7,xc7vx1140tflg1930-2,147,2.189,0,0,0,0
10,320,320,virtex7,xc7vx1140tflg1930-2,143,1.222,1,1,0,0
1,512,512,virtex7,xc7vx1140tflg1930-2,142,5.54,0,0,0,0
10,512,512,virtex7,xc7vx1140tflg1930-2,143,3.062,1,1,0,0
1,1024,1024,virtex7,xc7vx1140tflg1930-2,143,21.903,0,0,0,0
10,1024,1024,virtex7,xc7vx1140tflg1930-2,143,11.981,1,1,0,0
20,1024,1024,virtex7,xc7vx1140tflg1930-2,143,11.981,1,3,0,0
30,1024,1024,virtex7,xc7vx1140tflg1930-2,143,11.633,1,4,0,1
1,280,280,virtex7,xc7vx1140tflg1930-2G,147,1.691,0,0,0,0
1,320,320,virtex7,xc7vx1140tflg1930-2G,147,2.189,0,0,0,0
10,320,320,virtex7,xc7vx1140tflg1930-2G,143,1.222,1,1,0,0
1,512,512,virtex7,xc7vx1140tflg1930-2G,142,5.54,0,0,0,0
10,512,512,virtex7,xc7vx1140tflg1930-2G,143,3.062,1,1,0,0
1,1024,1024,virtex7,xc7vx1140tflg1930-2G,143,21.903,0,0,0,0
10,1024,1024,virtex7,xc7vx1140tflg1930-2G,143,11.981,1,1,0,0
20,1024,1024,virtex7,xc7vx1140tflg1930-2G,143,11.981,1,3,0,0
30,1024,1024,virtex7,xc7vx1140tflg1930-2G,143,11.633,1,4,0,1
1,280,280,virtex7,xc7vx1140tflg1930-2L,147,1.691,0,0,0,0
1,320,320,virtex7,xc7vx1140tflg1930-2L,147,2.189,0,0,0,0
10,320,320,virtex7,xc7vx1140tflg1930-2L,143,1.222,1,1,0,0
1,512,512,virtex7,xc7vx1140tflg1930-2L,142,5.54,0,0,0,0
10,512,512,virtex7,xc7vx1140tflg1930-2L,143,3.062,1,1,0,0
1,1024,1024,virtex7,xc7vx1140tflg1930-2L,143,21.903,0,0,0,0
10,1024,1024,virtex7,xc7vx1140tflg1930-2L,143,11.981,1,1,0,0
1,280,280,virtex7,xc7v2000tflg1925-1,141,1.694,0,0,0,0
1,320,320,virtex7,xc7v2000tflg1925-1,141,2.192,0,0,0,0
10,320,320,virtex7,xc7v2000tflg1925-1,137,1.226,2,0,0,1
1,512,512,virtex7,xc7v2000tflg1925-1,138,5.545,0,0,0,0
10,512,512,virtex7,xc7v2000tflg1925-1,138,3.067,2,0,0,1
1,1024,1024,virtex7,xc7v2000tflg1925-1,138,21.914,0,0,0,0
10,1024,1024,virtex7,xc7v2000tflg1925-1,138,11.991,2,0,0,1
20,1024,1024,virtex7,xc7v2000tflg1925-1,137,11.991,2,1,0,1
30,1024,1024,virtex7,xc7v2000tflg1925-1,137,11.643,2,2,0,1
1,280,280,virtex7,xc7v2000tflg1925-2,147,1.691,0,0,0,0
1,320,320,virtex7,xc7v2000tflg1925-2,147,2.189,0,0,0,0
10,320,320,virtex7,xc7v2000tflg1925-2,143,1.222,2,0,0,1
1,512,512,virtex7,xc7v2000tflg1925-2,142,5.54,0,0,0,0
10,512,512,virtex7,xc7v2000tflg1925-2,143,3.062,2,0,0,1
1,1024,1024,virtex7,xc7v2000tflg1925-2,143,21.903,0,0,0,0
10,1024,1024,virtex7,xc7v2000tflg1925-2,143,11.981,2,0,0,1
20,1024,1024,virtex7,xc7v2000tflg1925-2,143,11.981,2,1,0,1
30,1024,1024,virtex7,xc7v2000tflg1925-2,143,11.633,2,2,0,1
1,280,280,virtex7,xc7v2000tflg1925-2G,147,1.691,0,0,0,0
1,320,320,virtex7,xc7v2000tflg1925-2G,147,2.189,0,0,0,0
10,320,320,virtex7,xc7v2000tflg1925-2G,143,1.222,2,0,0,1
1,512,512,virtex7,xc7v2000tflg1925-2G,142,5.54,0,0,0,0
10,512,512,virtex7,xc7v2000tflg1925-2G,143,3.062,2,0,0,1
1,1024,1024,virtex7,xc7v2000tflg1925-2G,143,21.903,0,0,0,0
10,1024,1024,virtex7,xc7v2000tflg1925-2G,143,11.981,2,0,0,1
20,1024,1024,virtex7,xc7v2000tflg1925-2G,143,11.981,2,1,0,1
30,1024,1024,virtex7,xc7v2000tflg1925-2G,143,11.633,2,2,0,1
1,280,280,virtex7,xc7v2000tflg1925-2L,147,1.691,0,0,0,0
1,320,320,virtex7,xc7v2000tflg1925-2L,147,2.189,0,0,0,0
10,320,320,virtex7,xc7v2000tflg1925-2L,143,1.222,2,0,0,1
1,512,512,virtex7,xc7v2000tflg1925-2L,142,5.54,0,0,0,0
10,512,512,virtex7,xc7v2000tflg1925-2L,143,3.062,2,0,0,1
1,1024,1024,virtex7,xc7v2000tflg1925-2L,143,21.903,0,0,0,0
10,1024,1024,virtex7,xc7v2000tflg1925-2L,143,11.981,2,0,0,1
20,1024,1024,virtex7,xc7v2000tflg1925-2L,143,11.981,2,1,0,1
30,1024,1024,virtex7,xc7v2000tflg1925-2L,143,11.633,2,2,0,1
1,280,280,virtex7,xc7v2000tfhg1761-1,141,1.694,0,0,0,0
1,320,320,virtex7,xc7v2000tfhg1761-1,141,2.192,0,0,0,0
10,320,320,virtex7,xc7v2000tfhg1761-1,137,1.226,2,0,0,1
1,512,512,virtex7,xc7v2000tfhg1761-1,138,5.545,0,0,0,0
10,512,512,virtex7,xc7v2000tfhg1761-1,138,3.067,2,0,0,1
1,1024,1024,virtex7,xc7v2000tfhg1761-1,138,21.914,0,0,0,0
10,1024,1024,virtex7,xc7v2000tfhg1761-1,138,11.991,2,0,0,1
20,1024,1024,virtex7,xc7v2000tfhg1761-1,137,11.991,2,1,0,1
30,1024,1024,virtex7,xc7v2000tfhg1761-1,137,11.643,2,2,0,1
1,280,280,virtex7,xc7v2000tfhg1761-2,147,1.691,0,0,0,0
1,320,320,virtex7,xc7v2000tfhg1761-2,147,2.189,0,0,0,0
10,320,320,virtex7,xc7v2000tfhg1761-2,143,1.222,2,0,0,1
1,512,512,virtex7,xc7v2000tfhg1761-2,142,5.54,0,0,0,0
10,512,512,virtex7,xc7v2000tfhg1761-2,143,3.062,2,0,0,1
1,1024,1024,virtex7,xc7v2000tfhg1761-2,143,21.903,0,0,0,0
10,1024,1024,virtex7,xc7v2000tfhg1761-2,143,11.981,2,0,0,1
20,1024,1024,virtex7,xc7v2000tfhg1761-2,143,11.981,2,1,0,1
30,1024,1024,virtex7,xc7v2000tfhg1761-2,143,11.633,2,2,0,1
1,280,280,virtex7,xc7v2000tfhg1761-2G,147,1.691,0,0,0,0
1,320,320,virtex7,xc7v2000tfhg1761-2G,147,2.189,0,0,0,0
10,320,320,virtex7,xc7v2000tfhg1761-2G,143,1.222,2,0,0,1
1,512,512,virtex7,xc7v2000tfhg1761-2G,142,5.54,0,0,0,0
10,512,512,virtex7,xc7v2000tfhg1761-2G,143,3.062,2,0,0,1
1,1024,1024,virtex7,xc7v2000tfhg1761-2G,143,21.903,0,0,0,0
10,1024,1024,virtex7,xc7v2000tfhg1761-2G,143,11.981,2,0,0,1
20,1024,1024,virtex7,xc7v2000tfhg1761-2G,143,11.981,2,1,0,1
30,1024,1024,virtex7,xc7v2000tfhg1761-2G,143,11.633,2,2,0,1
1,280,280,virtex7,xc7v2000tfhg1761-2L,147,1.691,0,0,0,0
1,320,320,virtex7,xc7v2000tfhg1761-2L,147,2.189,0,0,0,0
10,320,320,virtex7,xc7v2000tfhg1761-2L,143,1.222,2,0,0,1
1,512,512,virtex7,xc7v2000tfhg1761-2L,142,5.54,0,0,0,0
10,512,512,virtex7,xc7v2000tfhg1761-2L,143,3.062,2,0,0,1
1,1024,1024,virtex7,xc7v2000tfhg1761-2L,143,21.903,0,0,0,0
10,1024,1024,virtex7,xc7v2000tfhg1761-2L,143,11.981,2,0,0,1
20,1024,1024,virtex7,xc7v2000tfhg1761-2L,143,11.981,2,1,0,1
30,1024,1024,virtex7,xc7v2000tfhg1761-2L,143,11.633,2,2,0,1
1,280,280,qvirtex7,xq7vx330trf1157-1I,141,1.694,0,1,0,1
1,320,320,qvirtex7,xq7vx330trf1157-1I,141,2.192,0,1,0,1
10,320,320,qvirtex7,xq7vx330trf1157-1I,137,1.226,5,5,0,2
1,512,512,qvirtex7,xq7vx330trf1157-1I,138,5.545,0,0,0,1
10,512,512,qvirtex7,xq7vx330trf1157-1I,138,3.067,5,5,0,2
1,1024,1024,qvirtex7,xq7vx330trf1157-1I,138,21.914,0,1,0,1
10,1024,1024,qvirtex7,xq7vx330trf1157-1I,138,11.991,5,5,0,2
20,1024,1024,qvirtex7,xq7vx330trf1157-1I,137,11.991,5,11,0,2
30,1024,1024,qvirtex7,xq7vx330trf1157-1I,137,11.643,5,14,0,3
1,280,280,qvirtex7,xq7vx330trf1157-1M,141,1.694,0,1,0,1
1,320,320,qvirtex7,xq7vx330trf1157-1M,141,2.192,0,1,0,1
10,320,320,qvirtex7,xq7vx330trf1157-1M,137,1.226,5,5,0,2
1,512,512,qvirtex7,xq7vx330trf1157-1M,138,5.545,0,0,0,1
10,512,512,qvirtex7,xq7vx330trf1157-1M,138,3.067,5,5,0,2
1,1024,1024,qvirtex7,xq7vx330trf1157-1M,138,21.914,0,1,0,1
10,1024,1024,qvirtex7,xq7vx330trf1157-1M,138,11.991,5,5,0,2
20,1024,1024,qvirtex7,xq7vx330trf1157-1M,137,11.991,5,11,0,2
30,1024,1024,qvirtex7,xq7vx330trf1157-1M,137,11.643,5,14,0,3
1,280,280,qvirtex7,xq7vx330trf1157-2I,147,1.691,0,1,0,1
1,320,320,qvirtex7,xq7vx330trf1157-2I,147,2.189,0,1,0,1
10,320,320,qvirtex7,xq7vx330trf1157-2I,143,1.222,5,5,0,2
1,512,512,qvirtex7,xq7vx330trf1157-2I,142,5.54,0,1,0,1
10,512,512,qvirtex7,xq7vx330trf1157-2I,143,3.062,5,5,0,2
1,1024,1024,qvirtex7,xq7vx330trf1157-2I,143,21.903,0,1,0,1
10,1024,1024,qvirtex7,xq7vx330trf1157-2I,143,11.981,5,5,0,2
20,1024,1024,qvirtex7,xq7vx330trf1157-2I,143,11.981,5,10,0,2
30,1024,1024,qvirtex7,xq7vx330trf1157-2I,143,11.633,5,15,0,3
1,280,280,qvirtex7,xq7vx330trf1157-2L,147,1.691,0,1,0,1
1,320,320,qvirtex7,xq7vx330trf1157-2L,147,2.189,0,1,0,1
10,320,320,qvirtex7,xq7vx330trf1157-2L,143,1.222,5,5,0,2
1,512,512,qvirtex7,xq7vx330trf1157-2L,142,5.54,0,1,0,1
10,512,512,qvirtex7,xq7vx330trf1157-2L,143,3.062,5,5,0,2
1,1024,1024,qvirtex7,xq7vx330trf1157-2L,143,21.903,0,1,0,1
10,1024,1024,qvirtex7,xq7vx330trf1157-2L,143,11.981,5,5,0,2
20,1024,1024,qvirtex7,xq7vx330trf1157-2L,143,11.981,5,10,0,2
30,1024,1024,qvirtex7,xq7vx330trf1157-2L,143,11.633,5,15,0,3
1,280,280,qvirtex7,xq7vx330trf1761-1I,141,1.694,0,1,0,1
1,320,320,qvirtex7,xq7vx330trf1761-1I,141,2.192,0,1,0,1
10,320,320,qvirtex7,xq7vx330trf1761-1I,137,1.226,5,5,0,2
1,512,512,qvirtex7,xq7vx330trf1761-1I,138,5.545,0,0,0,1
10,512,512,qvirtex7,xq7vx330trf1761-1I,138,3.067,5,5,0,2
1,1024,1024,qvirtex7,xq7vx330trf1761-1I,138,21.914,0,1,0,1
10,1024,1024,qvirtex7,xq7vx330trf1761-1I,138,11.991,5,5,0,2
1,280,280,kintex7,xc7k70tfbv676-1,146,1.694,1,5,2,5
1,320,320,kintex7,xc7k70tfbv676-1,146,2.192,1,5,2,5
10,320,320,kintex7,xc7k70tfbv676-1,137,1.226,24,26,2,12
1,512,512,kintex7,xc7k70tfbv676-1,139,5.545,1,5,1,8
10,512,512,kintex7,xc7k70tfbv676-1,137,3.067,24,27,2,12
1,1024,1024,kintex7,xc7k70tfbv676-1,139,21.914,1,5,2,8
10,1024,1024,kintex7,xc7k70tfbv676-1,137,11.991,24,27,2,12
20,1024,1024,kintex7,xc7k70tfbv676-1,137,11.991,25,55,3,11
30,1024,1024,kintex7,xc7k70tfbv676-1,137,11.643,25,74,3,16
1,280,280,kintex7,xc7k70tfbv676-2,149,1.691,1,5,1,5
1,320,320,kintex7,xc7k70tfbv676-2,149,2.189,1,5,1,5
10,320,320,kintex7,xc7k70tfbv676-2,143,1.222,24,26,2,12
1,512,512,kintex7,xc7k70tfbv676-2,144,5.54,1,5,2,8
10,512,512,kintex7,xc7k70tfbv676-2,143,3.062,24,26,2,12
1,1024,1024,kintex7,xc7k70tfbv676-2,145,21.903,1,5,2,8
10,1024,1024,kintex7,xc7k70tfbv676-2,143,11.981,24,27,2,12
20,1024,1024,kintex7,xc7k70tfbv676-2,143,11.981,25,54,3,11
30,1024,1024,kintex7,xc7k70tfbv676-2,143,11.633,25,77,3,16
1,280,280,kintex7,xc7k70tfbv676-2L,149,1.691,1,5,1,5
1,320,320,kintex7,xc7k70tfbv676-2L,149,2.189,1,5,1,5
10,320,320,kintex7,xc7k70tfbv676-2L,143,1.222,24,26,2,12
1,512,512,kintex7,xc7k70tfbv676-2L,144,5.54,1,5,2,8
10,512,512,kintex7,xc7k70tfbv676-2L,143,3.062,24,26,2,12
1,1024,1024,kintex7,xc7k70tfbv676-2L,145,21.903,1,5,2,8
10,1024,1024,kintex7,xc7k70tfbv676-2L,143,11.981,24,27,2,12
20,1024,1024,kintex7,xc7k70tfbv676-2L,143,11.981,25,54,3,11
30,1024,1024,kintex7,xc7k70tfbv676-2L,143,11.633,25,77,3,16
1,280,280,kintex7,xc7k70tfbv676-3,158,1.691,1,5,1,5
1,320,320,kintex7,xc7k70tfbv676-3,158,2.189,1,5,1,5
10,320,320,kintex7,xc7k70tfbv676-3,139,1.222,24,26,2,12
1,512,512,kintex7,xc7k70tfbv676-3,138,5.535,1,4,1,8
10,512,512,kintex7,xc7k70tfbv676-3,139,3.062,24,26,2,12
1,1024,1024,kintex7,xc7k70tfbv676-3,138,21.893,1,5,1,8
10,1024,1024,kintex7,xc7k70tfbv676-3,139,11.981,24,27,2,12
20,1024,1024,kintex7,xc7k70tfbv676-3,139,11.981,25,55,3,11
30,1024,1024,kintex7,xc7k70tfbv676-3,139,11.633,25,73,3,16
1,280,280,kintex7,xc7k70tfbv484-1,146,1.694,1,5,2,5
1,320,320,kintex7,xc7k70tfbv484-1,146,2.192,1,5,2,5
10,320,320,kintex7,xc7k70tfbv484-1,137,1.226,24,26,2,12
1,512,512,kintex7,xc7k70tfbv484-1,139,5.545,1,5,1,8
10,512,512,kintex7,xc7k70tfbv484-1,137,3.067,24,27,2,12
1,1024,1024,kintex7,xc7k70tfbv484-1,139,21.914,1,5,2,8
10,1024,1024,kintex7,xc7k70tfbv484-1,137,11.991,24,27,2,12
20,1024,1024,kintex7,xc7k70tfbv484-1,137,11.991,25,55,3,11
30,1024,1024,kintex7,xc7k70tfbv484-1,137,11.643,25,74,3,16
1,280,280,kintex7,xc7k70tfbv484-2,149,1.691,1,5,1,5
1,320,320,kintex7,xc7k70tfbv484-2,149,2.189,1,5,1,5
10,320,320,kintex7,xc7k70tfbv484-2,143,1.222,24,26,2,12
1,512,512,kintex7,xc7k70tfbv484-2,144,5.54,1,5,2,8
10,512,512,kintex7,xc7k70tfbv484-2,143,3.062,24,26,2,12
1,1024,1024,kintex7,xc7k70tfbv484-2,145,21.903,1,5,2,8
10,1024,1024,kintex7,xc7k70tfbv484-2,143,11.981,24,27,2,12
20,1024,1024,kintex7,xc7k70tfbv484-2,143,11.981,25,54,3,11
30,1024,1024,kintex7,xc7k70tfbv484-2,143,11.633,25,77,3,16
1,280,280,kintex7,xc7k70tfbv484-2L,149,1.691,1,5,1,5
1,320,320,kintex7,xc7k70tfbv484-2L,149,2.189,1,5,1,5
10,320,320,kintex7,xc7k70tfbv484-2L,143,1.222,24,26,2,12
1,512,512,kintex7,xc7k70tfbv484-2L,144,5.54,1,5,2,8
10,512,512,kintex7,xc7k70tfbv484-2L,143,3.062,24,26,2,12
1,1024,1024,kintex7,xc7k70tfbv484-2L,145,21.903,1,5,2,8
10,1024,1024,kintex7,xc7k70tfbv484-2L,143,11.981,24,27,2,12
20,1024,1024,kintex7,xc7k70tfbv484-2L,143,11.981,25,54,3,11
30,1024,1024,kintex7,xc7k70tfbv484-2L,143,11.633,25,77,3,16
1,280,280,kintex7,xc7k70tfbv484-3,158,1.691,1,5,1,5
1,320,320,kintex7,xc7k70tfbv484-3,158,2.189,1,5,1,5
10,320,320,kintex7,xc7k70tfbv484-3,139,1.222,24,26,2,12
1,512,512,kintex7,xc7k70tfbv484-3,138,5.535,1,4,1,8
10,512,512,kintex7,xc7k70tfbv484-3,139,3.062,24,26,2,12
1,1024,1024,kintex7,xc7k70tfbv484-3,138,21.893,1,5,1,8
10,1024,1024,kintex7,xc7k70tfbv484-3,139,11.981,24,27,2,12
20,1024,1024,kintex7,xc7k70tfbv484-3,139,11.981,25,55,3,11
30,1024,1024,kintex7,xc7k70tfbv484-3,139,11.633,25,73,3,16
1,280,280,kintex7,xc7k70tfbg676-1,146,1.694,1,5,2,5
1,320,320,kintex7,xc7k70tfbg676-1,146,2.192,1,5,2,5
10,320,320,kintex7,xc7k70tfbg676-1,137,1.226,24,26,2,12
1,512,512,kintex7,xc7k70tfbg676-1,139,5.545,1,5,1,8
10,512,512,kintex7,xc7k70tfbg676-1,137,3.067,24,27,2,12
1,1024,1024,kintex7,xc7k70tfbg676-1,139,21.914,1,5,2,8
10,1024,1024,kintex7,xc7k70tfbg676-1,137,11.991,24,27,2,12
20,1024,1024,kintex7,xc7k70tfbg676-1,137,11.991,25,55,3,11
30,1024,1024,kintex7,xc7k70tfbg676-1,137,11.643,25,74,3,16
1,280,280,kintex7,xc7k70tfbg676-2,149,1.691,1,5,1,5
1,320,320,kintex7,xc7k70tfbg676-2,149,2.189,1,5,1,5
10,320,320,kintex7,xc7k70tfbg676-2,143,1.222,24,26,2,12
1,512,512,kintex7,xc7k70tfbg676-2,144,5.54,1,5,2,8
10,512,512,kintex7,xc7k70tfbg676-2,143,3.062,24,26,2,12
1,1024,1024,kintex7,xc7k70tfbg676-2,145,21.903,1,5,2,8
10,1024,1024,kintex7,xc7k70tfbg676-2,143,11.981,24,27,2,12
20,1024,1024,kintex7,xc7k70tfbg676-2,143,11.981,25,54,3,11
30,1024,1024,kintex7,xc7k70tfbg676-2,143,11.633,25,77,3,16
1,280,280,kintex7,xc7k70tfbg676-2L,149,1.691,1,5,1,5
1,320,320,kintex7,xc7k70tfbg676-2L,149,2.189,1,5,1,5
10,320,320,kintex7,xc7k70tfbg676-2L,143,1.222,24,26,2,12
1,512,512,kintex7,xc7k70tfbg676-2L,144,5.54,1,5,2,8
10,512,512,kintex7,xc7k70tfbg676-2L,143,3.062,24,26,2,12
1,1024,1024,kintex7,xc7k70tfbg676-2L,145,21.903,1,5,2,8
10,1024,1024,kintex7,xc7k70tfbg676-2L,143,11.981,24,27,2,12
20,1024,1024,kintex7,xc7k70tfbg676-2L,143,11.981,25,54,3,11
30,1024,1024,kintex7,xc7k70tfbg676-2L,143,11.633,25,77,3,16
1,280,280,kintex7,xc7k70tfbg676-3,158,1.691,1,5,1,5
1,320,320,kintex7,xc7k70tfbg676-3,158,2.189,1,5,1,5
10,320,320,kintex7,xc7k70tfbg676-3,139,1.222,24,26,2,12
1,512,512,kintex7,xc7k70tfbg676-3,138,5.535,1,4,1,8
10,512,512,kintex7,xc7k70tfbg676-3,139,3.062,24,26,2,12
1,1024,1024,kintex7,xc7k70tfbg676-3,138,21.893,1,5,1,8
10,1024,1024,kintex7,xc7k70tfbg676-3,139,11.981,24,27,2,12
20,1024,1024,kintex7,xc7k70tfbg676-3,139,11.981,25,55,3,11
30,1024,1024,kintex7,xc7k70tfbg676-3,139,11.633,25,73,3,16
1,280,280,kintex7,xc7k70tfbg484-1,146,1.694,1,5,2,5
1,320,320,kintex7,xc7k70tfbg484-1,146,2.192,1,5,2,5
10,320,320,kintex7,xc7k70tfbg484-1,137,1.226,24,26,2,12
1,512,512,kintex7,xc7k70tfbg484-1,139,5.545,1,5,1,8
10,512,512,kintex7,xc7k70tfbg484-1,137,3.067,24,27,2,12
1,1024,1024,kintex7,xc7k70tfbg484-1,139,21.914,1,5,2,8
10,1024,1024,kintex7,xc7k70tfbg484-1,137,11.991,24,27,2,12
1,280,280,kintex7,xc7k70tfbg484-2,149,1.691,1,5,1,5
1,320,320,kintex7,xc7k70tfbg484-2,149,2.189,1,5,1,5
10,320,320,kintex7,xc7k70tfbg484-2,143,1.222,24,26,2,12
1,512,512,kintex7,xc7k70tfbg484-2,144,5.54,1,5,2,8
10,512,512,kintex7,xc7k70tfbg484-2,143,3.062,24,26,2,12
1,1024,1024,kintex7,xc7k70tfbg484-2,145,21.903,1,5,2,8
10,1024,1024,kintex7,xc7k70tfbg484-2,143,11.981,24,27,2,12
20,1024,1024,kintex7,xc7k70tfbg484-2,143,11.981,25,54,3,11
30,1024,1024,kintex7,xc7k70tfbg484-2,143,11.633,25,77,3,16
1,280,280,kintex7,xc7k70tfbg484-2L,149,1.691,1,5,1,5
1,320,320,kintex7,xc7k70tfbg484-2L,149,2.189,1,5,1,5
10,320,320,kintex7,xc7k70tfbg484-2L,143,1.222,24,26,2,12
1,512,512,kintex7,xc7k70tfbg484-2L,144,5.54,1,5,2,8
10,512,512,kintex7,xc7k70tfbg484-2L,143,3.062,24,26,2,12
1,1024,1024,kintex7,xc7k70tfbg484-2L,145,21.903,1,5,2,8
10,1024,1024,kintex7,xc7k70tfbg484-2L,143,11.981,24,27,2,12
20,1024,1024,kintex7,xc7k70tfbg484-2L,143,11.981,25,54,3,11
30,1024,1024,kintex7,xc7k70tfbg484-2L,143,11.633,25,77,3,16
1,280,280,kintex7,xc7k70tfbg484-3,158,1.691,1,5,1,5
1,320,320,kintex7,xc7k70tfbg484-3,158,2.189,1,5,1,5
10,320,320,kintex7,xc7k70tfbg484-3,139,1.222,24,26,2,12
1,512,512,kintex7,xc7k70tfbg484-3,138,5.535,1,4,1,8
10,512,512,kintex7,xc7k70tfbg484-3,139,3.062,24,26,2,12
1,1024,1024,kintex7,xc7k70tfbg484-3,138,21.893,1,5,1,8
10,1024,1024,kintex7,xc7k70tfbg484-3,139,11.981,24,27,2,12
20,1024,1024,kintex7,xc7k70tfbg484-3,139,11.981,25,55,3,11
30,1024,1024,kintex7,xc7k70tfbg484-3,139,11.633,25,73,3,16
1,280,280,kintex7,xc7k160tfbg484-1,146,1.694,0,2,0,2
1,320,320,kintex7,xc7k160tfbg484-1,146,2.192,0,2,0,2
10,320,320,kintex7,xc7k160tfbg484-1,137,1.226,9,10,1,5
1,512,512,kintex7,xc7k160tfbg484-1,139,5.545,0,2,0,3
10,512,512,kintex7,xc7k160tfbg484-1,137,3.067,9,10,1,5
1,1024,1024,kintex7,xc7k160tfbg484-1,139,21.914,0,2,0,3
10,1024,1024,kintex7,xc7k160tfbg484-1,137,11.991,9,11,1,5
20,1024,1024,kintex7,xc7k160tfbg484-1,137,11.991,10,22,1,4
30,1024,1024,kintex7,xc7k160tfbg484-1,137,11.643,10,29,1,6
1,280,280,kintex7,xc7k160tfbg484-2,149,1.691,0,2,0,2
1,320,320,kintex7,xc7k160tfbg484-2,149,2.189,0,2,0,2
10,320,320,kintex7,xc7k160tfbg484-2,143,1.222,9,10,0,5
1,512,512,kintex7,xc7k160tfbg484-2,144,5.54,0,2,0,3
10,512,512,kintex7,xc7k160tfbg484-2,143,3.062,9,10,0,5
1,1024,1024,kintex7,xc7k160tfbg484-2,145,21.903,0,2,0,3
10,1024,1024,kintex7,xc7k160tfbg484-2,143,11.981,9,11,1,5
20,1024,1024,kintex7,xc7k160tfbg484-2,143,11.981,10,21,1,4
30,1024,1024,kintex7,xc7k160tfbg484-2,143,11.633,10,31,1,6
1,280,280,kintex7,xc7k160tfbg484-2L,149,1.691,0,2,0,2
1,320,320,kintex7,xc7k160tfbg484-2L,149,2.189,0,2,0,2
10,320,320,kintex7,xc7k160tfbg484-2L,143,1.222,9,10,0,5
1,512,512,kintex7,xc7k160tfbg484-2L,144,5.54,0,2,0,3
10,512,512,kintex7,xc7k160tfbg484-2L,143,3.062,9,10,0,5
1,1024,1024,kintex7,xc7k160tfbg484-2L,145,21.903,0,2,0,3
10,1024,1024,kintex7,xc7k160tfbg484-2L,143,11.981,9,11,1,5
20,1024,1024,kintex7,xc7k160tfbg484-2L,143,11.981,10,21,1,4
30,1024,1024,kintex7,xc7k160tfbg484-2L,143,11.633,10,31,1,6
1,280,280,kintex7,xc7k160tfbg484-3,158,1.691,0,2,0,2
1,320,320,kintex7,xc7k160tfbg484-3,158,2.189,0,2,0,2
10,320,320,kintex7,xc7k160tfbg484-3,139,1.222,9,10,0,5
1,512,512,kintex7,xc7k160tfbg484-3,138,5.535,0,2,0,3
10,512,512,kintex7,xc7k160tfbg484-3,139,3.062,9,10,0,5
1,1024,1024,kintex7,xc7k160tfbg484-3,138,21.893,0,2,0,3
10,1024,1024,kintex7,xc7k160tfbg484-3,139,11.981,9,11,1,5
20,1024,1024,kintex7,xc7k160tfbg484-3,139,11.981,10,22,1,4
30,1024,1024,kintex7,xc7k160tfbg484-3,139,11.633,10,29,1,6
1,280,280,kintex7,xc7k160tfbg676-1,146,1.694,0,2,0,2
1,320,320,kintex7,xc7k160tfbg676-1,146,2.192,0,2,0,2
10,320,320,kintex7,xc7k160tfbg676-1,137,1.226,9,10,1,5
1,512,512,kintex7,xc7k160tfbg676-1,139,5.545,0,2,0,3
10,512,512,kintex7,xc7k160tfbg676-1,137,3.067,9,10,1,5
1,1024,1024,kintex7,xc7k160tfbg676-1,139,21.914,0,2,0,3
10,1024,1024,kintex7,xc7k160tfbg676-1,137,11.991,9,11,1,5
20,1024,1024,kintex7,xc7k160tfbg676-1,137,11.991,10,22,1,4
30,1024,1024,kintex7,xc7k160tfbg676-1,137,11.643,10,29,1,6
1,280,280,kintex7,xc7k160tfbg676-2,149,1.691,0,2,0,2
1,320,320,kintex7,xc7k160tfbg676-2,149,2.189,0,2,0,2
10,320,320,kintex7,xc7k160tfbg676-2,143,1.222,9,10,0,5
1,512,512,kintex7,xc7k160tfbg676-2,144,5.54,0,2,0,3
10,512,512,kintex7,xc7k160tfbg676-2,143,3.062,9,10,0,5
1,1024,1024,kintex7,xc7k160tfbg676-2,145,21.903,0,2,0,3
10,1024,1024,kintex7,xc7k160tfbg676-2,143,11.981,9,11,1,5
20,1024,1024,kintex7,xc7k160tfbg676-2,143,11.981,10,21,1,4
30,1024,1024,kintex7,xc7k160tfbg676-2,143,11.633,10,31,1,6
1,280,280,kintex7,xc7k160tfbg676-2L,149,1.691,0,2,0,2
1,320,320,kintex7,xc7k160tfbg676-2L,149,2.189,0,2,0,2
10,320,320,kintex7,xc7k160tfbg676-2L,143,1.222,9,10,0,5
1,512,512,kintex7,xc7k160tfbg676-2L,144,5.54,0,2,0,3
10,512,512,kintex7,xc7k160tfbg676-2L,143,3.062,9,10,0,5
1,1024,1024,kintex7,xc7k160tfbg676-2L,145,21.903,0,2,0,3
10,1024,1024,kintex7,xc7k160tfbg676-2L,143,11.981,9,11,1,5
20,1024,1024,kintex7,xc7k160tfbg676-2L,143,11.981,10,21,1,4
30,1024,1024,kintex7,xc7k160tfbg676-2L,143,11.633,10,31,1,6
1,280,280,kintex7,xc7k160tfbg676-3,158,1.691,0,2,0,2
1,320,320,kintex7,xc7k160tfbg676-3,158,2.189,0,2,0,2
10,320,320,kintex7,xc7k160tfbg676-3,139,1.222,9,10,0,5
1,512,512,kintex7,xc7k160tfbg676-3,138,5.535,0,2,0,3
10,512,512,kintex7,xc7k160tfbg676-3,139,3.062,9,10,0,5
1,1024,1024,kintex7,xc7k160tfbg676-3,138,21.893,0,2,0,3
10,1024,1024,kintex7,xc7k160tfbg676-3,139,11.981,9,11,1,5
20,1024,1024,kintex7,xc7k160tfbg676-3,139,11.981,10,22,1,4
30,1024,1024,kintex7,xc7k160tfbg676-3,139,11.633,10,29,1,6
1,280,280,kintex7,xc7k160tfbv484-1,146,1.694,0,2,0,2
1,320,320,kintex7,xc7k160tfbv484-1,146,2.192,0,2,0,2
10,320,320,kintex7,xc7k160tfbv484-1,137,1.226,9,10,1,5
1,512,512,kintex7,xc7k160tfbv484-1,139,5.545,0,2,0,3
10,512,512,kintex7,xc7k160tfbv484-1,137,3.067,9,10,1,5
1,1024,1024,kintex7,xc7k160tfbv484-1,139,21.914,0,2,0,3
10,1024,1024,kintex7,xc7k160tfbv484-1,137,11.991,9,11,1,5
20,1024,1024,kintex7,xc7k160tfbv484-1,137,11.991,10,22,1,4
30,1024,1024,kintex7,xc7k160tfbv484-1,137,11.643,10,29,1,6
1,280,280,kintex7,xc7k160tfbv484-2,149,1.691,0,2,0,2
1,320,320,kintex7,xc7k160tfbv484-2,149,2.189,0,2,0,2
10,320,320,kintex7,xc7k160tfbv484-2,143,1.222,9,10,0,5
1,512,512,kintex7,xc7k160tfbv484-2,144,5.54,0,2,0,3
10,512,512,kintex7,xc7k160tfbv484-2,143,3.062,9,10,0,5
1,1024,1024,kintex7,xc7k160tfbv484-2,145,21.903,0,2,0,3
10,1024,1024,kintex7,xc7k160tfbv484-2,143,11.981,9,11,1,5
1,280,280,kintex7,xc7k160tfbv484-2L,149,1.691,0,2,0,2
1,320,320,kintex7,xc7k160tfbv484-2L,149,2.189,0,2,0,2
10,320,320,kintex7,xc7k160tfbv484-2L,143,1.222,9,10,0,5
1,512,512,kintex7,xc7k160tfbv484-2L,144,5.54,0,2,0,3
10,512,512,kintex7,xc7k160tfbv484-2L,143,3.062,9,10,0,5
1,1024,1024,kintex7,xc7k160tfbv484-2L,145,21.903,0,2,0,3
10,1024,1024,kintex7,xc7k160tfbv484-2L,143,11.981,9,11,1,5
20,1024,1024,kintex7,xc7k160tfbv484-2L,143,11.981,10,21,1,4
30,1024,1024,kintex7,xc7k160tfbv484-2L,143,11.633,10,31,1,6
1,280,280,kintex7,xc7k160tfbv484-3,158,1.691,0,2,0,2
1,320,320,kintex7,xc7k160tfbv484-3,158,2.189,0,2,0,2
10,320,320,kintex7,xc7k160tfbv484-3,139,1.222,9,10,0,5
1,512,512,kintex7,xc7k160tfbv484-3,138,5.535,0,2,0,3
10,512,512,kintex7,xc7k160tfbv484-3,139,3.062,9,10,0,5
1,1024,1024,kintex7,xc7k160tfbv484-3,138,21.893,0,2,0,3
10,1024,1024,kintex7,xc7k160tfbv484-3,139,11.981,9,11,1,5
20,1024,1024,kintex7,xc7k160tfbv484-3,139,11.981,10,22,1,4
30,1024,1024,kintex7,xc7k160tfbv484-3,139,11.633,10,29,1,6
1,280,280,kintex7,xc7k160tfbv676-1,146,1.694,0,2,0,2
1,320,320,kintex7,xc7k160tfbv676-1,146,2.192,0,2,0,2
10,320,320,kintex7,xc7k160tfbv676-1,137,1.226,9,10,1,5
1,512,512,kintex7,xc7k160tfbv676-1,139,5.545,0,2,0,3
10,512,512,kintex7,xc7k160tfbv676-1,137,3.067,9,10,1,5
1,1024,1024,kintex7,xc7k160tfbv676-1,139,21.914,0,2,0,3
10,1024,1024,kintex7,xc7k160tfbv676-1,137,11.991,9,11,1,5
20,1024,1024,kintex7,xc7k160tfbv676-1,137,11.991,10,22,1,4
30,1024,1024,kintex7,xc7k160tfbv676-1,137,11.643,10,29,1,6
1,280,280,kintex7,xc7k160tfbv676-2,149,1.691,0,2,0,2
1,320,320,kintex7,xc7k160tfbv676-2,149,2.189,0,2,0,2
10,320,320,kintex7,xc7k160tfbv676-2,143,1.222,9,10,0,5
1,512,512,kintex7,xc7k160tfbv676-2,144,5.54,0,2,0,3
10,512,512,kintex7,xc7k160tfbv676-2,143,3.062,9,10,0,5
1,1024,1024,kintex7,xc7k160tfbv676-2,145,21.903,0,2,0,3
10,1024,1024,kintex7,xc7k160tfbv676-2,143,11.981,9,11,1,5
20,1024,1024,kintex7,xc7k160tfbv676-2,143,11.981,10,21,1,4
30,1024,1024,kintex7,xc7k160tfbv676-2,143,11.633,10,31,1,6
1,280,280,kintex7,xc7k160tfbv676-2L,149,1.691,0,2,0,2
1,320,320,kintex7,xc7k160tfbv676-2L,149,2.189,0,2,0,2
10,320,320,kintex7,xc7k160tfbv676-2L,143,1.222,9,10,0,5
1,512,512,kintex7,xc7k160tfbv676-2L,144,5.54,0,2,0,3
10,512,512,kintex7,xc7k160tfbv676-2L,143,3.062,9,10,0,5
1,1024,1024,kintex7,xc7k160tfbv676-2L,145,21.903,0,2,0,3
10,1024,1024,kintex7,xc7k160tfbv676-2L,143,11.981,9,11,1,5
20,1024,1024,kintex7,xc7k160tfbv676-2L,143,11.981,10,21,1,4
30,1024,1024,kintex7,xc7k160tfbv676-2L,143,11.633,10,31,1,6
1,280,280,kintex7,xc7k160tfbv676-3,158,1.691,0,2,0,2
1,320,320,kintex7,xc7k160tfbv676-3,158,2.189,0,2,0,2
10,320,320,kintex7,xc7k160tfbv676-3,139,1.222,9,10,0,5
1,512,512,kintex7,xc7k160tfbv676-3,138,5.535,0,2,0,3
10,512,512,kintex7,xc7k160tfbv676-3,139,3.062,9,10,0,5
1,1024,1024,kintex7,xc7k160tfbv676-3,138,21.893,0,2,0,3
10,1024,1024,kintex7,xc7k160tfbv676-3,139,11.981,9,11,1,5
20,1024,1024,kintex7,xc7k160tfbv676-3,139,11.981,10,22,1,4
30,1024,1024,kintex7,xc7k160tfbv676-3,139,11.633,10,29,1,6
1,280,280,kintex7,xc7k160tffg676-1,146,1.694,0,2,0,2
1,320,320,kintex7,xc7k160tffg676-1,146,2.192,0,2,0,2
10,320,320,kintex7,xc7k160tffg676-1,137,1.226,9,10,1,5
1,512,512,kintex7,xc7k160tffg676-1,139,5.545,0,2,0,3
10,512,512,kintex7,xc7k160tffg676-1,137,3.067,9,10,1,5
1,1024,1024,kintex7,xc7k160tffg676-1,139,21.914,0,2,0,3
10,1024,1024,kintex7,xc7k160tffg676-1,137,11.991,9,11,1,5
20,1024,1024,kintex7,xc7k160tffg676-1,137,11.991,10,22,1,4
30,1024,1024,kintex7,xc7k160tffg676-1,137,11.643,10,29,1,6
1,280,280,kintex7,xc7k160tffg676-2,149,1.691,0,2,0,2
1,320,320,kintex7,xc7k160tffg676-2,149,2.189,0,2,0,2
10,320,320,kintex7,xc7k160tffg676-2,143,1.222,9,10,0,5
1,512,512,kintex7,xc7k160tffg676-2,144,5.54,0,2,0,3
10,512,512,kintex7,xc7k160tffg676-2,143,3.062,9,10,0,5
1,1024,1024,kintex7,xc7k160tffg676-2,145,21.903,0,2,0,3
10,1024,1024,kintex7,xc7k160tffg676-2,143,11.981,9,11,1,5
20,1024,1024,kintex7,xc7k160tffg676-2,143,11.981,10,21,1,4
30,1024,1024,kintex7,xc7k160tffg676-2,143,11.633,10,31,1,6
1,280,280,kintex7,xc7k160tffg676-2L,149,1.691,0,2,0,2
1,320,320,kintex7,xc7k160tffg676-2L,149,2.189,0,2,0,2
10,320,320,kintex7,xc7k160tffg676-2L,143,1.222,9,10,0,5
1,512,512,kintex7,xc7k160tffg676-2L,144,5.54,0,2,0,3
10,512,512,kintex7,xc7k160tffg676-2L,143,3.062,9,10,0,5
1,1024,1024,kintex7,xc7k160tffg676-2L,145,21.903,0,2,0,3
10,1024,1024,kintex7,xc7k160tffg676-2L,143,11.981,9,11,1,5
20,1024,1024,kintex7,xc7k160tffg676-2L,143,11.981,10,21,1,4
30,1024,1024,kintex7,xc7k160tffg676-2L,143,11.633,10,31,1,6
1,280,280,kintex7,xc7k160tffg676-3,158,1.691,0,2,0,2
1,320,320,kintex7,xc7k160tffg676-3,158,2.189,0,2,0,2
10,320,320,kintex7,xc7k160tffg676-3,139,1.222,9,10,0,5
1,512,512,kintex7,xc7k160tffg676-3,138,5.535,0,2,0,3
10,512,512,kintex7,xc7k160tffg676-3,139,3.062,9,10,0,5
1,1024,1024,kintex7,xc7k160tffg676-3,138,21.893,0,2,0,3
10,1024,1024,kintex7,xc7k160tffg676-3,139,11.981,9,11,1,5
20,1024,1024,kintex7,xc7k160tffg676-3,139,11.981,10,22,1,4
30,1024,1024,kintex7,xc7k160tffg676-3,139,11.633,10,29,1,6
1,280,280,kintex7,xc7k160tffv676-1,146,1.694,0,2,0,2
1,320,320,kintex7,xc7k160tffv676-1,146,2.192,0,2,0,2
10,320,320,kintex7,xc7k160tffv676-1,137,1.226,9,10,1,5
1,512,512,kintex7,xc7k160tffv676-1,139,5.545,0,2,0,3
10,512,512,kintex7,xc7k160tffv676-1,137,3.067,9,10,1,5
1,1024,1024,kintex7,xc7k160tffv676-1,139,21.914,0,2,0,3
10,1024,1024,kintex7,xc7k160tffv676-1,137,11.991,9,11,1,5
20,1024,1024,kintex7,xc7k160tffv676-1,137,11.991,10,22,1,4
30,1024,1024,kintex7,xc7k160tffv676-1,137,11.643,10,29,1,6
1,280,280,kintex7,xc7k160tffv676-2,149,1.691,0,2,0,2
1,320,320,kintex7,xc7k160tffv676-2,149,2.189,0,2,0,2
10,320,320,kintex7,xc7k160tffv676-2,143,1.222,9,10,0,5
1,512,512,kintex7,xc7k160tffv676-2,144,5.54,0,2,0,3
10,512,512,kintex7,xc7k160tffv676-2,143,3.062,9,10,0,5
1,1024,1024,kintex7,xc7k160tffv676-2,145,21.903,0,2,0,3
10,1024,1024,kintex7,xc7k160tffv676-2,143,11.981,9,11,1,5
20,1024,1024,kintex7,xc7k160tffv676-2,143,11.981,10,21,1,4
30,1024,1024,kintex7,xc7k160tffv676-2,143,11.633,10,31,1,6
1,280,280,kintex7,xc7k160tffv676-2L,149,1.691,0,2,0,2
1,320,320,kintex7,xc7k160tffv676-2L,149,2.189,0,2,0,2
10,320,320,kintex7,xc7k160tffv676-2L,143,1.222,9,10,0,5
1,512,512,kintex7,xc7k160tffv676-2L,144,5.54,0,2,0,3
10,512,512,kintex7,xc7k160tffv676-2L,143,3.062,9,10,0,5
1,1024,1024,kintex7,xc7k160tffv676-2L,145,21.903,0,2,0,3
10,1024,1024,kintex7,xc7k160tffv676-2L,143,11.981,9,11,1,5
1,280,280,kintex7,xc7k160tffv676-3,158,1.691,0,2,0,2
1,320,320,kintex7,xc7k160tffv676-3,158,2.189,0,2,0,2
10,320,320,kintex7,xc7k160tffv676-3,139,1.222,9,10,0,5
1,512,512,kintex7,xc7k160tffv676-3,138,5.535,0,2,0,3
10,512,512,kintex7,xc7k160tffv676-3,139,3.062,9,10,0,5
1,1024,1024,kintex7,xc7k160tffv676-3,138,21.893,0,2,0,3
10,1024,1024,kintex7,xc7k160tffv676-3,139,11.981,9,11,1,5
20,1024,1024,kintex7,xc7k160tffv676-3,139,11.981,10,22,1,4
30,1024,1024,kintex7,xc7k160tffv676-3,139,11.633,10,29,1,6
1,280,280,kintex7,xc7k160tifbv676-2L,149,1.691,0,2,0,2
1,320,320,kintex7,xc7k160tifbv676-2L,149,2.189,0,2,0,2
10,320,320,kintex7,xc7k160tifbv676-2L,143,1.222,9,10,0,5
1,512,512,kintex7,xc7k160tifbv676-2L,144,5.54,0,2,0,3
10,512,512,kintex7,xc7k160tifbv676-2L,143,3.062,9,10,0,5
1,1024,1024,kintex7,xc7k160tifbv676-2L,145,21.903,0,2,0,3
10,1024,1024,kintex7,xc7k160tifbv676-2L,143,11.981,9,11,1,5
20,1024,1024,kintex7,xc7k160tifbv676-2L,143,11.981,10,21,1,4
30,1024,1024,kintex7,xc7k160tifbv676-2L,143,11.633,10,31,1,6
1,280,280,kintex7,xc7k160tifbg484-2L,149,1.691,0,2,0,2
1,320,320,kintex7,xc7k160tifbg484-2L,149,2.189,0,2,0,2
10,320,320,kintex7,xc7k160tifbg484-2L,143,1.222,9,10,0,5
1,512,512,kintex7,xc7k160tifbg484-2L,144,5.54,0,2,0,3
10,512,512,kintex7,xc7k160tifbg484-2L,143,3.062,9,10,0,5
1,1024,1024,kintex7,xc7k160tifbg484-2L,145,21.903,0,2,0,3
10,1024,1024,kintex7,xc7k160tifbg484-2L,143,11.981,9,11,1,5
20,1024,1024,kintex7,xc7k160tifbg484-2L,143,11.981,10,21,1,4
30,1024,1024,kintex7,xc7k160tifbg484-2L,143,11.633,10,31,1,6
1,280,280,kintex7,xc7k160tifbg676-2L,149,1.691,0,2,0,2
1,320,320,kintex7,xc7k160tifbg676-2L,149,2.189,0,2,0,2
10,320,320,kintex7,xc7k160tifbg676-2L,143,1.222,9,10,0,5
1,512,512,kintex7,xc7k160tifbg676-2L,144,5.54,0,2,0,3
10,512,512,kintex7,xc7k160tifbg676-2L,143,3.062,9,10,0,5
1,1024,1024,kintex7,xc7k160tifbg676-2L,145,21.903,0,2,0,3
10,1024,1024,kintex7,xc7k160tifbg676-2L,143,11.981,9,11,1,5
20,1024,1024,kintex7,xc7k160tifbg676-2L,143,11.981,10,21,1,4
30,1024,1024,kintex7,xc7k160tifbg676-2L,143,11.633,10,31,1,6
1,280,280,kintex7,xc7k160tifbv484-2L,149,1.691,0,2,0,2
1,320,320,kintex7,xc7k160tifbv484-2L,149,2.189,0,2,0,2
10,320,320,kintex7,xc7k160tifbv484-2L,143,1.222,9,10,0,5
1,512,512,kintex7,xc7k160tifbv484-2L,144,5.54,0,2,0,3
10,512,512,kintex7,xc7k160tifbv484-2L,143,3.062,9,10,0,5
1,1024,1024,kintex7,xc7k160tifbv484-2L,145,21.903,0,2,0,3
10,1024,1024,kintex7,xc7k160tifbv484-2L,143,11.981,9,11,1,5
20,1024,1024,kintex7,xc7k160tifbv484-2L,143,11.981,10,21,1,4
30,1024,1024,kintex7,xc7k160tifbv484-2L,143,11.633,10,31,1,6
1,280,280,kintex7,xc7k160tiffv676-2L,149,1.691,0,2,0,2
1,320,320,kintex7,xc7k160tiffv676-2L,149,2.189,0,2,0,2
10,320,320,kintex7,xc7k160tiffv676-2L,143,1.222,9,10,0,5
1,512,512,kintex7,xc7k160tiffv676-2L,144,5.54,0,2,0,3
10,512,512,kintex7,xc7k160tiffv676-2L,143,3.062,9,10,0,5
1,1024,1024,kintex7,xc7k160tiffv676-2L,145,21.903,0,2,0,3
10,1024,1024,kintex7,xc7k160tiffv676-2L,143,11.981,9,11,1,5
20,1024,1024,kintex7,xc7k160tiffv676-2L,143,11.981,10,21,1,4
30,1024,1024,kintex7,xc7k160tiffv676-2L,143,11.633,10,31,1,6
1,280,280,kintex7,xc7k160tiffg676-2L,149,1.691,0,2,0,2
1,320,320,kintex7,xc7k160tiffg676-2L,149,2.189,0,2,0,2
10,320,320,kintex7,xc7k160tiffg676-2L,143,1.222,9,10,0,5
1,512,512,kintex7,xc7k160tiffg676-2L,144,5.54,0,2,0,3
10,512,512,kintex7,xc7k160tiffg676-2L,143,3.062,9,10,0,5
1,1024,1024,kintex7,xc7k160tiffg676-2L,145,21.903,0,2,0,3
10,1024,1024,kintex7,xc7k160tiffg676-2L,143,11.981,9,11,1,5
20,1024,1024,kintex7,xc7k160tiffg676-2L,143,11.981,10,21,1,4
30,1024,1024,kintex7,xc7k160tiffg676-2L,143,11.633,10,31,1,6
1,280,280,kintex7,xc7k325tiffv676-2L,149,1.691,0,1,0,1
1,320,320,kintex7,xc7k325tiffv676-2L,149,2.189,0,1,0,1
10,320,320,kintex7,xc7k325tiffv676-2L,143,1.222,6,5,0,3
1,512,512,kintex7,xc7k325tiffv676-2L,144,5.54,0,1,0,2
10,512,512,kintex7,xc7k325tiffv676-2L,143,3.062,6,5,0,3
1,1024,1024,kintex7,xc7k325tiffv676-2L,145,21.903,0,1,0,2
10,1024,1024,kintex7,xc7k325tiffv676-2L,143,11.981,6,5,0,3
20,1024,1024,kintex7,xc7k325tiffv676-2L,143,11.981,7,10,0,3
30,1024,1024,kintex7,xc7k325tiffv676-2L,143,11.633,7,15,0,5
1,280,280,kintex7,xc7k325tiffv900-2L,149,1.691,0,1,0,1
1,320,320,kintex7,xc7k325tiffv900-2L,149,2.189,0,1,0,1
10,320,320,kintex7,xc7k325tiffv900-2L,143,1.222,6,5,0,3
1,512,512,kintex7,xc7k325tiffv900-2L,144,5.54,0,1,0,2
10,512,512,kintex7,xc7k325tiffv900-2L,143,3.062,6,5,0,3
1,1024,1024,kintex7,xc7k325tiffv900-2L,145,21.903,0,1,0,2
10,1024,1024,kintex7,xc7k325tiffv900-2L,143,11.981,6,5,0,3
20,1024,1024,kintex7,xc7k325tiffv900-2L,143,11.981,7,10,0,3
30,1024,1024,kintex7,xc7k325tiffv900-2L,143,11.633,7,15,0,5
1,280,280,kintex7,xc7k325tifbg676-2L,149,1.691,0,1,0,1
1,320,320,kintex7,xc7k325tifbg676-2L,149,2.189,0,1,0,1
10,320,320,kintex7,xc7k325tifbg676-2L,143,1.222,6,5,0,3
1,512,512,kintex7,xc7k325tifbg676-2L,144,5.54,0,1,0,2
10,512,512,kintex7,xc7k325tifbg676-2L,143,3.062,6,5,0,3
1,1024,1024,kintex7,xc7k325tifbg676-2L,145,21.903,0,1,0,2
10,1024,1024,kintex7,xc7k325tifbg676-2L,143,11.981,6,5,0,3
20,1024,1024,kintex7,xc7k325tifbg676-2L,143,11.981,7,10,0,3
30,1024,1024,kintex7,xc7k325tifbg676-2L,143,11.633,7,15,0,5
1,280,280,kintex7,xc7k325tifbg900-2L,149,1.691,0,1,0,1
1,320,320,kintex7,xc7k325tifbg900-2L,149,2.189,0,1,0,1
10,320,320,kintex7,xc7k325tifbg900-2L,143,1.222,6,5,0,3
1,512,512,kintex7,xc7k325tifbg900-2L,144,5.54,0,1,0,2
10,512,512,kintex7,xc7k325tifbg900-2L,143,3.062,6,5,0,3
1,1024,1024,kintex7,xc7k325tifbg900-2L,145,21.903,0,1,0,2
10,1024,1024,kintex7,xc7k325tifbg900-2L,143,11.981,6,5,0,3
20,1024,1024,kintex7,xc7k325tifbg900-2L,143,11.981,7,10,0,3
30,1024,1024,kintex7,xc7k325tifbg900-2L,143,11.633,7,15,0,5
1,280,280,kintex7,xc7k325tifbv676-2L,149,1.691,0,1,0,1
1,320,320,kintex7,xc7k325tifbv676-2L,149,2.189,0,1,0,1
10,320,320,kintex7,xc7k325tifbv676-2L,143,1.222,6,5,0,3
1,512,512,kintex7,xc7k325tifbv676-2L,144,5.54,0,1,0,2
10,512,512,kintex7,xc7k325tifbv676-2L,143,3.062,6,5,0,3
1,1024,1024,kintex7,xc7k325tifbv676-2L,145,21.903,0,1,0,2
10,1024,1024,kintex7,xc7k325tifbv676-2L,143,11.981,6,5,0,3
20,1024,1024,kintex7,xc7k325tifbv676-2L,143,11.981,7,10,0,3
30,1024,1024,kintex7,xc7k325tifbv676-2L,143,11.633,7,15,0,5
1,280,280,kintex7,xc7k325tifbv900-2L,149,1.691,0,1,0,1
1,320,320,kintex7,xc7k325tifbv900-2L,149,2.189,0,1,0,1
10,320,320,kintex7,xc7k325tifbv900-2L,143,1.222,6,5,0,3
1,512,512,kintex7,xc7k325tifbv900-2L,144,5.54,0,1,0,2
10,512,512,kintex7,xc7k325tifbv900-2L,143,3.062,6,5,0,3
1,1024,1024,kintex7,xc7k325tifbv900-2L,145,21.903,0,1,0,2
10,1024,1024,kintex7,xc7k325tifbv900-2L,143,11.981,6,5,0,3
1,280,280,kintex7,xc7k325tiffg900-2L,149,1.691,0,1,0,1
1,320,320,kintex7,xc7k325tiffg900-2L,149,2.189,0,1,0,1
10,320,320,kintex7,xc7k325tiffg900-2L,143,1.222,6,5,0,3
1,512,512,kintex7,xc7k325tiffg900-2L,144,5.54,0,1,0,2
10,512,512,kintex7,xc7k325tiffg900-2L,143,3.062,6,5,0,3
1,1024,1024,kintex7,xc7k325tiffg900-2L,145,21.903,0,1,0,2
10,1024,1024,kintex7,xc7k325tiffg900-2L,143,11.981,6,5,0,3
20,1024,1024,kintex7,xc7k325tiffg900-2L,143,11.981,7,10,0,3
30,1024,1024,kintex7,xc7k325tiffg900-2L,143,11.633,7,15,0,5
1,280,280,kintex7,xc7k325tiffg676-2L,149,1.691,0,1,0,1
1,320,320,kintex7,xc7k325tiffg676-2L,149,2.189,0,1,0,1
10,320,320,kintex7,xc7k325tiffg676-2L,143,1.222,6,5,0,3
1,512,512,kintex7,xc7k325tiffg676-2L,144,5.54,0,1,0,2
10,512,512,kintex7,xc7k325tiffg676-2L,143,3.062,6,5,0,3
1,1024,1024,kintex7,xc7k325tiffg676-2L,145,21.903,0,1,0,2
10,1024,1024,kintex7,xc7k325tiffg676-2L,143,11.981,6,5,0,3
20,1024,1024,kintex7,xc7k325tiffg676-2L,143,11.981,7,10,0,3
30,1024,1024,kintex7,xc7k325tiffg676-2L,143,11.633,7,15,0,5
1,280,280,kintex7,xc7k325tffv900-1,146,1.694,0,1,0,1
1,320,320,kintex7,xc7k325tffv900-1,146,2.192,0,1,0,1
10,320,320,kintex7,xc7k325tffv900-1,137,1.226,6,5,0,3
1,512,512,kintex7,xc7k325tffv900-1,139,5.545,0,1,0,2
10,512,512,kintex7,xc7k325tffv900-1,137,3.067,6,5,0,3
1,1024,1024,kintex7,xc7k325tffv900-1,139,21.914,0,1,0,2
10,1024,1024,kintex7,xc7k325tffv900-1,137,11.991,6,5,0,3
20,1024,1024,kintex7,xc7k325tffv900-1,137,11.991,7,11,0,3
30,1024,1024,kintex7,xc7k325tffv900-1,137,11.643,7,14,0,5
1,280,280,kintex7,xc7k325tffv900-2,149,1.691,0,1,0,1
1,320,320,kintex7,xc7k325tffv900-2,149,2.189,0,1,0,1
10,320,320,kintex7,xc7k325tffv900-2,143,1.222,6,5,0,3
1,512,512,kintex7,xc7k325tffv900-2,144,5.54,0,1,0,2
10,512,512,kintex7,xc7k325tffv900-2,143,3.062,6,5,0,3
1,1024,1024,kintex7,xc7k325tffv900-2,145,21.903,0,1,0,2
10,1024,1024,kintex7,xc7k325tffv900-2,143,11.981,6,5,0,3
20,1024,1024,kintex7,xc7k325tffv900-2,143,11.981,7,10,0,3
30,1024,1024,kintex7,xc7k325tffv900-2,143,11.633,7,15,0,5
1,280,280,kintex7,xc7k325tffv900-2L,149,1.691,0,1,0,1
1,320,320,kintex7,xc7k325tffv900-2L,149,2.189,0,1,0,1
10,320,320,kintex7,xc7k325tffv900-2L,143,1.222,6,5,0,3
1,512,512,kintex7,xc7k325tffv900-2L,144,5.54,0,1,0,2
10,512,512,kintex7,xc7k325tffv900-2L,143,3.062,6,5,0,3
1,1024,1024,kintex7,xc7k325tffv900-2L,145,21.903,0,1,0,2
10,1024,1024,kintex7,xc7k325tffv900-2L,143,11.981,6,5,0,3
20,1024,1024,kintex7,xc7k325tffv900-2L,143,11.981,7,10,0,3
30,1024,1024,kintex7,xc7k325tffv900-2L,143,11.633,7,15,0,5
1,280,280,kintex7,xc7k325tffv900-3,158,1.691,0,1,0,1
1,320,320,kintex7,xc7k325tffv900-3,158,2.189,0,1,0,1
10,320,320,kintex7,xc7k325tffv900-3,139,1.222,6,5,0,3
1,512,512,kintex7,xc7k325tffv900-3,138,5.535,0,0,0,2
10,512,512,kintex7,xc7k325tffv900-3,139,3.062,6,5,0,3
1,1024,1024,kintex7,xc7k325tffv900-3,138,21.893,0,1,0,2
10,1024,1024,kintex7,xc7k325tffv900-3,139,11.981,6,5,0,3
20,1024,1024,kintex7,xc7k325tffv900-3,139,11.981,7,11,0,3
30,1024,1024,kintex7,xc7k325tffv900-3,139,11.633,7,14,0,5
1,280,280,kintex7,xc7k325tffv676-1,146,1.694,0,1,0,1
1,320,320,kintex7,xc7k325tffv676-1,146,2.192,0,1,0,1
10,320,320,kintex7,xc7k325tffv676-1,137,1.226,6,5,0,3
1,512,512,kintex7,xc7k325tffv676-1,139,5.545,0,1,0,2
10,512,512,kintex7,xc7k325tffv676-1,137,3.067,6,5,0,3
1,1024,1024,kintex7,xc7k325tffv676-1,139,21.914,0,1,0,2
10,1024,1024,kintex7,xc7k325tffv676-1,137,11.991,6,5,0,3
20,1024,1024,kintex7,xc7k325tffv676-1,137,11.991,7,11,0,3
30,1024,1024,kintex7,xc7k325tffv676-1,137,11.643,7,14,0,5
1,280,280,kintex7,xc7k325tffv676-2,149,1.691,0,1,0,1
1,320,320,kintex7,xc7k325tffv676-2,149,2.189,0,1,0,1
10,320,320,kintex7,xc7k325tffv676-2,143,1.222,6,5,0,3
1,512,512,kintex7,xc7k325tffv676-2,144,5.54,0,1,0,2
10,512,512,kintex7,xc7k325tffv676-2,143,3.062,6,5,0,3
1,1024,1024,kintex7,xc7k325tffv676-2,145,21.903,0,1,0,2
10,1024,1024,kintex7,xc7k325tffv676-2,143,11.981,6,5,0,3
20,1024,1024,kintex7,xc7k325tffv676-2,143,11.981,7,10,0,3
30,1024,1024,kintex7,xc7k325tffv676-2,143,11.633,7,15,0,5
1,280,280,kintex7,xc7k325tffv676-2L,149,1.691,0,1,0,1
1,320,320,kintex7,xc7k325tffv676-2L,149,2.189,0,1,0,1
10,320,320,kintex7,xc7k325tffv676-2L,143,1.222,6,5,0,3
1,512,512,kintex7,xc7k325tffv676-2L,144,5.54,0,1,0,2
10,512,512,kintex7,xc7k325tffv676-2L,143,3.062,6,5,0,3
1,1024,1024,kintex7,xc7k325tffv676-2L,145,21.903,0,1,0,2
10,1024,1024,kintex7,xc7k325tffv676-2L,143,11.981,6,5,0,3
20,1024,1024,kintex7,xc7k325tffv676-2L,143,11.981,7,10,0,3
30,1024,1024,kintex7,xc7k325tffv676-2L,143,11.633,7,15,0,5
1,280,280,kintex7,xc7k325tffv676-3,158,1.691,0,1,0,1
1,320,320,kintex7,xc7k325tffv676-3,158,2.189,0,1,0,1
10,320,320,kintex7,xc7k325tffv676-3,139,1.222,6,5,0,3
1,512,512,kintex7,xc7k325tffv676-3,138,5.535,0,0,0,2
10,512,512,kintex7,xc7k325tffv676-3,139,3.062,6,5,0,3
1,1024,1024,kintex7,xc7k325tffv676-3,138,21.893,0,1,0,2
10,1024,1024,kintex7,xc7k325tffv676-3,139,11.981,6,5,0,3
20,1024,1024,kintex7,xc7k325tffv676-3,139,11.981,7,11,0,3
30,1024,1024,kintex7,xc7k325tffv676-3,139,11.633,7,14,0,5
1,280,280,kintex7,xc7k325tffg900-1,146,1.694,0,1,0,1
1,320,320,kintex7,xc7k325tffg900-1,146,2.192,0,1,0,1
10,320,320,kintex7,xc7k325tffg900-1,137,1.226,6,5,0,3
1,512,512,kintex7,xc7k325tffg900-1,139,5.545,0,1,0,2
10,512,512,kintex7,xc7k325tffg900-1,137,3.067,6,5,0,3
1,1024,1024,kintex7,xc7k325tffg900-1,139,21.914,0,1,0,2
10,1024,1024,kintex7,xc7k325tffg900-1,137,11.991,6,5,0,3
20,1024,1024,kintex7,xc7k325tffg900-1,137,11.991,7,11,0,3
30,1024,1024,kintex7,xc7k325tffg900-1,137,11.643,7,14,0,5
1,280,280,kintex7,xc7k325tffg900-2,149,1.691,0,1,0,1
1,320,320,kintex7,xc7k325tffg900-2,149,2.189,0,1,0,1
10,320,320,kintex7,xc7k325tffg900-2,143,1.222,6,5,0,3
1,512,512,kintex7,xc7k325tffg900-2,144,5.54,0,1,0,2
10,512,512,kintex7,xc7k325tffg900-2,143,3.062,6,5,0,3
1,1024,1024,kintex7,xc7k325tffg900-2,145,21.903,0,1,0,2
10,1024,1024,kintex7,xc7k325tffg900-2,143,11.981,6,5,0,3
20,1024,1024,kintex7,xc7k325tffg900-2,143,11.981,7,10,0,3
30,1024,1024,kintex7,xc7k325tffg900-2,143,11.633,7,15,0,5
1,280,280,kintex7,xc7k325tffg900-2L,149,1.691,0,1,0,1
1,320,320,kintex7,xc7k325tffg900-2L,149,2.189,0,1,0,1
10,320,320,kintex7,xc7k325tffg900-2L,143,1.222,6,5,0,3
1,512,512,kintex7,xc7k325tffg900-2L,144,5.54,0,1,0,2
10,512,512,kintex7,xc7k325tffg900-2L,143,3.062,6,5,0,3
1,1024,1024,kintex7,xc7k325tffg900-2L,145,21.903,0,1,0,2
10,1024,1024,kintex7,xc7k325tffg900-2L,143,11.981,6,5,0,3
1,280,280,kintex7,xc7k325tffg900-3,158,1.691,0,1,0,1
1,320,320,kintex7,xc7k325tffg900-3,158,2.189,0,1,0,1
10,320,320,kintex7,xc7k325tffg900-3,139,1.222,6,5,0,3
1,512,512,kintex7,xc7k325tffg900-3,138,5.535,0,0,0,2
10,512,512,kintex7,xc7k325tffg900-3,139,3.062,6,5,0,3
1,1024,1024,kintex7,xc7k325tffg900-3,138,21.893,0,1,0,2
10,1024,1024,kintex7,xc7k325tffg900-3,139,11.981,6,5,0,3
20,1024,1024,kintex7,xc7k325tffg900-3,139,11.981,7,11,0,3
30,1024,1024,kintex7,xc7k325tffg900-3,139,11.633,7,14,0,5
1,280,280,kintex7,xc7k325tffg676-1,146,1.694,0,1,0,1
1,320,320,kintex7,xc7k325tffg676-1,146,2.192,0,1,0,1
10,320,320,kintex7,xc7k325tffg676-1,137,1.226,6,5,0,3
1,512,512,kintex7,xc7k325tffg676-1,139,5.545,0,1,0,2
10,512,512,kintex7,xc7k325tffg676-1,137,3.067,6,5,0,3
1,1024,1024,kintex7,xc7k325tffg676-1,139,21.914,0,1,0,2
10,1024,1024,kintex7,xc7k325tffg676-1,137,11.991,6,5,0,3
20,1024,1024,kintex7,xc7k325tffg676-1,137,11.991,7,11,0,3
30,1024,1024,kintex7,xc7k325tffg676-1,137,11.643,7,14,0,5
1,280,280,kintex7,xc7k325tffg676-2,149,1.691,0,1,0,1
1,320,320,kintex7,xc7k325tffg676-2,149,2.189,0,1,0,1
10,320,320,kintex7,xc7k325tffg676-2,143,1.222,6,5,0,3
1,512,512,kintex7,xc7k325tffg676-2,144,5.54,0,1,0,2
10,512,512,kintex7,xc7k325tffg676-2,143,3.062,6,5,0,3
1,1024,1024,kintex7,xc7k325tffg676-2,145,21.903,0,1,0,2
10,1024,1024,kintex7,xc7k325tffg676-2,143,11.981,6,5,0,3
20,1024,1024,kintex7,xc7k325tffg676-2,143,11.981,7,10,0,3
30,1024,1024,kintex7,xc7k325tffg676-2,143,11.633,7,15,0,5
1,280,280,kintex7,xc7k325tffg676-2L,149,1.691,0,1,0,1
1,320,320,kintex7,xc7k325tffg676-2L,149,2.189,0,1,0,1
10,320,320,kintex7,xc7k325tffg676-2L,143,1.222,6,5,0,3
1,512,512,kintex7,xc7k325tffg676-2L,144,5.54,0,1,0,2
10,512,512,kintex7,xc7k325tffg676-2L,143,3.062,6,5,0,3
1,1024,1024,kintex7,xc7k325tffg676-2L,145,21.903,0,1,0,2
10,1024,1024,kintex7,xc7k325tffg676-2L,143,11.981,6,5,0,3
20,1024,1024,kintex7,xc7k325tffg676-2L,143,11.981,7,10,0,3
30,1024,1024,kintex7,xc7k325tffg676-2L,143,11.633,7,15,0,5
1,280,280,kintex7,xc7k325tffg676-3,158,1.691,0,1,0,1
1,320,320,kintex7,xc7k325tffg676-3,158,2.189,0,1,0,1
10,320,320,kintex7,xc7k325tffg676-3,139,1.222,6,5,0,3
1,512,512,kintex7,xc7k325tffg676-3,138,5.535,0,0,0,2
10,512,512,kintex7,xc7k325tffg676-3,139,3.062,6,5,0,3
1,1024,1024,kintex7,xc7k325tffg676-3,138,21.893,0,1,0,2
10,1024,1024,kintex7,xc7k325tffg676-3,139,11.981,6,5,0,3
20,1024,1024,kintex7,xc7k325tffg676-3,139,11.981,7,11,0,3
30,1024,1024,kintex7,xc7k325tffg676-3,139,11.633,7,14,0,5
1,280,280,kintex7,xc7k325tfbv900-1,146,1.694,0,1,0,1
1,320,320,kintex7,xc7k325tfbv900-1,146,2.192,0,1,0,1
10,320,320,kintex7,xc7k325tfbv900-1,137,1.226,6,5,0,3
1,512,512,kintex7,xc7k325tfbv900-1,139,5.545,0,1,0,2
10,512,512,kintex7,xc7k325tfbv900-1,137,3.067,6,5,0,3
1,1024,1024,kintex7,xc7k325tfbv900-1,139,21.914,0,1,0,2
10,1024,1024,kintex7,xc7k325tfbv900-1,137,11.991,6,5,0,3
20,1024,1024,kintex7,xc7k325tfbv900-1,137,11.991,7,11,0,3
30,1024,1024,kintex7,xc7k325tfbv900-1,137,11.643,7,14,0,5
1,280,280,kintex7,xc7k325tfbv900-2,149,1.691,0,1,0,1
1,320,320,kintex7,xc7k325tfbv900-2,149,2.189,0,1,0,1
10,320,320,kintex7,xc7k325tfbv900-2,143,1.222,6,5,0,3
1,512,512,kintex7,xc7k325tfbv900-2,144,5.54,0,1,0,2
10,512,512,kintex7,xc7k325tfbv900-2,143,3.062,6,5,0,3
1,1024,1024,kintex7,xc7k325tfbv900-2,145,21.903,0,1,0,2
10,1024,1024,kintex7,xc7k325tfbv900-2,143,11.981,6,5,0,3
20,1024,1024,kintex7,xc7k325tfbv900-2,143,11.981,7,10,0,3
30,1024,1024,kintex7,xc7k325tfbv900-2,143,11.633,7,15,0,5
1,280,280,kintex7,xc7k325tfbv900-2L,149,1.691,0,1,0,1
1,320,320,kintex7,xc7k325tfbv900-2L,149,2.189,0,1,0,1
10,320,320,kintex7,xc7k325tfbv900-2L,143,1.222,6,5,0,3
1,512,512,kintex7,xc7k325tfbv900-2L,144,5.54,0,1,0,2
10,512,512,kintex7,xc7k325tfbv900-2L,143,3.062,6,5,0,3
1,1024,1024,kintex7,xc7k325tfbv900-2L,145,21.903,0,1,0,2
10,1024,1024,kintex7,xc7k325tfbv900-2L,143,11.981,6,5,0,3
20,1024,1024,kintex7,xc7k325tfbv900-2L,143,11.981,7,10,0,3
30,1024,1024,kintex7,xc7k325tfbv900-2L,143,11.633,7,15,0,5
1,280,280,kintex7,xc7k325tfbv900-3,158,1.691,0,1,0,1
1,320,320,kintex7,xc7k325tfbv900-3,158,2.189,0,1,0,1
10,320,320,kintex7,xc7k325tfbv900-3,139,1.222,6,5,0,3
1,512,512,kintex7,xc7k325tfbv900-3,138,5.535,0,0,0,2
10,512,512,kintex7,xc7k325tfbv900-3,139,3.062,6,5,0,3
1,1024,1024,kintex7,xc7k325tfbv900-3,138,21.893,0,1,0,2
10,1024,1024,kintex7,xc7k325tfbv900-3,139,11.981,6,5,0,3
20,1024,1024,kintex7,xc7k325tfbv900-3,139,11.981,7,11,0,3
30,1024,1024,kintex7,xc7k325tfbv900-3,139,11.633,7,14,0,5
1,280,280,kintex7,xc7k325tfbv676-1,146,1.694,0,1,0,1
1,320,320,kintex7,xc7k325tfbv676-1,146,2.192,0,1,0,1
10,320,320,kintex7,xc7k325tfbv676-1,137,1.226,6,5,0,3
1,512,512,kintex7,xc7k325tfbv676-1,139,5.545,0,1,0,2
10,512,512,kintex7,xc7k325tfbv676-1,137,3.067,6,5,0,3
1,1024,1024,kintex7,xc7k325tfbv676-1,139,21.914,0,1,0,2
10,1024,1024,kintex7,xc7k325tfbv676-1,137,11.991,6,5,0,3
20,1024,1024,kintex7,xc7k325tfbv676-1,137,11.991,7,11,0,3
30,1024,1024,kintex7,xc7k325tfbv676-1,137,11.643,7,14,0,5
1,280,280,kintex7,xc7k325tfbv676-2,149,1.691,0,1,0,1
1,320,320,kintex7,xc7k325tfbv676-2,149,2.189,0,1,0,1
10,320,320,kintex7,xc7k325tfbv676-2,143,1.222,6,5,0,3
1,512,512,kintex7,xc7k325tfbv676-2,144,5.54,0,1,0,2
10,512,512,kintex7,xc7k325tfbv676-2,143,3.062,6,5,0,3
1,1024,1024,kintex7,xc7k325tfbv676-2,145,21.903,0,1,0,2
10,1024,1024,kintex7,xc7k325tfbv676-2,143,11.981,6,5,0,3
20,1024,1024,kintex7,xc7k325tfbv676-2,143,11.981,7,10,0,3
30,1024,1024,kintex7,xc7k325tfbv676-2,143,11.633,7,15,0,5
1,280,280,kintex7,xc7k325tfbv676-2L,149,1.691,0,1,0,1
1,320,320,kintex7,xc7k325tfbv676-2L,149,2.189,0,1,0,1
10,320,320,kintex7,xc7k325tfbv676-2L,143,1.222,6,5,0,3
1,512,512,kintex7,xc7k325tfbv676-2L,144,5.54,0,1,0,2
10,512,512,kintex7,xc7k325tfbv676-2L,143,3.062,6,5,0,3
1,1024,1024,kintex7,xc7k325tfbv676-2L,145,21.903,0,1,0,2
10,1024,1024,kintex7,xc7k325tfbv676-2L,143,11.981,6,5,0,3
20,1024,1024,kintex7,xc7k325tfbv676-2L,143,11.981,7,10,0,3
30,1024,1024,kintex7,xc7k325tfbv676-2L,143,11.633,7,15,0,5
1,280,280,kintex7,xc7k325tfbv676-3,158,1.691,0,1,0,1
1,320,320,kintex7,xc7k325tfbv676-3,158,2.189,0,1,0,1
10,320,320,kintex7,xc7k325tfbv676-3,139,1.222,6,5,0,3
1,512,512,kintex7,xc7k325tfbv676-3,138,5.535,0,0,0,2
10,512,512,kintex7,xc7k325tfbv676-3,139,3.062,6,5,0,3
1,1024,1024,kintex7,xc7k325tfbv676-3,138,21.893,0,1,0,2
10,1024,1024,kintex7,xc7k325tfbv676-3,139,11.981,6,5,0,3
1,280,280,kintex7,xc7k325tfbg900-1,146,1.694,0,1,0,1
1,320,320,kintex7,xc7k325tfbg900-1,146,2.192,0,1,0,1
10,320,320,kintex7,xc7k325tfbg900-1,137,1.226,6,5,0,3
1,512,512,kintex7,xc7k325tfbg900-1,139,5.545,0,1,0,2
10,512,512,kintex7,xc7k325tfbg900-1,137,3.067,6,5,0,3
1,1024,1024,kintex7,xc7k325tfbg900-1,139,21.914,0,1,0,2
10,1024,1024,kintex7,xc7k325tfbg900-1,137,11.991,6,5,0,3
20,1024,1024,kintex7,xc7k325tfbg900-1,137,11.991,7,11,0,3
30,1024,1024,kintex7,xc7k325tfbg900-1,137,11.643,7,14,0,5
1,280,280,kintex7,xc7k325tfbg900-2,149,1.691,0,1,0,1
1,320,320,kintex7,xc7k325tfbg900-2,149,2.189,0,1,0,1
10,320,320,kintex7,xc7k325tfbg900-2,143,1.222,6,5,0,3
1,512,512,kintex7,xc7k325tfbg900-2,144,5.54,0,1,0,2
10,512,512,kintex7,xc7k325tfbg900-2,143,3.062,6,5,0,3
1,1024,1024,kintex7,xc7k325tfbg900-2,145,21.903,0,1,0,2
10,1024,1024,kintex7,xc7k325tfbg900-2,143,11.981,6,5,0,3
20,1024,1024,kintex7,xc7k325tfbg900-2,143,11.981,7,10,0,3
30,1024,1024,kintex7,xc7k325tfbg900-2,143,11.633,7,15,0,5
1,280,280,kintex7,xc7k325tfbg900-2L,149,1.691,0,1,0,1
1,320,320,kintex7,xc7k325tfbg900-2L,149,2.189,0,1,0,1
10,320,320,kintex7,xc7k325tfbg900-2L,143,1.222,6,5,0,3
1,512,512,kintex7,xc7k325tfbg900-2L,144,5.54,0,1,0,2
10,512,512,kintex7,xc7k325tfbg900-2L,143,3.062,6,5,0,3
1,1024,1024,kintex7,xc7k325tfbg900-2L,145,21.903,0,1,0,2
10,1024,1024,kintex7,xc7k325tfbg900-2L,143,11.981,6,5,0,3
20,1024,1024,kintex7,xc7k325tfbg900-2L,143,11.981,7,10,0,3
30,1024,1024,kintex7,xc7k325tfbg900-2L,143,11.633,7,15,0,5
1,280,280,kintex7,xc7k325tfbg900-3,158,1.691,0,1,0,1
1,320,320,kintex7,xc7k325tfbg900-3,158,2.189,0,1,0,1
10,320,320,kintex7,xc7k325tfbg900-3,139,1.222,6,5,0,3
1,512,512,kintex7,xc7k325tfbg900-3,138,5.535,0,0,0,2
10,512,512,kintex7,xc7k325tfbg900-3,139,3.062,6,5,0,3
1,1024,1024,kintex7,xc7k325tfbg900-3,138,21.893,0,1,0,2
10,1024,1024,kintex7,xc7k325tfbg900-3,139,11.981,6,5,0,3
20,1024,1024,kintex7,xc7k325tfbg900-3,139,11.981,7,11,0,3
30,1024,1024,kintex7,xc7k325tfbg900-3,139,11.633,7,14,0,5
1,280,280,kintex7,xc7k325tfbg676-1,146,1.694,0,1,0,1
1,320,320,kintex7,xc7k325tfbg676-1,146,2.192,0,1,0,1
10,320,320,kintex7,xc7k325tfbg676-1,137,1.226,6,5,0,3
1,512,512,kintex7,xc7k325tfbg676-1,139,5.545,0,1,0,2
10,512,512,kintex7,xc7k325tfbg676-1,137,3.067,6,5,0,3
1,1024,1024,kintex7,xc7k325tfbg676-1,139,21.914,0,1,0,2
10,1024,1024,kintex7,xc7k325tfbg676-1,137,11.991,6,5,0,3
20,1024,1024,kintex7,xc7k325tfbg676-1,137,11.991,7,11,0,3
30,1024,1024,kintex7,xc7k325tfbg676-1,137,11.643,7,14,0,5
1,280,280,kintex7,xc7k325tfbg676-2,149,1.691,0,1,0,1
1,320,320,kintex7,xc7k325tfbg676-2,149,2.189,0,1,0,1
10,320,320,kintex7,xc7k325tfbg676-2,143,1.222,6,5,0,3
1,512,512,kintex7,xc7k325tfbg676-2,144,5.54,0,1,0,2
10,512,512,kintex7,xc7k325tfbg676-2,143,3.062,6,5,0,3
1,1024,1024,kintex7,xc7k325tfbg676-2,145,21.903,0,1,0,2
10,1024,1024,kintex7,xc7k325tfbg676-2,143,11.981,6,5,0,3
20,1024,1024,kintex7,xc7k325tfbg676-2,143,11.981,7,10,0,3
30,1024,1024,kintex7,xc7k325tfbg676-2,143,11.633,7,15,0,5
1,280,280,kintex7,xc7k325tfbg676-2L,149,1.691,0,1,0,1
1,320,320,kintex7,xc7k325tfbg676-2L,149,2.189,0,1,0,1
10,320,320,kintex7,xc7k325tfbg676-2L,143,1.222,6,5,0,3
1,512,512,kintex7,xc7k325tfbg676-2L,144,5.54,0,1,0,2
10,512,512,kintex7,xc7k325tfbg676-2L,143,3.062,6,5,0,3
1,1024,1024,kintex7,xc7k325tfbg676-2L,145,21.903,0,1,0,2
10,1024,1024,kintex7,xc7k325tfbg676-2L,143,11.981,6,5,0,3
20,1024,1024,kintex7,xc7k325tfbg676-2L,143,11.981,7,10,0,3
30,1024,1024,kintex7,xc7k325tfbg676-2L,143,11.633,7,15,0,5
1,280,280,kintex7,xc7k325tfbg676-3,158,1.691,0,1,0,1
1,320,320,kintex7,xc7k325tfbg676-3,158,2.189,0,1,0,1
10,320,320,kintex7,xc7k325tfbg676-3,139,1.222,6,5,0,3
1,512,512,kintex7,xc7k325tfbg676-3,138,5.535,0,0,0,2
10,512,512,kintex7,xc7k325tfbg676-3,139,3.062,6,5,0,3
1,1024,1024,kintex7,xc7k325tfbg676-3,138,21.893,0,1,0,2
10,1024,1024,kintex7,xc7k325tfbg676-3,139,11.981,6,5,0,3
20,1024,1024,kintex7,xc7k325tfbg676-3,139,11.981,7,11,0,3
30,1024,1024,kintex7,xc7k325tfbg676-3,139,11.633,7,14,0,5
1,280,280,kintex7,xc7k355tiffg901-2L,149,1.691,0,0,0,1
1,320,320,kintex7,xc7k355tiffg901-2L,149,2.189,0,0,0,1
10,320,320,kintex7,xc7k355tiffg901-2L,143,1.222,4,4,0,2
1,512,512,kintex7,xc7k355tiffg901-2L,144,5.54,0,0,0,1
10,512,512,kintex7,xc7k355tiffg901-2L,143,3.062,4,4,0,2
1,1024,1024,kintex7,xc7k355tiffg901-2L,145,21.903,0,0,0,1
10,1024,1024,kintex7,xc7k355tiffg901-2L,143,11.981,4,5,0,2
20,1024,1024,kintex7,xc7k355tiffg901-2L,143,11.981,4,9,0,2
30,1024,1024,kintex7,xc7k355tiffg901-2L,143,11.633,4,14,0,3
1,280,280,kintex7,xc7k355tiffv901-2L,149,1.691,0,0,0,1
1,320,320,kintex7,xc7k355tiffv901-2L,149,2.189,0,0,0,1
10,320,320,kintex7,xc7k355tiffv901-2L,143,1.222,4,4,0,2
1,512,512,kintex7,xc7k355tiffv901-2L,144,5.54,0,0,0,1
10,512,512,kintex7,xc7k355tiffv901-2L,143,3.062,4,4,0,2
1,1024,1024,kintex7,xc7k355tiffv901-2L,145,21.903,0,0,0,1
10,1024,1024,kintex7,xc7k355tiffv901-2L,143,11.981,4,5,0,2
20,1024,1024,kintex7,xc7k355tiffv901-2L,143,11.981,4,9,0,2
30,1024,1024,kintex7,xc7k355tiffv901-2L,143,11.633,4,14,0,3
1,280,280,kintex7,xc7k355tffg901-1,146,1.694,0,0,0,1
1,320,320,kintex7,xc7k355tffg901-1,146,2.192,0,1,0,1
10,320,320,kintex7,xc7k355tffg901-1,137,1.226,4,4,0,2
1,512,512,kintex7,xc7k355tffg901-1,139,5.545,0,0,0,1
10,512,512,kintex7,xc7k355tffg901-1,137,3.067,4,4,0,2
1,1024,1024,kintex7,xc7k355tffg901-1,139,21.914,0,0,0,1
10,1024,1024,kintex7,xc7k355tffg901-1,137,11.991,4,5,0,2
20,1024,1024,kintex7,xc7k355tffg901-1,137,11.991,4,10,0,2
30,1024,1024,kintex7,xc7k355tffg901-1,137,11.643,4,13,0,3
1,280,280,kintex7,xc7k355tffg901-2,149,1.691,0,0,0,1
1,320,320,kintex7,xc7k355tffg901-2,149,2.189,0,0,0,1
10,320,320,kintex7,xc7k355tffg901-2,143,1.222,4,4,0,2
1,512,512,kintex7,xc7k355tffg901-2,144,5.54,0,0,0,1
10,512,512,kintex7,xc7k355tffg901-2,143,3.062,4,4,0,2
1,1024,1024,kintex7,xc7k355tffg901-2,145,21.903,0,0,0,1
10,1024,1024,kintex7,xc7k355tffg901-2,143,11.981,4,5,0,2
20,1024,1024,kintex7,xc7k355tffg901-2,143,11.981,4,9,0,2
30,1024,1024,kintex7,xc7k355tffg901-2,143,11.633,4,14,0,3
1,280,280,kintex7,xc7k355tffg901-2L,149,1.691,0,0,0,1
1,320,320,kintex7,xc7k355tffg901-2L,149,2.189,0,0,0,1
10,320,320,kintex7,xc7k355tffg901-2L,143,1.222,4,4,0,2
1,512,512,kintex7,xc7k355tffg901-2L,144,5.54,0,0,0,1
10,512,512,kintex7,xc7k355tffg901-2L,143,3.062,4,4,0,2
1,1024,1024,kintex7,xc7k355tffg901-2L,145,21.903,0,0,0,1
10,1024,1024,kintex7,xc7k355tffg901-2L,143,11.981,4,5,0,2
1,280,280,kintex7,xc7k355tffg901-3,158,1.691,0,0,0,1
1,320,320,kintex7,xc7k355tffg901-3,158,2.189,0,0,0,1
10,320,320,kintex7,xc7k355tffg901-3,139,1.222,4,4,0,2
1,512,512,kintex7,xc7k355tffg901-3,138,5.535,0,0,0,1
10,512,512,kintex7,xc7k355tffg901-3,139,3.062,4,4,0,2
1,1024,1024,kintex7,xc7k355tffg901-3,138,21.893,0,0,0,1
10,1024,1024,kintex7,xc7k355tffg901-3,139,11.981,4,5,0,2
20,1024,1024,kintex7,xc7k355tffg901-3,139,11.981,4,10,0,2
30,1024,1024,kintex7,xc7k355tffg901-3,139,11.633,4,13,0,3
1,280,280,kintex7,xc7k355tffv901-1,146,1.694,0,0,0,1
1,320,320,kintex7,xc7k355tffv901-1,146,2.192,0,1,0,1
10,320,320,kintex7,xc7k355tffv901-1,137,1.226,4,4,0,2
1,512,512,kintex7,xc7k355tffv901-1,139,5.545,0,0,0,1
10,512,512,kintex7,xc7k355tffv901-1,137,3.067,4,4,0,2
1,1024,1024,kintex7,xc7k355tffv901-1,139,21.914,0,0,0,1
10,1024,1024,kintex7,xc7k355tffv901-1,137,11.991,4,5,0,2
20,1024,1024,kintex7,xc7k355tffv901-1,137,11.991,4,10,0,2
30,1024,1024,kintex7,xc7k355tffv901-1,137,11.643,4,13,0,3
1,280,280,kintex7,xc7k355tffv901-2,149,1.691,0,0,0,1
1,320,320,kintex7,xc7k355tffv901-2,149,2.189,0,0,0,1
10,320,320,kintex7,xc7k355tffv901-2,143,1.222,4,4,0,2
1,512,512,kintex7,xc7k355tffv901-2,144,5.54,0,0,0,1
10,512,512,kintex7,xc7k355tffv901-2,143,3.062,4,4,0,2
1,1024,1024,kintex7,xc7k355tffv901-2,145,21.903,0,0,0,1
10,1024,1024,kintex7,xc7k355tffv901-2,143,11.981,4,5,0,2
20,1024,1024,kintex7,xc7k355tffv901-2,143,11.981,4,9,0,2
30,1024,1024,kintex7,xc7k355tffv901-2,143,11.633,4,14,0,3
1,280,280,kintex7,xc7k355tffv901-2L,149,1.691,0,0,0,1
1,320,320,kintex7,xc7k355tffv901-2L,149,2.189,0,0,0,1
10,320,320,kintex7,xc7k355tffv901-2L,143,1.222,4,4,0,2
1,512,512,kintex7,xc7k355tffv901-2L,144,5.54,0,0,0,1
10,512,512,kintex7,xc7k355tffv901-2L,143,3.062,4,4,0,2
1,1024,1024,kintex7,xc7k355tffv901-2L,145,21.903,0,0,0,1
10,1024,1024,kintex7,xc7k355tffv901-2L,143,11.981,4,5,0,2
20,1024,1024,kintex7,xc7k355tffv901-2L,143,11.981,4,9,0,2
30,1024,1024,kintex7,xc7k355tffv901-2L,143,11.633,4,14,0,3
1,280,280,kintex7,xc7k355tffv901-3,158,1.691,0,0,0,1
1,320,320,kintex7,xc7k355tffv901-3,158,2.189,0,0,0,1
10,320,320,kintex7,xc7k355tffv901-3,139,1.222,4,4,0,2
1,512,512,kintex7,xc7k355tffv901-3,138,5.535,0,0,0,1
10,512,512,kintex7,xc7k355tffv901-3,139,3.062,4,4,0,2
1,1024,1024,kintex7,xc7k355tffv901-3,138,21.893,0,0,0,1
10,1024,1024,kintex7,xc7k355tffv901-3,139,11.981,4,5,0,2
20,1024,1024,kintex7,xc7k355tffv901-3,139,11.981,4,10,0,2
30,1024,1024,kintex7,xc7k355tffv901-3,139,11.633,4,13,0,3
1,280,280,kintex7,xc7k410tfbg676-1,146,1.694,0,0,0,1
1,320,320,kintex7,xc7k410tfbg676-1,146,2.192,0,0,0,1
10,320,320,kintex7,xc7k410tfbg676-1,137,1.226,3,4,0,2
1,512,512,kintex7,xc7k410tfbg676-1,139,5.545,0,0,0,1
10,512,512,kintex7,xc7k410tfbg676-1,137,3.067,3,4,0,2
1,1024,1024,kintex7,xc7k410tfbg676-1,139,21.914,0,0,0,1
10,1024,1024,kintex7,xc7k410tfbg676-1,137,11.991,3,4,0,2
20,1024,1024,kintex7,xc7k410tfbg676-1,137,11.991,3,8,0,1
30,1024,1024,kintex7,xc7k410tfbg676-1,137,11.643,4,11,0,2
1,280,280,kintex7,xc7k410tfbg676-2,149,1.691,0,0,0,1
1,320,320,kintex7,xc7k410tfbg676-2,149,2.189,0,0,0,1
10,320,320,kintex7,xc7k410tfbg676-2,143,1.222,3,4,0,2
1,512,512,kintex7,xc7k410tfbg676-2,144,5.54,0,0,0,1
10,512,512,kintex7,xc7k410tfbg676-2,143,3.062,3,4,0,2
1,1024,1024,kintex7,xc7k410tfbg676-2,145,21.903,0,0,0,1
10,1024,1024,kintex7,xc7k410tfbg676-2,143,11.981,3,4,0,2
20,1024,1024,kintex7,xc7k410tfbg676-2,143,11.981,3,8,0,1
30,1024,1024,kintex7,xc7k410tfbg676-2,143,11.633,4,12,0,2
1,280,280,kintex7,xc7k410tfbg676-2L,149,1.691,0,0,0,1
1,320,320,kintex7,xc7k410tfbg676-2L,149,2.189,0,0,0,1
10,320,320,kintex7,xc7k410tfbg676-2L,143,1.222,3,4,0,2
1,512,512,kintex7,xc7k410tfbg676-2L,144,5.54,0,0,0,1
10,512,512,kintex7,xc7k410tfbg676-2L,143,3.062,3,4,0,2
1,1024,1024,kintex7,xc7k410tfbg676-2L,145,21.903,0,0,0,1
10,1024,1024,kintex7,xc7k410tfbg676-2L,143,11.981,3,4,0,2
20,1024,1024,kintex7,xc7k410tfbg676-2L,143,11.981,3,8,0,1
30,1024,1024,kintex7,xc7k410tfbg676-2L,143,11.633,4,12,0,2
1,280,280,kintex7,xc7k410tfbg676-3,158,1.691,0,0,0,1
1,320,320,kintex7,xc7k410tfbg676-3,158,2.189,0,0,0,1
10,320,320,kintex7,xc7k410tfbg676-3,139,1.222,3,4,0,2
1,512,512,kintex7,xc7k410tfbg676-3,138,5.535,0,0,0,1
10,512,512,kintex7,xc7k410tfbg676-3,139,3.062,3,4,0,2
1,1024,1024,kintex7,xc7k410tfbg676-3,138,21.893,0,0,0,1
10,1024,1024,kintex7,xc7k410tfbg676-3,139,11.981,3,4,0,2
20,1024,1024,kintex7,xc7k410tfbg676-3,139,11.981,3,8,0,1
30,1024,1024,kintex7,xc7k410tfbg676-3,139,11.633,4,11,0,2
1,280,280,kintex7,xc7k410tfbg900-1,146,1.694,0,0,0,1
1,320,320,kintex7,xc7k410tfbg900-1,146,2.192,0,0,0,1
10,320,320,kintex7,xc7k410tfbg900-1,137,1.226,3,4,0,2
1,512,512,kintex7,xc7k410tfbg900-1,139,5.545,0,0,0,1
10,512,512,kintex7,xc7k410tfbg900-1,137,3.067,3,4,0,2
1,1024,1024,kintex7,xc7k410tfbg900-1,139,21.914,0,0,0,1
10,1024,1024,kintex7,xc7k410tfbg900-1,137,11.991,3,4,0,2
20,1024,1024,kintex7,xc7k410tfbg900-1,137,11.991,3,8,0,1
30,1024,1024,kintex7,xc7k410tfbg900-1,137,11.643,4,11,0,2
1,280,280,kintex7,xc7k410tfbg900-2,149,1.691,0,0,0,1
1,320,320,kintex7,xc7k410tfbg900-2,149,2.189,0,0,0,1
10,320,320,kintex7,xc7k410tfbg900-2,143,1.222,3,4,0,2
1,512,512,kintex7,xc7k410tfbg900-2,144,5.54,0,0,0,1
10,512,512,kintex7,xc7k410tfbg900-2,143,3.062,3,4,0,2
1,1024,1024,kintex7,xc7k410tfbg900-2,145,21.903,0,0,0,1
10,1024,1024,kintex7,xc7k410tfbg900-2,143,11.981,3,4,0,2
20,1024,1024,kintex7,xc7k410tfbg900-2,143,11.981,3,8,0,1
30,1024,1024,kintex7,xc7k410tfbg900-2,143,11.633,4,12,0,2
1,280,280,kintex7,xc7k410tfbg900-2L,149,1.691,0,0,0,1
1,320,320,kintex7,xc7k410tfbg900-2L,149,2.189,0,0,0,1
10,320,320,kintex7,xc7k410tfbg900-2L,143,1.222,3,4,0,2
1,512,512,kintex7,xc7k410tfbg900-2L,144,5.54,0,0,0,1
10,512,512,kintex7,xc7k410tfbg900-2L,143,3.062,3,4,0,2
1,1024,1024,kintex7,xc7k410tfbg900-2L,145,21.903,0,0,0,1
10,1024,1024,kintex7,xc7k410tfbg900-2L,143,11.981,3,4,0,2
20,1024,1024,kintex7,xc7k410tfbg900-2L,143,11.981,3,8,0,1
30,1024,1024,kintex7,xc7k410tfbg900-2L,143,11.633,4,12,0,2
1,280,280,kintex7,xc7k410tfbg900-3,158,1.691,0,0,0,1
1,320,320,kintex7,xc7k410tfbg900-3,158,2.189,0,0,0,1
10,320,320,kintex7,xc7k410tfbg900-3,139,1.222,3,4,0,2
1,512,512,kintex7,xc7k410tfbg900-3,138,5.535,0,0,0,1
10,512,512,kintex7,xc7k410tfbg900-3,139,3.062,3,4,0,2
1,1024,1024,kintex7,xc7k410tfbg900-3,138,21.893,0,0,0,1
10,1024,1024,kintex7,xc7k410tfbg900-3,139,11.981,3,4,0,2
1,280,280,kintex7,xc7k355tffg901-3,158,1.691,0,0,0,1
1,320,320,kintex7,xc7k355tffg901-3,158,2.189,0,0,0,1
10,320,320,kintex7,xc7k355tffg901-3,139,1.222,4,4,0,2
1,512,512,kintex7,xc7k355tffg901-3,138,5.535,0,0,0,1
10,512,512,kintex7,xc7k355tffg901-3,139,3.062,4,4,0,2
1,1024,1024,kintex7,xc7k355tffg901-3,138,21.893,0,0,0,1
10,1024,1024,kintex7,xc7k355tffg901-3,139,11.981,4,5,0,2
20,1024,1024,kintex7,xc7k355tffg901-3,139,11.981,4,10,0,2
30,1024,1024,kintex7,xc7k355tffg901-3,139,11.633,4,13,0,3
1,280,280,kintex7,xc7k355tffv901-1,146,1.694,0,0,0,1
1,320,320,kintex7,xc7k355tffv901-1,146,2.192,0,1,0,1
10,320,320,kintex7,xc7k355tffv901-1,137,1.226,4,4,0,2
1,512,512,kintex7,xc7k355tffv901-1,139,5.545,0,0,0,1
10,512,512,kintex7,xc7k355tffv901-1,137,3.067,4,4,0,2
1,1024,1024,kintex7,xc7k355tffv901-1,139,21.914,0,0,0,1
10,1024,1024,kintex7,xc7k355tffv901-1,137,11.991,4,5,0,2
20,1024,1024,kintex7,xc7k355tffv901-1,137,11.991,4,10,0,2
30,1024,1024,kintex7,xc7k355tffv901-1,137,11.643,4,13,0,3
1,280,280,kintex7,xc7k355tffv901-2,149,1.691,0,0,0,1
1,320,320,kintex7,xc7k355tffv901-2,149,2.189,0,0,0,1
10,320,320,kintex7,xc7k355tffv901-2,143,1.222,4,4,0,2
1,512,512,kintex7,xc7k355tffv901-2,144,5.54,0,0,0,1
10,512,512,kintex7,xc7k355tffv901-2,143,3.062,4,4,0,2
1,1024,1024,kintex7,xc7k355tffv901-2,145,21.903,0,0,0,1
10,1024,1024,kintex7,xc7k355tffv901-2,143,11.981,4,5,0,2
20,1024,1024,kintex7,xc7k355tffv901-2,143,11.981,4,9,0,2
30,1024,1024,kintex7,xc7k355tffv901-2,143,11.633,4,14,0,3
1,280,280,kintex7,xc7k355tffv901-2L,149,1.691,0,0,0,1
1,320,320,kintex7,xc7k355tffv901-2L,149,2.189,0,0,0,1
10,320,320,kintex7,xc7k355tffv901-2L,143,1.222,4,4,0,2
1,512,512,kintex7,xc7k355tffv901-2L,144,5.54,0,0,0,1
10,512,512,kintex7,xc7k355tffv901-2L,143,3.062,4,4,0,2
1,1024,1024,kintex7,xc7k355tffv901-2L,145,21.903,0,0,0,1
10,1024,1024,kintex7,xc7k355tffv901-2L,143,11.981,4,5,0,2
20,1024,1024,kintex7,xc7k355tffv901-2L,143,11.981,4,9,0,2
30,1024,1024,kintex7,xc7k355tffv901-2L,143,11.633,4,14,0,3
1,280,280,kintex7,xc7k355tffv901-3,158,1.691,0,0,0,1
1,320,320,kintex7,xc7k355tffv901-3,158,2.189,0,0,0,1
10,320,320,kintex7,xc7k355tffv901-3,139,1.222,4,4,0,2
1,512,512,kintex7,xc7k355tffv901-3,138,5.535,0,0,0,1
10,512,512,kintex7,xc7k355tffv901-3,139,3.062,4,4,0,2
1,1024,1024,kintex7,xc7k355tffv901-3,138,21.893,0,0,0,1
10,1024,1024,kintex7,xc7k355tffv901-3,139,11.981,4,5,0,2
20,1024,1024,kintex7,xc7k355tffv901-3,139,11.981,4,10,0,2
30,1024,1024,kintex7,xc7k355tffv901-3,139,11.633,4,13,0,3
1,280,280,kintex7,xc7k410tfbg676-1,146,1.694,0,0,0,1
1,320,320,kintex7,xc7k410tfbg676-1,146,2.192,0,0,0,1
10,320,320,kintex7,xc7k410tfbg676-1,137,1.226,3,4,0,2
1,512,512,kintex7,xc7k410tfbg676-1,139,5.545,0,0,0,1
10,512,512,kintex7,xc7k410tfbg676-1,137,3.067,3,4,0,2
1,1024,1024,kintex7,xc7k410tfbg676-1,139,21.914,0,0,0,1
10,1024,1024,kintex7,xc7k410tfbg676-1,137,11.991,3,4,0,2
20,1024,1024,kintex7,xc7k410tfbg676-1,137,11.991,3,8,0,1
30,1024,1024,kintex7,xc7k410tfbg676-1,137,11.643,4,11,0,2
1,280,280,kintex7,xc7k410tfbg676-2,149,1.691,0,0,0,1
1,320,320,kintex7,xc7k410tfbg676-2,149,2.189,0,0,0,1
10,320,320,kintex7,xc7k410tfbg676-2,143,1.222,3,4,0,2
1,512,512,kintex7,xc7k410tfbg676-2,144,5.54,0,0,0,1
10,512,512,kintex7,xc7k410tfbg676-2,143,3.062,3,4,0,2
1,1024,1024,kintex7,xc7k410tfbg676-2,145,21.903,0,0,0,1
10,1024,1024,kintex7,xc7k410tfbg676-2,143,11.981,3,4,0,2
20,1024,1024,kintex7,xc7k410tfbg676-2,143,11.981,3,8,0,1
30,1024,1024,kintex7,xc7k410tfbg676-2,143,11.633,4,12,0,2
1,280,280,kintex7,xc7k410tfbg676-2L,149,1.691,0,0,0,1
1,320,320,kintex7,xc7k410tfbg676-2L,149,2.189,0,0,0,1
10,320,320,kintex7,xc7k410tfbg676-2L,143,1.222,3,4,0,2
1,512,512,kintex7,xc7k410tfbg676-2L,144,5.54,0,0,0,1
10,512,512,kintex7,xc7k410tfbg676-2L,143,3.062,3,4,0,2
1,1024,1024,kintex7,xc7k410tfbg676-2L,145,21.903,0,0,0,1
10,1024,1024,kintex7,xc7k410tfbg676-2L,143,11.981,3,4,0,2
20,1024,1024,kintex7,xc7k410tfbg676-2L,143,11.981,3,8,0,1
30,1024,1024,kintex7,xc7k410tfbg676-2L,143,11.633,4,12,0,2
1,280,280,kintex7,xc7k410tfbg676-3,158,1.691,0,0,0,1
1,320,320,kintex7,xc7k410tfbg676-3,158,2.189,0,0,0,1
10,320,320,kintex7,xc7k410tfbg676-3,139,1.222,3,4,0,2
1,512,512,kintex7,xc7k410tfbg676-3,138,5.535,0,0,0,1
10,512,512,kintex7,xc7k410tfbg676-3,139,3.062,3,4,0,2
1,1024,1024,kintex7,xc7k410tfbg676-3,138,21.893,0,0,0,1
10,1024,1024,kintex7,xc7k410tfbg676-3,139,11.981,3,4,0,2
20,1024,1024,kintex7,xc7k410tfbg676-3,139,11.981,3,8,0,1
30,1024,1024,kintex7,xc7k410tfbg676-3,139,11.633,4,11,0,2
1,280,280,kintex7,xc7k410tfbg900-1,146,1.694,0,0,0,1
1,320,320,kintex7,xc7k410tfbg900-1,146,2.192,0,0,0,1
10,320,320,kintex7,xc7k410tfbg900-1,137,1.226,3,4,0,2
1,512,512,kintex7,xc7k410tfbg900-1,139,5.545,0,0,0,1
10,512,512,kintex7,xc7k410tfbg900-1,137,3.067,3,4,0,2
1,1024,1024,kintex7,xc7k410tfbg900-1,139,21.914,0,0,0,1
10,1024,1024,kintex7,xc7k410tfbg900-1,137,11.991,3,4,0,2
20,1024,1024,kintex7,xc7k410tfbg900-1,137,11.991,3,8,0,1
30,1024,1024,kintex7,xc7k410tfbg900-1,137,11.643,4,11,0,2
1,280,280,kintex7,xc7k410tfbg900-2,149,1.691,0,0,0,1
1,320,320,kintex7,xc7k410tfbg900-2,149,2.189,0,0,0,1
10,320,320,kintex7,xc7k410tfbg900-2,143,1.222,3,4,0,2
1,512,512,kintex7,xc7k410tfbg900-2,144,5.54,0,0,0,1
10,512,512,kintex7,xc7k410tfbg900-2,143,3.062,3,4,0,2
1,1024,1024,kintex7,xc7k410tfbg900-2,145,21.903,0,0,0,1
10,1024,1024,kintex7,xc7k410tfbg900-2,143,11.981,3,4,0,2
20,1024,1024,kintex7,xc7k410tfbg900-2,143,11.981,3,8,0,1
30,1024,1024,kintex7,xc7k410tfbg900-2,143,11.633,4,12,0,2
1,280,280,kintex7,xc7k410tfbg900-2L,149,1.691,0,0,0,1
1,320,320,kintex7,xc7k410tfbg900-2L,149,2.189,0,0,0,1
10,320,320,kintex7,xc7k410tfbg900-2L,143,1.222,3,4,0,2
1,512,512,kintex7,xc7k410tfbg900-2L,144,5.54,0,0,0,1
10,512,512,kintex7,xc7k410tfbg900-2L,143,3.062,3,4,0,2
1,1024,1024,kintex7,xc7k410tfbg900-2L,145,21.903,0,0,0,1
10,1024,1024,kintex7,xc7k410tfbg900-2L,143,11.981,3,4,0,2
20,1024,1024,kintex7,xc7k410tfbg900-2L,143,11.981,3,8,0,1
30,1024,1024,kintex7,xc7k410tfbg900-2L,143,11.633,4,12,0,2
1,280,280,kintex7,xc7k410tfbg900-3,158,1.691,0,0,0,1
1,320,320,kintex7,xc7k410tfbg900-3,158,2.189,0,0,0,1
10,320,320,kintex7,xc7k410tfbg900-3,139,1.222,3,4,0,2
1,512,512,kintex7,xc7k410tfbg900-3,138,5.535,0,0,0,1
10,512,512,kintex7,xc7k410tfbg900-3,139,3.062,3,4,0,2
1,1024,1024,kintex7,xc7k410tfbg900-3,138,21.893,0,0,0,1
10,1024,1024,kintex7,xc7k410tfbg900-3,139,11.981,3,4,0,2
1,280,280,kintex7,xc7k410tfbv676-1,146,1.694,0,0,0,1
1,320,320,kintex7,xc7k410tfbv676-1,146,2.192,0,0,0,1
10,320,320,kintex7,xc7k410tfbv676-1,137,1.226,3,4,0,2
1,512,512,kintex7,xc7k410tfbv676-1,139,5.545,0,0,0,1
10,512,512,kintex7,xc7k410tfbv676-1,137,3.067,3,4,0,2
1,1024,1024,kintex7,xc7k410tfbv676-1,139,21.914,0,0,0,1
10,1024,1024,kintex7,xc7k410tfbv676-1,137,11.991,3,4,0,2
20,1024,1024,kintex7,xc7k410tfbv676-1,137,11.991,3,8,0,1
30,1024,1024,kintex7,xc7k410tfbv676-1,137,11.643,4,11,0,2
1,280,280,kintex7,xc7k410tfbv676-2,149,1.691,0,0,0,1
1,320,320,kintex7,xc7k410tfbv676-2,149,2.189,0,0,0,1
10,320,320,kintex7,xc7k410tfbv676-2,143,1.222,3,4,0,2
1,512,512,kintex7,xc7k410tfbv676-2,144,5.54,0,0,0,1
10,512,512,kintex7,xc7k410tfbv676-2,143,3.062,3,4,0,2
1,1024,1024,kintex7,xc7k410tfbv676-2,145,21.903,0,0,0,1
10,1024,1024,kintex7,xc7k410tfbv676-2,143,11.981,3,4,0,2
20,1024,1024,kintex7,xc7k410tfbv676-2,143,11.981,3,8,0,1
30,1024,1024,kintex7,xc7k410tfbv676-2,143,11.633,4,12,0,2
1,280,280,kintex7,xc7k410tfbv676-2L,149,1.691,0,0,0,1
1,320,320,kintex7,xc7k410tfbv676-2L,149,2.189,0,0,0,1
10,320,320,kintex7,xc7k410tfbv676-2L,143,1.222,3,4,0,2
1,512,512,kintex7,xc7k410tfbv676-2L,144,5.54,0,0,0,1
10,512,512,kintex7,xc7k410tfbv676-2L,143,3.062,3,4,0,2
1,1024,1024,kintex7,xc7k410tfbv676-2L,145,21.903,0,0,0,1
10,1024,1024,kintex7,xc7k410tfbv676-2L,143,11.981,3,4,0,2
20,1024,1024,kintex7,xc7k410tfbv676-2L,143,11.981,3,8,0,1
30,1024,1024,kintex7,xc7k410tfbv676-2L,143,11.633,4,12,0,2
1,280,280,kintex7,xc7k410tfbv676-3,158,1.691,0,0,0,1
1,320,320,kintex7,xc7k410tfbv676-3,158,2.189,0,0,0,1
10,320,320,kintex7,xc7k410tfbv676-3,139,1.222,3,4,0,2
1,512,512,kintex7,xc7k410tfbv676-3,138,5.535,0,0,0,1
10,512,512,kintex7,xc7k410tfbv676-3,139,3.062,3,4,0,2
1,1024,1024,kintex7,xc7k410tfbv676-3,138,21.893,0,0,0,1
10,1024,1024,kintex7,xc7k410tfbv676-3,139,11.981,3,4,0,2
20,1024,1024,kintex7,xc7k410tfbv676-3,139,11.981,3,8,0,1
30,1024,1024,kintex7,xc7k410tfbv676-3,139,11.633,4,11,0,2
1,280,280,kintex7,xc7k410tfbv900-1,146,1.694,0,0,0,1
1,320,320,kintex7,xc7k410tfbv900-1,146,2.192,0,0,0,1
10,320,320,kintex7,xc7k410tfbv900-1,137,1.226,3,4,0,2
1,512,512,kintex7,xc7k410tfbv900-1,139,5.545,0,0,0,1
10,512,512,kintex7,xc7k410tfbv900-1,137,3.067,3,4,0,2
1,1024,1024,kintex7,xc7k410tfbv900-1,139,21.914,0,0,0,1
10,1024,1024,kintex7,xc7k410tfbv900-1,137,11.991,3,4,0,2
20,1024,1024,kintex7,xc7k410tfbv900-1,137,11.991,3,8,0,1
30,1024,1024,kintex7,xc7k410tfbv900-1,137,11.643,4,11,0,2
1,280,280,kintex7,xc7k410tfbv900-2,149,1.691,0,0,0,1
1,320,320,kintex7,xc7k410tfbv900-2,149,2.189,0,0,0,1
10,320,320,kintex7,xc7k410tfbv900-2,143,1.222,3,4,0,2
1,512,512,kintex7,xc7k410tfbv900-2,144,5.54,0,0,0,1
10,512,512,kintex7,xc7k410tfbv900-2,143,3.062,3,4,0,2
1,1024,1024,kintex7,xc7k410tfbv900-2,145,21.903,0,0,0,1
10,1024,1024,kintex7,xc7k410tfbv900-2,143,11.981,3,4,0,2
20,1024,1024,kintex7,xc7k410tfbv900-2,143,11.981,3,8,0,1
30,1024,1024,kintex7,xc7k410tfbv900-2,143,11.633,4,12,0,2
1,280,280,kintex7,xc7k410tfbv900-2L,149,1.691,0,0,0,1
1,320,320,kintex7,xc7k410tfbv900-2L,149,2.189,0,0,0,1
10,320,320,kintex7,xc7k410tfbv900-2L,143,1.222,3,4,0,2
1,512,512,kintex7,xc7k410tfbv900-2L,144,5.54,0,0,0,1
10,512,512,kintex7,xc7k410tfbv900-2L,143,3.062,3,4,0,2
1,1024,1024,kintex7,xc7k410tfbv900-2L,145,21.903,0,0,0,1
10,1024,1024,kintex7,xc7k410tfbv900-2L,143,11.981,3,4,0,2
20,1024,1024,kintex7,xc7k410tfbv900-2L,143,11.981,3,8,0,1
30,1024,1024,kintex7,xc7k410tfbv900-2L,143,11.633,4,12,0,2
1,280,280,kintex7,xc7k410tfbv900-3,158,1.691,0,0,0,1
1,320,320,kintex7,xc7k410tfbv900-3,158,2.189,0,0,0,1
10,320,320,kintex7,xc7k410tfbv900-3,139,1.222,3,4,0,2
1,512,512,kintex7,xc7k410tfbv900-3,138,5.535,0,0,0,1
10,512,512,kintex7,xc7k410tfbv900-3,139,3.062,3,4,0,2
1,1024,1024,kintex7,xc7k410tfbv900-3,138,21.893,0,0,0,1
10,1024,1024,kintex7,xc7k410tfbv900-3,139,11.981,3,4,0,2
20,1024,1024,kintex7,xc7k410tfbv900-3,139,11.981,3,8,0,1
30,1024,1024,kintex7,xc7k410tfbv900-3,139,11.633,4,11,0,2
1,280,280,kintex7,xc7k410tffg676-1,146,1.694,0,0,0,1
1,320,320,kintex7,xc7k410tffg676-1,146,2.192,0,0,0,1
10,320,320,kintex7,xc7k410tffg676-1,137,1.226,3,4,0,2
1,512,512,kintex7,xc7k410tffg676-1,139,5.545,0,0,0,1
10,512,512,kintex7,xc7k410tffg676-1,137,3.067,3,4,0,2
1,1024,1024,kintex7,xc7k410tffg676-1,139,21.914,0,0,0,1
10,1024,1024,kintex7,xc7k410tffg676-1,137,11.991,3,4,0,2
20,1024,1024,kintex7,xc7k410tffg676-1,137,11.991,3,8,0,1
30,1024,1024,kintex7,xc7k410tffg676-1,137,11.643,4,11,0,2
1,280,280,kintex7,xc7k410tffg676-2,149,1.691,0,0,0,1
1,320,320,kintex7,xc7k410tffg676-2,149,2.189,0,0,0,1
10,320,320,kintex7,xc7k410tffg676-2,143,1.222,3,4,0,2
1,512,512,kintex7,xc7k410tffg676-2,144,5.54,0,0,0,1
10,512,512,kintex7,xc7k410tffg676-2,143,3.062,3,4,0,2
1,1024,1024,kintex7,xc7k410tffg676-2,145,21.903,0,0,0,1
10,1024,1024,kintex7,xc7k410tffg676-2,143,11.981,3,4,0,2
20,1024,1024,kintex7,xc7k410tffg676-2,143,11.981,3,8,0,1
30,1024,1024,kintex7,xc7k410tffg676-2,143,11.633,4,12,0,2
1,280,280,kintex7,xc7k410tffg676-2L,149,1.691,0,0,0,1
1,320,320,kintex7,xc7k410tffg676-2L,149,2.189,0,0,0,1
10,320,320,kintex7,xc7k410tffg676-2L,143,1.222,3,4,0,2
1,512,512,kintex7,xc7k410tffg676-2L,144,5.54,0,0,0,1
10,512,512,kintex7,xc7k410tffg676-2L,143,3.062,3,4,0,2
1,1024,1024,kintex7,xc7k410tffg676-2L,145,21.903,0,0,0,1
10,1024,1024,kintex7,xc7k410tffg676-2L,143,11.981,3,4,0,2
20,1024,1024,kintex7,xc7k410tffg676-2L,143,11.981,3,8,0,1
30,1024,1024,kintex7,xc7k410tffg676-2L,143,11.633,4,12,0,2
1,280,280,kintex7,xc7k410tffg676-3,158,1.691,0,0,0,1
1,320,320,kintex7,xc7k410tffg676-3,158,2.189,0,0,0,1
10,320,320,kintex7,xc7k410tffg676-3,139,1.222,3,4,0,2
1,512,512,kintex7,xc7k410tffg676-3,138,5.535,0,0,0,1
10,512,512,kintex7,xc7k410tffg676-3,139,3.062,3,4,0,2
1,1024,1024,kintex7,xc7k410tffg676-3,138,21.893,0,0,0,1
10,1024,1024,kintex7,xc7k410tffg676-3,139,11.981,3,4,0,2
20,1024,1024,kintex7,xc7k410tffg676-3,139,11.981,3,8,0,1
30,1024,1024,kintex7,xc7k410tffg676-3,139,11.633,4,11,0,2
1,280,280,kintex7,xc7k410tffg900-1,146,1.694,0,0,0,1
1,320,320,kintex7,xc7k410tffg900-1,146,2.192,0,0,0,1
10,320,320,kintex7,xc7k410tffg900-1,137,1.226,3,4,0,2
1,512,512,kintex7,xc7k410tffg900-1,139,5.545,0,0,0,1
10,512,512,kintex7,xc7k410tffg900-1,137,3.067,3,4,0,2
1,1024,1024,kintex7,xc7k410tffg900-1,139,21.914,0,0,0,1
10,1024,1024,kintex7,xc7k410tffg900-1,137,11.991,3,4,0,2
1,280,280,kintex7,xc7k410tffg900-2,149,1.691,0,0,0,1
1,320,320,kintex7,xc7k410tffg900-2,149,2.189,0,0,0,1
10,320,320,kintex7,xc7k410tffg900-2,143,1.222,3,4,0,2
1,512,512,kintex7,xc7k410tffg900-2,144,5.54,0,0,0,1
10,512,512,kintex7,xc7k410tffg900-2,143,3.062,3,4,0,2
1,1024,1024,kintex7,xc7k410tffg900-2,145,21.903,0,0,0,1
10,1024,1024,kintex7,xc7k410tffg900-2,143,11.981,3,4,0,2
20,1024,1024,kintex7,xc7k410tffg900-2,143,11.981,3,8,0,1
30,1024,1024,kintex7,xc7k410tffg900-2,143,11.633,4,12,0,2
1,280,280,kintex7,xc7k410tffg900-2L,149,1.691,0,0,0,1
1,320,320,kintex7,xc7k410tffg900-2L,149,2.189,0,0,0,1
10,320,320,kintex7,xc7k410tffg900-2L,143,1.222,3,4,0,2
1,512,512,kintex7,xc7k410tffg900-2L,144,5.54,0,0,0,1
10,512,512,kintex7,xc7k410tffg900-2L,143,3.062,3,4,0,2
1,1024,1024,kintex7,xc7k410tffg900-2L,145,21.903,0,0,0,1
10,1024,1024,kintex7,xc7k410tffg900-2L,143,11.981,3,4,0,2
20,1024,1024,kintex7,xc7k410tffg900-2L,143,11.981,3,8,0,1
30,1024,1024,kintex7,xc7k410tffg900-2L,143,11.633,4,12,0,2
1,280,280,kintex7,xc7k410tffg900-3,158,1.691,0,0,0,1
1,320,320,kintex7,xc7k410tffg900-3,158,2.189,0,0,0,1
10,320,320,kintex7,xc7k410tffg900-3,139,1.222,3,4,0,2
1,512,512,kintex7,xc7k410tffg900-3,138,5.535,0,0,0,1
10,512,512,kintex7,xc7k410tffg900-3,139,3.062,3,4,0,2
1,1024,1024,kintex7,xc7k410tffg900-3,138,21.893,0,0,0,1
10,1024,1024,kintex7,xc7k410tffg900-3,139,11.981,3,4,0,2
20,1024,1024,kintex7,xc7k410tffg900-3,139,11.981,3,8,0,1
30,1024,1024,kintex7,xc7k410tffg900-3,139,11.633,4,11,0,2
1,280,280,kintex7,xc7k410tffv676-1,146,1.694,0,0,0,1
1,320,320,kintex7,xc7k410tffv676-1,146,2.192,0,0,0,1
10,320,320,kintex7,xc7k410tffv676-1,137,1.226,3,4,0,2
1,512,512,kintex7,xc7k410tffv676-1,139,5.545,0,0,0,1
10,512,512,kintex7,xc7k410tffv676-1,137,3.067,3,4,0,2
1,1024,1024,kintex7,xc7k410tffv676-1,139,21.914,0,0,0,1
10,1024,1024,kintex7,xc7k410tffv676-1,137,11.991,3,4,0,2
20,1024,1024,kintex7,xc7k410tffv676-1,137,11.991,3,8,0,1
30,1024,1024,kintex7,xc7k410tffv676-1,137,11.643,4,11,0,2
1,280,280,kintex7,xc7k410tffv676-2,149,1.691,0,0,0,1
1,320,320,kintex7,xc7k410tffv676-2,149,2.189,0,0,0,1
10,320,320,kintex7,xc7k410tffv676-2,143,1.222,3,4,0,2
1,512,512,kintex7,xc7k410tffv676-2,144,5.54,0,0,0,1
10,512,512,kintex7,xc7k410tffv676-2,143,3.062,3,4,0,2
1,1024,1024,kintex7,xc7k410tffv676-2,145,21.903,0,0,0,1
10,1024,1024,kintex7,xc7k410tffv676-2,143,11.981,3,4,0,2
20,1024,1024,kintex7,xc7k410tffv676-2,143,11.981,3,8,0,1
30,1024,1024,kintex7,xc7k410tffv676-2,143,11.633,4,12,0,2
1,280,280,kintex7,xc7k410tffv676-2L,149,1.691,0,0,0,1
1,320,320,kintex7,xc7k410tffv676-2L,149,2.189,0,0,0,1
10,320,320,kintex7,xc7k410tffv676-2L,143,1.222,3,4,0,2
1,512,512,kintex7,xc7k410tffv676-2L,144,5.54,0,0,0,1
10,512,512,kintex7,xc7k410tffv676-2L,143,3.062,3,4,0,2
1,1024,1024,kintex7,xc7k410tffv676-2L,145,21.903,0,0,0,1
10,1024,1024,kintex7,xc7k410tffv676-2L,143,11.981,3,4,0,2
20,1024,1024,kintex7,xc7k410tffv676-2L,143,11.981,3,8,0,1
30,1024,1024,kintex7,xc7k410tffv676-2L,143,11.633,4,12,0,2
1,280,280,kintex7,xc7k410tffv676-3,158,1.691,0,0,0,1
1,320,320,kintex7,xc7k410tffv676-3,158,2.189,0,0,0,1
10,320,320,kintex7,xc7k410tffv676-3,139,1.222,3,4,0,2
1,512,512,kintex7,xc7k410tffv676-3,138,5.535,0,0,0,1
10,512,512,kintex7,xc7k410tffv676-3,139,3.062,3,4,0,2
1,1024,1024,kintex7,xc7k410tffv676-3,138,21.893,0,0,0,1
10,1024,1024,kintex7,xc7k410tffv676-3,139,11.981,3,4,0,2
20,1024,1024,kintex7,xc7k410tffv676-3,139,11.981,3,8,0,1
30,1024,1024,kintex7,xc7k410tffv676-3,139,11.633,4,11,0,2
1,280,280,kintex7,xc7k410tffv900-1,146,1.694,0,0,0,1
1,320,320,kintex7,xc7k410tffv900-1,146,2.192,0,0,0,1
10,320,320,kintex7,xc7k410tffv900-1,137,1.226,3,4,0,2
1,512,512,kintex7,xc7k410tffv900-1,139,5.545,0,0,0,1
10,512,512,kintex7,xc7k410tffv900-1,137,3.067,3,4,0,2
1,1024,1024,kintex7,xc7k410tffv900-1,139,21.914,0,0,0,1
10,1024,1024,kintex7,xc7k410tffv900-1,137,11.991,3,4,0,2
20,1024,1024,kintex7,xc7k410tffv900-1,137,11.991,3,8,0,1
30,1024,1024,kintex7,xc7k410tffv900-1,137,11.643,4,11,0,2
1,280,280,kintex7,xc7k410tffv900-2,149,1.691,0,0,0,1
1,320,320,kintex7,xc7k410tffv900-2,149,2.189,0,0,0,1
10,320,320,kintex7,xc7k410tffv900-2,143,1.222,3,4,0,2
1,512,512,kintex7,xc7k410tffv900-2,144,5.54,0,0,0,1
10,512,512,kintex7,xc7k410tffv900-2,143,3.062,3,4,0,2
1,1024,1024,kintex7,xc7k410tffv900-2,145,21.903,0,0,0,1
10,1024,1024,kintex7,xc7k410tffv900-2,143,11.981,3,4,0,2
20,1024,1024,kintex7,xc7k410tffv900-2,143,11.981,3,8,0,1
30,1024,1024,kintex7,xc7k410tffv900-2,143,11.633,4,12,0,2
1,280,280,kintex7,xc7k410tffv900-2L,149,1.691,0,0,0,1
1,320,320,kintex7,xc7k410tffv900-2L,149,2.189,0,0,0,1
10,320,320,kintex7,xc7k410tffv900-2L,143,1.222,3,4,0,2
1,512,512,kintex7,xc7k410tffv900-2L,144,5.54,0,0,0,1
10,512,512,kintex7,xc7k410tffv900-2L,143,3.062,3,4,0,2
1,1024,1024,kintex7,xc7k410tffv900-2L,145,21.903,0,0,0,1
10,1024,1024,kintex7,xc7k410tffv900-2L,143,11.981,3,4,0,2
20,1024,1024,kintex7,xc7k410tffv900-2L,143,11.981,3,8,0,1
30,1024,1024,kintex7,xc7k410tffv900-2L,143,11.633,4,12,0,2
1,280,280,kintex7,xc7k410tffv900-3,158,1.691,0,0,0,1
1,320,320,kintex7,xc7k410tffv900-3,158,2.189,0,0,0,1
10,320,320,kintex7,xc7k410tffv900-3,139,1.222,3,4,0,2
1,512,512,kintex7,xc7k410tffv900-3,138,5.535,0,0,0,1
10,512,512,kintex7,xc7k410tffv900-3,139,3.062,3,4,0,2
1,1024,1024,kintex7,xc7k410tffv900-3,138,21.893,0,0,0,1
10,1024,1024,kintex7,xc7k410tffv900-3,139,11.981,3,4,0,2
20,1024,1024,kintex7,xc7k410tffv900-3,139,11.981,3,8,0,1
30,1024,1024,kintex7,xc7k410tffv900-3,139,11.633,4,11,0,2
1,280,280,kintex7,xc7k410tiffv900-2L,149,1.691,0,0,0,1
1,320,320,kintex7,xc7k410tiffv900-2L,149,2.189,0,0,0,1
10,320,320,kintex7,xc7k410tiffv900-2L,143,1.222,3,4,0,2
1,512,512,kintex7,xc7k410tiffv900-2L,144,5.54,0,0,0,1
10,512,512,kintex7,xc7k410tiffv900-2L,143,3.062,3,4,0,2
1,1024,1024,kintex7,xc7k410tiffv900-2L,145,21.903,0,0,0,1
10,1024,1024,kintex7,xc7k410tiffv900-2L,143,11.981,3,4,0,2
20,1024,1024,kintex7,xc7k410tiffv900-2L,143,11.981,3,8,0,1
30,1024,1024,kintex7,xc7k410tiffv900-2L,143,11.633,4,12,0,2
1,280,280,kintex7,xc7k410tiffv676-2L,149,1.691,0,0,0,1
1,320,320,kintex7,xc7k410tiffv676-2L,149,2.189,0,0,0,1
10,320,320,kintex7,xc7k410tiffv676-2L,143,1.222,3,4,0,2
1,512,512,kintex7,xc7k410tiffv676-2L,144,5.54,0,0,0,1
10,512,512,kintex7,xc7k410tiffv676-2L,143,3.062,3,4,0,2
1,1024,1024,kintex7,xc7k410tiffv676-2L,145,21.903,0,0,0,1
10,1024,1024,kintex7,xc7k410tiffv676-2L,143,11.981,3,4,0,2
1,280,280,kintex7,xc7k410tiffg900-2L,149,1.691,0,0,0,1
1,320,320,kintex7,xc7k410tiffg900-2L,149,2.189,0,0,0,1
10,320,320,kintex7,xc7k410tiffg900-2L,143,1.222,3,4,0,2
1,512,512,kintex7,xc7k410tiffg900-2L,144,5.54,0,0,0,1
10,512,512,kintex7,xc7k410tiffg900-2L,143,3.062,3,4,0,2
1,1024,1024,kintex7,xc7k410tiffg900-2L,145,21.903,0,0,0,1
10,1024,1024,kintex7,xc7k410tiffg900-2L,143,11.981,3,4,0,2
20,1024,1024,kintex7,xc7k410tiffg900-2L,143,11.981,3,8,0,1
30,1024,1024,kintex7,xc7k410tiffg900-2L,143,11.633,4,12,0,2
1,280,280,kintex7,xc7k410tiffg676-2L,149,1.691,0,0,0,1
1,320,320,kintex7,xc7k410tiffg676-2L,149,2.189,0,0,0,1
10,320,320,kintex7,xc7k410tiffg676-2L,143,1.222,3,4,0,2
1,512,512,kintex7,xc7k410tiffg676-2L,144,5.54,0,0,0,1
10,512,512,kintex7,xc7k410tiffg676-2L,143,3.062,3,4,0,2
1,1024,1024,kintex7,xc7k410tiffg676-2L,145,21.903,0,0,0,1
10,1024,1024,kintex7,xc7k410tiffg676-2L,143,11.981,3,4,0,2
20,1024,1024,kintex7,xc7k410tiffg676-2L,143,11.981,3,8,0,1
30,1024,1024,kintex7,xc7k410tiffg676-2L,143,11.633,4,12,0,2
1,280,280,kintex7,xc7k410tifbv900-2L,149,1.691,0,0,0,1
1,320,320,kintex7,xc7k410tifbv900-2L,149,2.189,0,0,0,1
10,320,320,kintex7,xc7k410tifbv900-2L,143,1.222,3,4,0,2
1,512,512,kintex7,xc7k410tifbv900-2L,144,5.54,0,0,0,1
10,512,512,kintex7,xc7k410tifbv900-2L,143,3.062,3,4,0,2
1,1024,1024,kintex7,xc7k410tifbv900-2L,145,21.903,0,0,0,1
10,1024,1024,kintex7,xc7k410tifbv900-2L,143,11.981,3,4,0,2
20,1024,1024,kintex7,xc7k410tifbv900-2L,143,11.981,3,8,0,1
30,1024,1024,kintex7,xc7k410tifbv900-2L,143,11.633,4,12,0,2
1,280,280,kintex7,xc7k410tifbv676-2L,149,1.691,0,0,0,1
1,320,320,kintex7,xc7k410tifbv676-2L,149,2.189,0,0,0,1
10,320,320,kintex7,xc7k410tifbv676-2L,143,1.222,3,4,0,2
1,512,512,kintex7,xc7k410tifbv676-2L,144,5.54,0,0,0,1
10,512,512,kintex7,xc7k410tifbv676-2L,143,3.062,3,4,0,2
1,1024,1024,kintex7,xc7k410tifbv676-2L,145,21.903,0,0,0,1
10,1024,1024,kintex7,xc7k410tifbv676-2L,143,11.981,3,4,0,2
20,1024,1024,kintex7,xc7k410tifbv676-2L,143,11.981,3,8,0,1
30,1024,1024,kintex7,xc7k410tifbv676-2L,143,11.633,4,12,0,2
1,280,280,kintex7,xc7k410tifbg900-2L,149,1.691,0,0,0,1
1,320,320,kintex7,xc7k410tifbg900-2L,149,2.189,0,0,0,1
10,320,320,kintex7,xc7k410tifbg900-2L,143,1.222,3,4,0,2
1,512,512,kintex7,xc7k410tifbg900-2L,144,5.54,0,0,0,1
10,512,512,kintex7,xc7k410tifbg900-2L,143,3.062,3,4,0,2
1,1024,1024,kintex7,xc7k410tifbg900-2L,145,21.903,0,0,0,1
10,1024,1024,kintex7,xc7k410tifbg900-2L,143,11.981,3,4,0,2
20,1024,1024,kintex7,xc7k410tifbg900-2L,143,11.981,3,8,0,1
30,1024,1024,kintex7,xc7k410tifbg900-2L,143,11.633,4,12,0,2
1,280,280,kintex7,xc7k410tifbg676-2L,149,1.691,0,0,0,1
1,320,320,kintex7,xc7k410tifbg676-2L,149,2.189,0,0,0,1
10,320,320,kintex7,xc7k410tifbg676-2L,143,1.222,3,4,0,2
1,512,512,kintex7,xc7k410tifbg676-2L,144,5.54,0,0,0,1
10,512,512,kintex7,xc7k410tifbg676-2L,143,3.062,3,4,0,2
1,1024,1024,kintex7,xc7k410tifbg676-2L,145,21.903,0,0,0,1
10,1024,1024,kintex7,xc7k410tifbg676-2L,143,11.981,3,4,0,2
20,1024,1024,kintex7,xc7k410tifbg676-2L,143,11.981,3,8,0,1
30,1024,1024,kintex7,xc7k410tifbg676-2L,143,11.633,4,12,0,2
1,280,280,kintex7,xc7k420tffg1156-1,146,1.694,0,0,0,0
1,320,320,kintex7,xc7k420tffg1156-1,146,2.192,0,0,0,0
10,320,320,kintex7,xc7k420tffg1156-1,137,1.226,3,4,0,1
1,512,512,kintex7,xc7k420tffg1156-1,139,5.545,0,0,0,1
10,512,512,kintex7,xc7k420tffg1156-1,137,3.067,3,4,0,1
1,1024,1024,kintex7,xc7k420tffg1156-1,139,21.914,0,0,0,1
10,1024,1024,kintex7,xc7k420tffg1156-1,137,11.991,3,4,0,1
20,1024,1024,kintex7,xc7k420tffg1156-1,137,11.991,3,8,0,1
30,1024,1024,kintex7,xc7k420tffg1156-1,137,11.643,3,11,0,2
1,280,280,kintex7,xc7k420tffg1156-2,149,1.691,0,0,0,0
1,320,320,kintex7,xc7k420tffg1156-2,149,2.189,0,0,0,0
10,320,320,kintex7,xc7k420tffg1156-2,143,1.222,3,4,0,1
1,512,512,kintex7,xc7k420tffg1156-2,144,5.54,0,0,0,1
10,512,512,kintex7,xc7k420tffg1156-2,143,3.062,3,4,0,1
1,1024,1024,kintex7,xc7k420tffg1156-2,145,21.903,0,0,0,1
10,1024,1024,kintex7,xc7k420tffg1156-2,143,11.981,3,4,0,1
20,1024,1024,kintex7,xc7k420tffg1156-2,143,11.981,3,8,0,1
30,1024,1024,kintex7,xc7k420tffg1156-2,143,11.633,3,12,0,2
1,280,280,kintex7,xc7k420tffg1156-2L,149,1.691,0,0,0,0
1,320,320,kintex7,xc7k420tffg1156-2L,149,2.189,0,0,0,0
10,320,320,kintex7,xc7k420tffg1156-2L,143,1.222,3,4,0,1
1,512,512,kintex7,xc7k420tffg1156-2L,144,5.54,0,0,0,1
10,512,512,kintex7,xc7k420tffg1156-2L,143,3.062,3,4,0,1
1,1024,1024,kintex7,xc7k420tffg1156-2L,145,21.903,0,0,0,1
10,1024,1024,kintex7,xc7k420tffg1156-2L,143,11.981,3,4,0,1
20,1024,1024,kintex7,xc7k420tffg1156-2L,143,11.981,3,8,0,1
30,1024,1024,kintex7,xc7k420tffg1156-2L,143,11.633,3,12,0,2
1,280,280,kintex7,xc7k420tffg1156-3,158,1.691,0,0,0,0
1,320,320,kintex7,xc7k420tffg1156-3,158,2.189,0,0,0,0
10,320,320,kintex7,xc7k420tffg1156-3,139,1.222,3,4,0,1
1,512,512,kintex7,xc7k420tffg1156-3,138,5.535,0,0,0,1
10,512,512,kintex7,xc7k420tffg1156-3,139,3.062,3,4,0,1
1,1024,1024,kintex7,xc7k420tffg1156-3,138,21.893,0,0,0,1
10,1024,1024,kintex7,xc7k420tffg1156-3,139,11.981,3,4,0,1
20,1024,1024,kintex7,xc7k420tffg1156-3,139,11.981,3,8,0,1
30,1024,1024,kintex7,xc7k420tffg1156-3,139,11.633,3,11,0,2
1,280,280,kintex7,xc7k420tffg901-1,146,1.694,0,0,0,0
1,320,320,kintex7,xc7k420tffg901-1,146,2.192,0,0,0,0
1,280,280,kintex7,xc7k420tffg901-3,158,1.691,0,0,0,0
1,320,320,kintex7,xc7k420tffg901-3,158,2.189,0,0,0,0
10,320,320,kintex7,xc7k420tffg901-3,139,1.222,3,4,0,1
1,512,512,kintex7,xc7k420tffg901-3,138,5.535,0,0,0,1
10,512,512,kintex7,xc7k420tffg901-3,139,3.062,3,4,0,1
1,1024,1024,kintex7,xc7k420tffg901-3,138,21.893,0,0,0,1
10,1024,1024,kintex7,xc7k420tffg901-3,139,11.981,3,4,0,1
20,1024,1024,kintex7,xc7k420tffg901-3,139,11.981,3,8,0,1
30,1024,1024,kintex7,xc7k420tffg901-3,139,11.633,3,11,0,2
1,280,280,kintex7,xc7k420tffv1156-1,146,1.694,0,0,0,0
1,320,320,kintex7,xc7k420tffv1156-1,146,2.192,0,0,0,0
10,320,320,kintex7,xc7k420tffv1156-1,137,1.226,3,4,0,1
1,512,512,kintex7,xc7k420tffv1156-1,139,5.545,0,0,0,1
10,512,512,kintex7,xc7k420tffv1156-1,137,3.067,3,4,0,1
1,1024,1024,kintex7,xc7k420tffv1156-1,139,21.914,0,0,0,1
10,1024,1024,kintex7,xc7k420tffv1156-1,137,11.991,3,4,0,1
20,1024,1024,kintex7,xc7k420tffv1156-1,137,11.991,3,8,0,1
30,1024,1024,kintex7,xc7k420tffv1156-1,137,11.643,3,11,0,2
1,280,280,kintex7,xc7k420tffv1156-2,149,1.691,0,0,0,0
1,320,320,kintex7,xc7k420tffv1156-2,149,2.189,0,0,0,0
10,320,320,kintex7,xc7k420tffv1156-2,143,1.222,3,4,0,1
1,512,512,kintex7,xc7k420tffv1156-2,144,5.54,0,0,0,1
10,512,512,kintex7,xc7k420tffv1156-2,143,3.062,3,4,0,1
1,1024,1024,kintex7,xc7k420tffv1156-2,145,21.903,0,0,0,1
10,1024,1024,kintex7,xc7k420tffv1156-2,143,11.981,3,4,0,1
20,1024,1024,kintex7,xc7k420tffv1156-2,143,11.981,3,8,0,1
30,1024,1024,kintex7,xc7k420tffv1156-2,143,11.633,3,12,0,2
1,280,280,kintex7,xc7k420tffv1156-2L,149,1.691,0,0,0,0
1,320,320,kintex7,xc7k420tffv1156-2L,149,2.189,0,0,0,0
10,320,320,kintex7,xc7k420tffv1156-2L,143,1.222,3,4,0,1
1,512,512,kintex7,xc7k420tffv1156-2L,144,5.54,0,0,0,1
10,512,512,kintex7,xc7k420tffv1156-2L,143,3.062,3,4,0,1
1,1024,1024,kintex7,xc7k420tffv1156-2L,145,21.903,0,0,0,1
10,1024,1024,kintex7,xc7k420tffv1156-2L,143,11.981,3,4,0,1
20,1024,1024,kintex7,xc7k420tffv1156-2L,143,11.981,3,8,0,1
30,1024,1024,kintex7,xc7k420tffv1156-2L,143,11.633,3,12,0,2
1,280,280,kintex7,xc7k420tffv1156-3,158,1.691,0,0,0,0
1,320,320,kintex7,xc7k420tffv1156-3,158,2.189,0,0,0,0
10,320,320,kintex7,xc7k420tffv1156-3,139,1.222,3,4,0,1
1,512,512,kintex7,xc7k420tffv1156-3,138,5.535,0,0,0,1
10,512,512,kintex7,xc7k420tffv1156-3,139,3.062,3,4,0,1
1,1024,1024,kintex7,xc7k420tffv1156-3,138,21.893,0,0,0,1
10,1024,1024,kintex7,xc7k420tffv1156-3,139,11.981,3,4,0,1
20,1024,1024,kintex7,xc7k420tffv1156-3,139,11.981,3,8,0,1
30,1024,1024,kintex7,xc7k420tffv1156-3,139,11.633,3,11,0,2
1,280,280,kintex7,xc7k420tffv901-1,146,1.694,0,0,0,0
1,320,320,kintex7,xc7k420tffv901-1,146,2.192,0,0,0,0
10,320,320,kintex7,xc7k420tffv901-1,137,1.226,3,4,0,1
1,512,512,kintex7,xc7k420tffv901-1,139,5.545,0,0,0,1
10,512,512,kintex7,xc7k420tffv901-1,137,3.067,3,4,0,1
1,1024,1024,kintex7,xc7k420tffv901-1,139,21.914,0,0,0,1
10,1024,1024,kintex7,xc7k420tffv901-1,137,11.991,3,4,0,1
20,1024,1024,kintex7,xc7k420tffv901-1,137,11.991,3,8,0,1
30,1024,1024,kintex7,xc7k420tffv901-1,137,11.643,3,11,0,2
1,280,280,kintex7,xc7k420tffv901-2,149,1.691,0,0,0,0
1,320,320,kintex7,xc7k420tffv901-2,149,2.189,0,0,0,0
10,320,320,kintex7,xc7k420tffv901-2,143,1.222,3,4,0,1
1,512,512,kintex7,xc7k420tffv901-2,144,5.54,0,0,0,1
10,512,512,kintex7,xc7k420tffv901-2,143,3.062,3,4,0,1
1,1024,1024,kintex7,xc7k420tffv901-2,145,21.903,0,0,0,1
10,1024,1024,kintex7,xc7k420tffv901-2,143,11.981,3,4,0,1
20,1024,1024,kintex7,xc7k420tffv901-2,143,11.981,3,8,0,1
30,1024,1024,kintex7,xc7k420tffv901-2,143,11.633,3,12,0,2
1,280,280,kintex7,xc7k420tffv901-2L,149,1.691,0,0,0,0
1,320,320,kintex7,xc7k420tffv901-2L,149,2.189,0,0,0,0
10,320,320,kintex7,xc7k420tffv901-2L,143,1.222,3,4,0,1
1,512,512,kintex7,xc7k420tffv901-2L,144,5.54,0,0,0,1
10,512,512,kintex7,xc7k420tffv901-2L,143,3.062,3,4,0,1
1,1024,1024,kintex7,xc7k420tffv901-2L,145,21.903,0,0,0,1
10,1024,1024,kintex7,xc7k420tffv901-2L,143,11.981,3,4,0,1
20,1024,1024,kintex7,xc7k420tffv901-2L,143,11.981,3,8,0,1
30,1024,1024,kintex7,xc7k420tffv901-2L,143,11.633,3,12,0,2
1,280,280,kintex7,xc7k420tffv901-3,158,1.691,0,0,0,0
1,320,320,kintex7,xc7k420tffv901-3,158,2.189,0,0,0,0
10,320,320,kintex7,xc7k420tffv901-3,139,1.222,3,4,0,1
1,512,512,kintex7,xc7k420tffv901-3,138,5.535,0,0,0,1
10,512,512,kintex7,xc7k420tffv901-3,139,3.062,3,4,0,1
1,1024,1024,kintex7,xc7k420tffv901-3,138,21.893,0,0,0,1
10,1024,1024,kintex7,xc7k420tffv901-3,139,11.981,3,4,0,1
20,1024,1024,kintex7,xc7k420tffv901-3,139,11.981,3,8,0,1
30,1024,1024,kintex7,xc7k420tffv901-3,139,11.633,3,11,0,2
1,280,280,kintex7,xc7k420tiffv901-2L,149,1.691,0,0,0,0
1,320,320,kintex7,xc7k420tiffv901-2L,149,2.189,0,0,0,0
10,320,320,kintex7,xc7k420tiffv901-2L,143,1.222,3,4,0,1
1,512,512,kintex7,xc7k420tiffv901-2L,144,5.54,0,0,0,1
10,512,512,kintex7,xc7k420tiffv901-2L,143,3.062,3,4,0,1
1,1024,1024,kintex7,xc7k420tiffv901-2L,145,21.903,0,0,0,1
10,1024,1024,kintex7,xc7k420tiffv901-2L,143,11.981,3,4,0,1
20,1024,1024,kintex7,xc7k420tiffv901-2L,143,11.981,3,8,0,1
30,1024,1024,kintex7,xc7k420tiffv901-2L,143,11.633,3,12,0,2
1,280,280,kintex7,xc7k420tiffv1156-2L,149,1.691,0,0,0,0
1,320,320,kintex7,xc7k420tiffv1156-2L,149,2.189,0,0,0,0
10,320,320,kintex7,xc7k420tiffv1156-2L,143,1.222,3,4,0,1
1,512,512,kintex7,xc7k420tiffv1156-2L,144,5.54,0,0,0,1
10,512,512,kintex7,xc7k420tiffv1156-2L,143,3.062,3,4,0,1
1,1024,1024,kintex7,xc7k420tiffv1156-2L,145,21.903,0,0,0,1
10,1024,1024,kintex7,xc7k420tiffv1156-2L,143,11.981,3,4,0,1
20,1024,1024,kintex7,xc7k420tiffv1156-2L,143,11.981,3,8,0,1
30,1024,1024,kintex7,xc7k420tiffv1156-2L,143,11.633,3,12,0,2
1,280,280,kintex7,xc7k420tiffg901-2L,149,1.691,0,0,0,0
1,320,320,kintex7,xc7k420tiffg901-2L,149,2.189,0,0,0,0
10,320,320,kintex7,xc7k420tiffg901-2L,143,1.222,3,4,0,1
1,512,512,kintex7,xc7k420tiffg901-2L,144,5.54,0,0,0,1
10,512,512,kintex7,xc7k420tiffg901-2L,143,3.062,3,4,0,1
1,1024,1024,kintex7,xc7k420tiffg901-2L,145,21.903,0,0,0,1
10,1024,1024,kintex7,xc7k420tiffg901-2L,143,11.981,3,4,0,1
20,1024,1024,kintex7,xc7k420tiffg901-2L,143,11.981,3,8,0,1
30,1024,1024,kintex7,xc7k420tiffg901-2L,143,11.633,3,12,0,2
1,280,280,kintex7,xc7k420tiffg1156-2L,149,1.691,0,0,0,0
1,320,320,kintex7,xc7k420tiffg1156-2L,149,2.189,0,0,0,0
10,320,320,kintex7,xc7k420tiffg1156-2L,143,1.222,3,4,0,1
1,512,512,kintex7,xc7k420tiffg1156-2L,144,5.54,0,0,0,1
10,512,512,kintex7,xc7k420tiffg1156-2L,143,3.062,3,4,0,1
1,1024,1024,kintex7,xc7k420tiffg1156-2L,145,21.903,0,0,0,1
10,1024,1024,kintex7,xc7k420tiffg1156-2L,143,11.981,3,4,0,1
1,280,280,kintex7,xc7k480tiffv901-2L,149,1.691,0,0,0,0
1,320,320,kintex7,xc7k480tiffv901-2L,149,2.189,0,0,0,0
10,320,320,kintex7,xc7k480tiffv901-2L,143,1.222,3,3,0,1
1,512,512,kintex7,xc7k480tiffv901-2L,144,5.54,0,0,0,1
10,512,512,kintex7,xc7k480tiffv901-2L,143,3.062,3,3,0,1
1,1024,1024,kintex7,xc7k480tiffv901-2L,145,21.903,0,0,0,1
10,1024,1024,kintex7,xc7k480tiffv901-2L,143,11.981,3,3,0,1
20,1024,1024,kintex7,xc7k480tiffv901-2L,143,11.981,3,7,0,1
30,1024,1024,kintex7,xc7k480tiffv901-2L,143,11.633,3,10,0,2
1,280,280,kintex7,xc7k480tiffv1156-2L,149,1.691,0,0,0,0
1,320,320,kintex7,xc7k480tiffv1156-2L,149,2.189,0,0,0,0
10,320,320,kintex7,xc7k480tiffv1156-2L,143,1.222,3,3,0,1
1,512,512,kintex7,xc7k480tiffv1156-2L,144,5.54,0,0,0,1
10,512,512,kintex7,xc7k480tiffv1156-2L,143,3.062,3,3,0,1
1,1024,1024,kintex7,xc7k480tiffv1156-2L,145,21.903,0,0,0,1
10,1024,1024,kintex7,xc7k480tiffv1156-2L,143,11.981,3,3,0,1
20,1024,1024,kintex7,xc7k480tiffv1156-2L,143,11.981,3,7,0,1
30,1024,1024,kintex7,xc7k480tiffv1156-2L,143,11.633,3,10,0,2
1,280,280,kintex7,xc7k480tiffg901-2L,149,1.691,0,0,0,0
1,320,320,kintex7,xc7k480tiffg901-2L,149,2.189,0,0,0,0
10,320,320,kintex7,xc7k480tiffg901-2L,143,1.222,3,3,0,1
1,512,512,kintex7,xc7k480tiffg901-2L,144,5.54,0,0,0,1
10,512,512,kintex7,xc7k480tiffg901-2L,143,3.062,3,3,0,1
1,1024,1024,kintex7,xc7k480tiffg901-2L,145,21.903,0,0,0,1
10,1024,1024,kintex7,xc7k480tiffg901-2L,143,11.981,3,3,0,1
20,1024,1024,kintex7,xc7k480tiffg901-2L,143,11.981,3,7,0,1
30,1024,1024,kintex7,xc7k480tiffg901-2L,143,11.633,3,10,0,2
1,280,280,kintex7,xc7k480tiffg1156-2L,149,1.691,0,0,0,0
1,320,320,kintex7,xc7k480tiffg1156-2L,149,2.189,0,0,0,0
10,320,320,kintex7,xc7k480tiffg1156-2L,143,1.222,3,3,0,1
1,512,512,kintex7,xc7k480tiffg1156-2L,144,5.54,0,0,0,1
10,512,512,kintex7,xc7k480tiffg1156-2L,143,3.062,3,3,0,1
1,1024,1024,kintex7,xc7k480tiffg1156-2L,145,21.903,0,0,0,1
10,1024,1024,kintex7,xc7k480tiffg1156-2L,143,11.981,3,3,0,1
20,1024,1024,kintex7,xc7k480tiffg1156-2L,143,11.981,3,7,0,1
30,1024,1024,kintex7,xc7k480tiffg1156-2L,143,11.633,3,10,0,2
1,280,280,kintex7,xc7k480tffv901-1,146,1.694,0,0,0,0
1,320,320,kintex7,xc7k480tffv901-1,146,2.192,0,0,0,0
10,320,320,kintex7,xc7k480tffv901-1,137,1.226,3,3,0,1
1,512,512,kintex7,xc7k480tffv901-1,139,5.545,0,0,0,1
10,512,512,kintex7,xc7k480tffv901-1,137,3.067,3,3,0,1
1,1024,1024,kintex7,xc7k480tffv901-1,139,21.914,0,0,0,1
10,1024,1024,kintex7,xc7k480tffv901-1,137,11.991,3,3,0,1
20,1024,1024,kintex7,xc7k480tffv901-1,137,11.991,3,7,0,1
30,1024,1024,kintex7,xc7k480tffv901-1,137,11.643,3,10,0,2
1,280,280,kintex7,xc7k480tffv901-2,149,1.691,0,0,0,0
1,320,320,kintex7,xc7k480tffv901-2,149,2.189,0,0,0,0
10,320,320,kintex7,xc7k480tffv901-2,143,1.222,3,3,0,1
1,512,512,kintex7,xc7k480tffv901-2,144,5.54,0,0,0,1
10,512,512,kintex7,xc7k480tffv901-2,143,3.062,3,3,0,1
1,1024,1024,kintex7,xc7k480tffv901-2,145,21.903,0,0,0,1
10,1024,1024,kintex7,xc7k480tffv901-2,143,11.981,3,3,0,1
20,1024,1024,kintex7,xc7k480tffv901-2,143,11.981,3,7,0,1
30,1024,1024,kintex7,xc7k480tffv901-2,143,11.633,3,10,0,2
1,280,280,kintex7,xc7k480tffv901-2L,149,1.691,0,0,0,0
1,320,320,kintex7,xc7k480tffv901-2L,149,2.189,0,0,0,0
10,320,320,kintex7,xc7k480tffv901-2L,143,1.222,3,3,0,1
1,512,512,kintex7,xc7k480tffv901-2L,144,5.54,0,0,0,1
10,512,512,kintex7,xc7k480tffv901-2L,143,3.062,3,3,0,1
1,1024,1024,kintex7,xc7k480tffv901-2L,145,21.903,0,0,0,1
10,1024,1024,kintex7,xc7k480tffv901-2L,143,11.981,3,3,0,1
20,1024,1024,kintex7,xc7k480tffv901-2L,143,11.981,3,7,0,1
30,1024,1024,kintex7,xc7k480tffv901-2L,143,11.633,3,10,0,2
1,280,280,kintex7,xc7k480tffv901-3,158,1.691,0,0,0,0
1,320,320,kintex7,xc7k480tffv901-3,158,2.189,0,0,0,0
10,320,320,kintex7,xc7k480tffv901-3,139,1.222,3,3,0,1
1,512,512,kintex7,xc7k480tffv901-3,138,5.535,0,0,0,1
10,512,512,kintex7,xc7k480tffv901-3,139,3.062,3,3,0,1
1,1024,1024,kintex7,xc7k480tffv901-3,138,21.893,0,0,0,1
10,1024,1024,kintex7,xc7k480tffv901-3,139,11.981,3,3,0,1
20,1024,1024,kintex7,xc7k480tffv901-3,139,11.981,3,7,0,1
30,1024,1024,kintex7,xc7k480tffv901-3,139,11.633,3,10,0,2
1,280,280,kintex7,xc7k480tffv1156-1,146,1.694,0,0,0,0
1,320,320,kintex7,xc7k480tffv1156-1,146,2.192,0,0,0,0
10,320,320,kintex7,xc7k480tffv1156-1,137,1.226,3,3,0,1
1,512,512,kintex7,xc7k480tffv1156-1,139,5.545,0,0,0,1
10,512,512,kintex7,xc7k480tffv1156-1,137,3.067,3,3,0,1
1,1024,1024,kintex7,xc7k480tffv1156-1,139,21.914,0,0,0,1
10,1024,1024,kintex7,xc7k480tffv1156-1,137,11.991,3,3,0,1
20,1024,1024,kintex7,xc7k480tffv1156-1,137,11.991,3,7,0,1
30,1024,1024,kintex7,xc7k480tffv1156-1,137,11.643,3,10,0,2
1,280,280,kintex7,xc7k480tffv1156-2,149,1.691,0,0,0,0
1,320,320,kintex7,xc7k480tffv1156-2,149,2.189,0,0,0,0
10,320,320,kintex7,xc7k480tffv1156-2,143,1.222,3,3,0,1
1,512,512,kintex7,xc7k480tffv1156-2,144,5.54,0,0,0,1
10,512,512,kintex7,xc7k480tffv1156-2,143,3.062,3,3,0,1
1,1024,1024,kintex7,xc7k480tffv1156-2,145,21.903,0,0,0,1
10,1024,1024,kintex7,xc7k480tffv1156-2,143,11.981,3,3,0,1
20,1024,1024,kintex7,xc7k480tffv1156-2,143,11.981,3,7,0,1
30,1024,1024,kintex7,xc7k480tffv1156-2,143,11.633,3,10,0,2
1,280,280,kintex7,xc7k480tffv1156-2L,149,1.691,0,0,0,0
1,320,320,kintex7,xc7k480tffv1156-2L,149,2.189,0,0,0,0
10,320,320,kintex7,xc7k480tffv1156-2L,143,1.222,3,3,0,1
1,512,512,kintex7,xc7k480tffv1156-2L,144,5.54,0,0,0,1
10,512,512,kintex7,xc7k480tffv1156-2L,143,3.062,3,3,0,1
1,1024,1024,kintex7,xc7k480tffv1156-2L,145,21.903,0,0,0,1
10,1024,1024,kintex7,xc7k480tffv1156-2L,143,11.981,3,3,0,1
20,1024,1024,kintex7,xc7k480tffv1156-2L,143,11.981,3,7,0,1
30,1024,1024,kintex7,xc7k480tffv1156-2L,143,11.633,3,10,0,2
1,280,280,kintex7,xc7k480tffv1156-3,158,1.691,0,0,0,0
1,320,320,kintex7,xc7k480tffv1156-3,158,2.189,0,0,0,0
10,320,320,kintex7,xc7k480tffv1156-3,139,1.222,3,3,0,1
1,512,512,kintex7,xc7k480tffv1156-3,138,5.535,0,0,0,1
10,512,512,kintex7,xc7k480tffv1156-3,139,3.062,3,3,0,1
1,1024,1024,kintex7,xc7k480tffv1156-3,138,21.893,0,0,0,1
10,1024,1024,kintex7,xc7k480tffv1156-3,139,11.981,3,3,0,1
20,1024,1024,kintex7,xc7k480tffv1156-3,139,11.981,3,7,0,1
30,1024,1024,kintex7,xc7k480tffv1156-3,139,11.633,3,10,0,2
1,280,280,kintex7,xc7k480tffg901-1,146,1.694,0,0,0,0
1,320,320,kintex7,xc7k480tffg901-1,146,2.192,0,0,0,0
10,320,320,kintex7,xc7k480tffg901-1,137,1.226,3,3,0,1
1,512,512,kintex7,xc7k480tffg901-1,139,5.545,0,0,0,1
10,512,512,kintex7,xc7k480tffg901-1,137,3.067,3,3,0,1
1,1024,1024,kintex7,xc7k480tffg901-1,139,21.914,0,0,0,1
10,1024,1024,kintex7,xc7k480tffg901-1,137,11.991,3,3,0,1
1,280,280,kintex7,xc7k480tffg901-2,149,1.691,0,0,0,0
1,320,320,kintex7,xc7k480tffg901-2,149,2.189,0,0,0,0
10,320,320,kintex7,xc7k480tffg901-2,143,1.222,3,3,0,1
1,512,512,kintex7,xc7k480tffg901-2,144,5.54,0,0,0,1
10,512,512,kintex7,xc7k480tffg901-2,143,3.062,3,3,0,1
1,1024,1024,kintex7,xc7k480tffg901-2,145,21.903,0,0,0,1
10,1024,1024,kintex7,xc7k480tffg901-2,143,11.981,3,3,0,1
20,1024,1024,kintex7,xc7k480tffg901-2,143,11.981,3,7,0,1
30,1024,1024,kintex7,xc7k480tffg901-2,143,11.633,3,10,0,2
1,280,280,kintex7,xc7k480tffg901-2L,149,1.691,0,0,0,0
1,320,320,kintex7,xc7k480tffg901-2L,149,2.189,0,0,0,0
10,320,320,kintex7,xc7k480tffg901-2L,143,1.222,3,3,0,1
1,512,512,kintex7,xc7k480tffg901-2L,144,5.54,0,0,0,1
10,512,512,kintex7,xc7k480tffg901-2L,143,3.062,3,3,0,1
1,1024,1024,kintex7,xc7k480tffg901-2L,145,21.903,0,0,0,1
10,1024,1024,kintex7,xc7k480tffg901-2L,143,11.981,3,3,0,1
20,1024,1024,kintex7,xc7k480tffg901-2L,143,11.981,3,7,0,1
30,1024,1024,kintex7,xc7k480tffg901-2L,143,11.633,3,10,0,2
1,280,280,kintex7,xc7k480tffg901-3,158,1.691,0,0,0,0
1,320,320,kintex7,xc7k480tffg901-3,158,2.189,0,0,0,0
10,320,320,kintex7,xc7k480tffg901-3,139,1.222,3,3,0,1
1,512,512,kintex7,xc7k480tffg901-3,138,5.535,0,0,0,1
10,512,512,kintex7,xc7k480tffg901-3,139,3.062,3,3,0,1
1,1024,1024,kintex7,xc7k480tffg901-3,138,21.893,0,0,0,1
10,1024,1024,kintex7,xc7k480tffg901-3,139,11.981,3,3,0,1
20,1024,1024,kintex7,xc7k480tffg901-3,139,11.981,3,7,0,1
30,1024,1024,kintex7,xc7k480tffg901-3,139,11.633,3,10,0,2
1,280,280,kintex7,xc7k480tffg1156-1,146,1.694,0,0,0,0
1,320,320,kintex7,xc7k480tffg1156-1,146,2.192,0,0,0,0
10,320,320,kintex7,xc7k480tffg1156-1,137,1.226,3,3,0,1
1,512,512,kintex7,xc7k480tffg1156-1,139,5.545,0,0,0,1
10,512,512,kintex7,xc7k480tffg1156-1,137,3.067,3,3,0,1
1,1024,1024,kintex7,xc7k480tffg1156-1,139,21.914,0,0,0,1
10,1024,1024,kintex7,xc7k480tffg1156-1,137,11.991,3,3,0,1
20,1024,1024,kintex7,xc7k480tffg1156-1,137,11.991,3,7,0,1
30,1024,1024,kintex7,xc7k480tffg1156-1,137,11.643,3,10,0,2
1,280,280,kintex7,xc7k480tffg1156-2,149,1.691,0,0,0,0
1,320,320,kintex7,xc7k480tffg1156-2,149,2.189,0,0,0,0
10,320,320,kintex7,xc7k480tffg1156-2,143,1.222,3,3,0,1
1,512,512,kintex7,xc7k480tffg1156-2,144,5.54,0,0,0,1
10,512,512,kintex7,xc7k480tffg1156-2,143,3.062,3,3,0,1
1,1024,1024,kintex7,xc7k480tffg1156-2,145,21.903,0,0,0,1
10,1024,1024,kintex7,xc7k480tffg1156-2,143,11.981,3,3,0,1
20,1024,1024,kintex7,xc7k480tffg1156-2,143,11.981,3,7,0,1
30,1024,1024,kintex7,xc7k480tffg1156-2,143,11.633,3,10,0,2
1,280,280,kintex7,xc7k480tffg1156-2L,149,1.691,0,0,0,0
1,320,320,kintex7,xc7k480tffg1156-2L,149,2.189,0,0,0,0
10,320,320,kintex7,xc7k480tffg1156-2L,143,1.222,3,3,0,1
1,512,512,kintex7,xc7k480tffg1156-2L,144,5.54,0,0,0,1
10,512,512,kintex7,xc7k480tffg1156-2L,143,3.062,3,3,0,1
1,1024,1024,kintex7,xc7k480tffg1156-2L,145,21.903,0,0,0,1
10,1024,1024,kintex7,xc7k480tffg1156-2L,143,11.981,3,3,0,1
20,1024,1024,kintex7,xc7k480tffg1156-2L,143,11.981,3,7,0,1
30,1024,1024,kintex7,xc7k480tffg1156-2L,143,11.633,3,10,0,2
1,280,280,kintex7,xc7k480tffg1156-3,158,1.691,0,0,0,0
1,320,320,kintex7,xc7k480tffg1156-3,158,2.189,0,0,0,0
10,320,320,kintex7,xc7k480tffg1156-3,139,1.222,3,3,0,1
1,512,512,kintex7,xc7k480tffg1156-3,138,5.535,0,0,0,1
10,512,512,kintex7,xc7k480tffg1156-3,139,3.062,3,3,0,1
1,1024,1024,kintex7,xc7k480tffg1156-3,138,21.893,0,0,0,1
10,1024,1024,kintex7,xc7k480tffg1156-3,139,11.981,3,3,0,1
20,1024,1024,kintex7,xc7k480tffg1156-3,139,11.981,3,7,0,1
30,1024,1024,kintex7,xc7k480tffg1156-3,139,11.633,3,10,0,2
1,280,280,kintex7l,xc7k70tlfbv676-2L,149,1.691,1,5,1,5
1,320,320,kintex7l,xc7k70tlfbv676-2L,149,2.189,1,5,1,5
10,320,320,kintex7l,xc7k70tlfbv676-2L,143,1.222,24,26,2,12
1,512,512,kintex7l,xc7k70tlfbv676-2L,144,5.54,1,5,2,8
10,512,512,kintex7l,xc7k70tlfbv676-2L,143,3.062,24,26,2,12
1,1024,1024,kintex7l,xc7k70tlfbv676-2L,145,21.903,1,5,2,8
10,1024,1024,kintex7l,xc7k70tlfbv676-2L,143,11.981,24,27,2,12
20,1024,1024,kintex7l,xc7k70tlfbv676-2L,143,11.981,25,54,3,11
30,1024,1024,kintex7l,xc7k70tlfbv676-2L,143,11.633,25,77,3,16
1,280,280,kintex7l,xc7k70tlfbv484-2L,149,1.691,1,5,1,5
1,320,320,kintex7l,xc7k70tlfbv484-2L,149,2.189,1,5,1,5
10,320,320,kintex7l,xc7k70tlfbv484-2L,143,1.222,24,26,2,12
1,512,512,kintex7l,xc7k70tlfbv484-2L,144,5.54,1,5,2,8
10,512,512,kintex7l,xc7k70tlfbv484-2L,143,3.062,24,26,2,12
1,1024,1024,kintex7l,xc7k70tlfbv484-2L,145,21.903,1,5,2,8
10,1024,1024,kintex7l,xc7k70tlfbv484-2L,143,11.981,24,27,2,12
20,1024,1024,kintex7l,xc7k70tlfbv484-2L,143,11.981,25,54,3,11
30,1024,1024,kintex7l,xc7k70tlfbv484-2L,143,11.633,25,77,3,16
1,280,280,kintex7l,xc7k70tlfbg676-2L,149,1.691,1,5,1,5
1,320,320,kintex7l,xc7k70tlfbg676-2L,149,2.189,1,5,1,5
10,320,320,kintex7l,xc7k70tlfbg676-2L,143,1.222,24,26,2,12
1,512,512,kintex7l,xc7k70tlfbg676-2L,144,5.54,1,5,2,8
10,512,512,kintex7l,xc7k70tlfbg676-2L,143,3.062,24,26,2,12
1,1024,1024,kintex7l,xc7k70tlfbg676-2L,145,21.903,1,5,2,8
10,1024,1024,kintex7l,xc7k70tlfbg676-2L,143,11.981,24,27,2,12
20,1024,1024,kintex7l,xc7k70tlfbg676-2L,143,11.981,25,54,3,11
30,1024,1024,kintex7l,xc7k70tlfbg676-2L,143,11.633,25,77,3,16
1,280,280,kintex7l,xc7k70tlfbg484-2L,149,1.691,1,5,1,5
1,320,320,kintex7l,xc7k70tlfbg484-2L,149,2.189,1,5,1,5
10,320,320,kintex7l,xc7k70tlfbg484-2L,143,1.222,24,26,2,12
1,512,512,kintex7l,xc7k70tlfbg484-2L,144,5.54,1,5,2,8
10,512,512,kintex7l,xc7k70tlfbg484-2L,143,3.062,24,26,2,12
1,1024,1024,kintex7l,xc7k70tlfbg484-2L,145,21.903,1,5,2,8
10,1024,1024,kintex7l,xc7k70tlfbg484-2L,143,11.981,24,27,2,12
20,1024,1024,kintex7l,xc7k70tlfbg484-2L,143,11.981,25,54,3,11
30,1024,1024,kintex7l,xc7k70tlfbg484-2L,143,11.633,25,77,3,16
1,280,280,kintex7l,xc7k160tlfbg484-2L,149,1.691,0,2,0,2
1,320,320,kintex7l,xc7k160tlfbg484-2L,149,2.189,0,2,0,2
10,320,320,kintex7l,xc7k160tlfbg484-2L,143,1.222,9,10,0,5
1,512,512,kintex7l,xc7k160tlfbg484-2L,144,5.54,0,2,0,3
10,512,512,kintex7l,xc7k160tlfbg484-2L,143,3.062,9,10,0,5
1,1024,1024,kintex7l,xc7k160tlfbg484-2L,145,21.903,0,2,0,3
10,1024,1024,kintex7l,xc7k160tlfbg484-2L,143,11.981,9,11,1,5
20,1024,1024,kintex7l,xc7k160tlfbg484-2L,143,11.981,10,21,1,4
30,1024,1024,kintex7l,xc7k160tlfbg484-2L,143,11.633,10,31,1,6
1,280,280,kintex7l,xc7k160tlfbg676-2L,149,1.691,0,2,0,2
1,320,320,kintex7l,xc7k160tlfbg676-2L,149,2.189,0,2,0,2
10,320,320,kintex7l,xc7k160tlfbg676-2L,143,1.222,9,10,0,5
1,512,512,kintex7l,xc7k160tlfbg676-2L,144,5.54,0,2,0,3
10,512,512,kintex7l,xc7k160tlfbg676-2L,143,3.062,9,10,0,5
1,1024,1024,kintex7l,xc7k160tlfbg676-2L,145,21.903,0,2,0,3
10,1024,1024,kintex7l,xc7k160tlfbg676-2L,143,11.981,9,11,1,5
1,280,280,kintex7l,xc7k160tlfbv484-2L,149,1.691,0,2,0,2
1,320,320,kintex7l,xc7k160tlfbv484-2L,149,2.189,0,2,0,2
10,320,320,kintex7l,xc7k160tlfbv484-2L,143,1.222,9,10,0,5
1,512,512,kintex7l,xc7k160tlfbv484-2L,144,5.54,0,2,0,3
10,512,512,kintex7l,xc7k160tlfbv484-2L,143,3.062,9,10,0,5
1,1024,1024,kintex7l,xc7k160tlfbv484-2L,145,21.903,0,2,0,3
10,1024,1024,kintex7l,xc7k160tlfbv484-2L,143,11.981,9,11,1,5
20,1024,1024,kintex7l,xc7k160tlfbv484-2L,143,11.981,10,21,1,4
30,1024,1024,kintex7l,xc7k160tlfbv484-2L,143,11.633,10,31,1,6
1,280,280,kintex7l,xc7k160tlfbv676-2L,149,1.691,0,2,0,2
1,320,320,kintex7l,xc7k160tlfbv676-2L,149,2.189,0,2,0,2
10,320,320,kintex7l,xc7k160tlfbv676-2L,143,1.222,9,10,0,5
1,512,512,kintex7l,xc7k160tlfbv676-2L,144,5.54,0,2,0,3
10,512,512,kintex7l,xc7k160tlfbv676-2L,143,3.062,9,10,0,5
1,1024,1024,kintex7l,xc7k160tlfbv676-2L,145,21.903,0,2,0,3
10,1024,1024,kintex7l,xc7k160tlfbv676-2L,143,11.981,9,11,1,5
20,1024,1024,kintex7l,xc7k160tlfbv676-2L,143,11.981,10,21,1,4
30,1024,1024,kintex7l,xc7k160tlfbv676-2L,143,11.633,10,31,1,6
1,280,280,kintex7l,xc7k160tlffg676-2L,149,1.691,0,2,0,2
1,320,320,kintex7l,xc7k160tlffg676-2L,149,2.189,0,2,0,2
10,320,320,kintex7l,xc7k160tlffg676-2L,143,1.222,9,10,0,5
1,512,512,kintex7l,xc7k160tlffg676-2L,144,5.54,0,2,0,3
10,512,512,kintex7l,xc7k160tlffg676-2L,143,3.062,9,10,0,5
1,1024,1024,kintex7l,xc7k160tlffg676-2L,145,21.903,0,2,0,3
10,1024,1024,kintex7l,xc7k160tlffg676-2L,143,11.981,9,11,1,5
20,1024,1024,kintex7l,xc7k160tlffg676-2L,143,11.981,10,21,1,4
30,1024,1024,kintex7l,xc7k160tlffg676-2L,143,11.633,10,31,1,6
1,280,280,kintex7l,xc7k160tlffv676-2L,149,1.691,0,2,0,2
1,320,320,kintex7l,xc7k160tlffv676-2L,149,2.189,0,2,0,2
10,320,320,kintex7l,xc7k160tlffv676-2L,143,1.222,9,10,0,5
1,512,512,kintex7l,xc7k160tlffv676-2L,144,5.54,0,2,0,3
10,512,512,kintex7l,xc7k160tlffv676-2L,143,3.062,9,10,0,5
1,1024,1024,kintex7l,xc7k160tlffv676-2L,145,21.903,0,2,0,3
10,1024,1024,kintex7l,xc7k160tlffv676-2L,143,11.981,9,11,1,5
20,1024,1024,kintex7l,xc7k160tlffv676-2L,143,11.981,10,21,1,4
30,1024,1024,kintex7l,xc7k160tlffv676-2L,143,11.633,10,31,1,6
1,280,280,kintex7l,xc7k325tlfbg676-2L,149,1.691,0,1,0,1
1,320,320,kintex7l,xc7k325tlfbg676-2L,149,2.189,0,1,0,1
10,320,320,kintex7l,xc7k325tlfbg676-2L,143,1.222,6,5,0,3
1,512,512,kintex7l,xc7k325tlfbg676-2L,144,5.54,0,1,0,2
10,512,512,kintex7l,xc7k325tlfbg676-2L,143,3.062,6,5,0,3
1,1024,1024,kintex7l,xc7k325tlfbg676-2L,145,21.903,0,1,0,2
10,1024,1024,kintex7l,xc7k325tlfbg676-2L,143,11.981,6,5,0,3
20,1024,1024,kintex7l,xc7k325tlfbg676-2L,143,11.981,7,10,0,3
30,1024,1024,kintex7l,xc7k325tlfbg676-2L,143,11.633,7,15,0,5
1,280,280,kintex7l,xc7k325tlfbg900-2L,149,1.691,0,1,0,1
1,320,320,kintex7l,xc7k325tlfbg900-2L,149,2.189,0,1,0,1
10,320,320,kintex7l,xc7k325tlfbg900-2L,143,1.222,6,5,0,3
1,512,512,kintex7l,xc7k325tlfbg900-2L,144,5.54,0,1,0,2
10,512,512,kintex7l,xc7k325tlfbg900-2L,143,3.062,6,5,0,3
1,1024,1024,kintex7l,xc7k325tlfbg900-2L,145,21.903,0,1,0,2
10,1024,1024,kintex7l,xc7k325tlfbg900-2L,143,11.981,6,5,0,3
20,1024,1024,kintex7l,xc7k325tlfbg900-2L,143,11.981,7,10,0,3
30,1024,1024,kintex7l,xc7k325tlfbg900-2L,143,11.633,7,15,0,5
1,280,280,kintex7l,xc7k325tlfbv676-2L,149,1.691,0,1,0,1
1,320,320,kintex7l,xc7k325tlfbv676-2L,149,2.189,0,1,0,1
10,320,320,kintex7l,xc7k325tlfbv676-2L,143,1.222,6,5,0,3
1,512,512,kintex7l,xc7k325tlfbv676-2L,144,5.54,0,1,0,2
10,512,512,kintex7l,xc7k325tlfbv676-2L,143,3.062,6,5,0,3
1,1024,1024,kintex7l,xc7k325tlfbv676-2L,145,21.903,0,1,0,2
10,1024,1024,kintex7l,xc7k325tlfbv676-2L,143,11.981,6,5,0,3
20,1024,1024,kintex7l,xc7k325tlfbv676-2L,143,11.981,7,10,0,3
30,1024,1024,kintex7l,xc7k325tlfbv676-2L,143,11.633,7,15,0,5
1,280,280,kintex7l,xc7k325tlfbv900-2L,149,1.691,0,1,0,1
1,320,320,kintex7l,xc7k325tlfbv900-2L,149,2.189,0,1,0,1
10,320,320,kintex7l,xc7k325tlfbv900-2L,143,1.222,6,5,0,3
1,512,512,kintex7l,xc7k325tlfbv900-2L,144,5.54,0,1,0,2
10,512,512,kintex7l,xc7k325tlfbv900-2L,143,3.062,6,5,0,3
1,1024,1024,kintex7l,xc7k325tlfbv900-2L,145,21.903,0,1,0,2
10,1024,1024,kintex7l,xc7k325tlfbv900-2L,143,11.981,6,5,0,3
20,1024,1024,kintex7l,xc7k325tlfbv900-2L,143,11.981,7,10,0,3
30,1024,1024,kintex7l,xc7k325tlfbv900-2L,143,11.633,7,15,0,5
1,280,280,kintex7l,xc7k325tlffg676-2L,149,1.691,0,1,0,1
1,320,320,kintex7l,xc7k325tlffg676-2L,149,2.189,0,1,0,1
10,320,320,kintex7l,xc7k325tlffg676-2L,143,1.222,6,5,0,3
1,512,512,kintex7l,xc7k325tlffg676-2L,144,5.54,0,1,0,2
10,512,512,kintex7l,xc7k325tlffg676-2L,143,3.062,6,5,0,3
1,1024,1024,kintex7l,xc7k325tlffg676-2L,145,21.903,0,1,0,2
10,1024,1024,kintex7l,xc7k325tlffg676-2L,143,11.981,6,5,0,3
20,1024,1024,kintex7l,xc7k325tlffg676-2L,143,11.981,7,10,0,3
30,1024,1024,kintex7l,xc7k325tlffg676-2L,143,11.633,7,15,0,5
1,280,280,kintex7l,xc7k325tlffg900-2L,149,1.691,0,1,0,1
1,320,320,kintex7l,xc7k325tlffg900-2L,149,2.189,0,1,0,1
10,320,320,kintex7l,xc7k325tlffg900-2L,143,1.222,6,5,0,3
1,512,512,kintex7l,xc7k325tlffg900-2L,144,5.54,0,1,0,2
10,512,512,kintex7l,xc7k325tlffg900-2L,143,3.062,6,5,0,3
1,1024,1024,kintex7l,xc7k325tlffg900-2L,145,21.903,0,1,0,2
10,1024,1024,kintex7l,xc7k325tlffg900-2L,143,11.981,6,5,0,3
20,1024,1024,kintex7l,xc7k325tlffg900-2L,143,11.981,7,10,0,3
30,1024,1024,kintex7l,xc7k325tlffg900-2L,143,11.633,7,15,0,5
1,280,280,kintex7l,xc7k325tlffv676-2L,149,1.691,0,1,0,1
1,320,320,kintex7l,xc7k325tlffv676-2L,149,2.189,0,1,0,1
10,320,320,kintex7l,xc7k325tlffv676-2L,143,1.222,6,5,0,3
1,512,512,kintex7l,xc7k325tlffv676-2L,144,5.54,0,1,0,2
10,512,512,kintex7l,xc7k325tlffv676-2L,143,3.062,6,5,0,3
1,1024,1024,kintex7l,xc7k325tlffv676-2L,145,21.903,0,1,0,2
10,1024,1024,kintex7l,xc7k325tlffv676-2L,143,11.981,6,5,0,3
20,1024,1024,kintex7l,xc7k325tlffv676-2L,143,11.981,7,10,0,3
30,1024,1024,kintex7l,xc7k325tlffv676-2L,143,11.633,7,15,0,5
1,280,280,kintex7l,xc7k325tlffv900-2L,149,1.691,0,1,0,1
1,320,320,kintex7l,xc7k325tlffv900-2L,149,2.189,0,1,0,1
10,320,320,kintex7l,xc7k325tlffv900-2L,143,1.222,6,5,0,3
1,512,512,kintex7l,xc7k325tlffv900-2L,144,5.54,0,1,0,2
10,512,512,kintex7l,xc7k325tlffv900-2L,143,3.062,6,5,0,3
1,1024,1024,kintex7l,xc7k325tlffv900-2L,145,21.903,0,1,0,2
10,1024,1024,kintex7l,xc7k325tlffv900-2L,143,11.981,6,5,0,3
20,1024,1024,kintex7l,xc7k325tlffv900-2L,143,11.981,7,10,0,3
30,1024,1024,kintex7l,xc7k325tlffv900-2L,143,11.633,7,15,0,5
1,280,280,kintex7l,xc7k355tlffg901-2L,149,1.691,0,0,0,1
1,320,320,kintex7l,xc7k355tlffg901-2L,149,2.189,0,0,0,1
10,320,320,kintex7l,xc7k355tlffg901-2L,143,1.222,4,4,0,2
1,512,512,kintex7l,xc7k355tlffg901-2L,144,5.54,0,0,0,1
10,512,512,kintex7l,xc7k355tlffg901-2L,143,3.062,4,4,0,2
1,1024,1024,kintex7l,xc7k355tlffg901-2L,145,21.903,0,0,0,1
10,1024,1024,kintex7l,xc7k355tlffg901-2L,143,11.981,4,5,0,2
1,280,280,kintex7l,xc7k355tlffv901-2L,149,1.691,0,0,0,1
1,320,320,kintex7l,xc7k355tlffv901-2L,149,2.189,0,0,0,1
10,320,320,kintex7l,xc7k355tlffv901-2L,143,1.222,4,4,0,2
1,512,512,kintex7l,xc7k355tlffv901-2L,144,5.54,0,0,0,1
10,512,512,kintex7l,xc7k355tlffv901-2L,143,3.062,4,4,0,2
1,1024,1024,kintex7l,xc7k355tlffv901-2L,145,21.903,0,0,0,1
10,1024,1024,kintex7l,xc7k355tlffv901-2L,143,11.981,4,5,0,2
20,1024,1024,kintex7l,xc7k355tlffv901-2L,143,11.981,4,9,0,2
30,1024,1024,kintex7l,xc7k355tlffv901-2L,143,11.633,4,14,0,3
1,280,280,kintex7l,xc7k410tlfbg676-2L,149,1.691,0,0,0,1
1,320,320,kintex7l,xc7k410tlfbg676-2L,149,2.189,0,0,0,1
10,320,320,kintex7l,xc7k410tlfbg676-2L,143,1.222,3,4,0,2
1,512,512,kintex7l,xc7k410tlfbg676-2L,144,5.54,0,0,0,1
10,512,512,kintex7l,xc7k410tlfbg676-2L,143,3.062,3,4,0,2
1,1024,1024,kintex7l,xc7k410tlfbg676-2L,145,21.903,0,0,0,1
10,1024,1024,kintex7l,xc7k410tlfbg676-2L,143,11.981,3,4,0,2
20,1024,1024,kintex7l,xc7k410tlfbg676-2L,143,11.981,3,8,0,1
30,1024,1024,kintex7l,xc7k410tlfbg676-2L,143,11.633,4,12,0,2
1,280,280,kintex7l,xc7k410tlfbg900-2L,149,1.691,0,0,0,1
1,320,320,kintex7l,xc7k410tlfbg900-2L,149,2.189,0,0,0,1
10,320,320,kintex7l,xc7k410tlfbg900-2L,143,1.222,3,4,0,2
1,512,512,kintex7l,xc7k410tlfbg900-2L,144,5.54,0,0,0,1
10,512,512,kintex7l,xc7k410tlfbg900-2L,143,3.062,3,4,0,2
1,1024,1024,kintex7l,xc7k410tlfbg900-2L,145,21.903,0,0,0,1
10,1024,1024,kintex7l,xc7k410tlfbg900-2L,143,11.981,3,4,0,2
20,1024,1024,kintex7l,xc7k410tlfbg900-2L,143,11.981,3,8,0,1
30,1024,1024,kintex7l,xc7k410tlfbg900-2L,143,11.633,4,12,0,2
1,280,280,kintex7l,xc7k410tlfbv676-2L,149,1.691,0,0,0,1
1,320,320,kintex7l,xc7k410tlfbv676-2L,149,2.189,0,0,0,1
10,320,320,kintex7l,xc7k410tlfbv676-2L,143,1.222,3,4,0,2
1,512,512,kintex7l,xc7k410tlfbv676-2L,144,5.54,0,0,0,1
10,512,512,kintex7l,xc7k410tlfbv676-2L,143,3.062,3,4,0,2
1,1024,1024,kintex7l,xc7k410tlfbv676-2L,145,21.903,0,0,0,1
10,1024,1024,kintex7l,xc7k410tlfbv676-2L,143,11.981,3,4,0,2
20,1024,1024,kintex7l,xc7k410tlfbv676-2L,143,11.981,3,8,0,1
30,1024,1024,kintex7l,xc7k410tlfbv676-2L,143,11.633,4,12,0,2
1,280,280,kintex7l,xc7k410tlfbv900-2L,149,1.691,0,0,0,1
1,320,320,kintex7l,xc7k410tlfbv900-2L,149,2.189,0,0,0,1
10,320,320,kintex7l,xc7k410tlfbv900-2L,143,1.222,3,4,0,2
1,512,512,kintex7l,xc7k410tlfbv900-2L,144,5.54,0,0,0,1
10,512,512,kintex7l,xc7k410tlfbv900-2L,143,3.062,3,4,0,2
1,1024,1024,kintex7l,xc7k410tlfbv900-2L,145,21.903,0,0,0,1
10,1024,1024,kintex7l,xc7k410tlfbv900-2L,143,11.981,3,4,0,2
20,1024,1024,kintex7l,xc7k410tlfbv900-2L,143,11.981,3,8,0,1
30,1024,1024,kintex7l,xc7k410tlfbv900-2L,143,11.633,4,12,0,2
1,280,280,kintex7l,xc7k410tlffg676-2L,149,1.691,0,0,0,1
1,320,320,kintex7l,xc7k410tlffg676-2L,149,2.189,0,0,0,1
10,320,320,kintex7l,xc7k410tlffg676-2L,143,1.222,3,4,0,2
1,512,512,kintex7l,xc7k410tlffg676-2L,144,5.54,0,0,0,1
10,512,512,kintex7l,xc7k410tlffg676-2L,143,3.062,3,4,0,2
1,1024,1024,kintex7l,xc7k410tlffg676-2L,145,21.903,0,0,0,1
10,1024,1024,kintex7l,xc7k410tlffg676-2L,143,11.981,3,4,0,2
20,1024,1024,kintex7l,xc7k410tlffg676-2L,143,11.981,3,8,0,1
30,1024,1024,kintex7l,xc7k410tlffg676-2L,143,11.633,4,12,0,2
1,280,280,kintex7l,xc7k410tlffg900-2L,149,1.691,0,0,0,1
1,320,320,kintex7l,xc7k410tlffg900-2L,149,2.189,0,0,0,1
10,320,320,kintex7l,xc7k410tlffg900-2L,143,1.222,3,4,0,2
1,512,512,kintex7l,xc7k410tlffg900-2L,144,5.54,0,0,0,1
10,512,512,kintex7l,xc7k410tlffg900-2L,143,3.062,3,4,0,2
1,1024,1024,kintex7l,xc7k410tlffg900-2L,145,21.903,0,0,0,1
10,1024,1024,kintex7l,xc7k410tlffg900-2L,143,11.981,3,4,0,2
20,1024,1024,kintex7l,xc7k410tlffg900-2L,143,11.981,3,8,0,1
30,1024,1024,kintex7l,xc7k410tlffg900-2L,143,11.633,4,12,0,2
1,280,280,kintex7l,xc7k410tlffv676-2L,149,1.691,0,0,0,1
1,320,320,kintex7l,xc7k410tlffv676-2L,149,2.189,0,0,0,1
10,320,320,kintex7l,xc7k410tlffv676-2L,143,1.222,3,4,0,2
1,512,512,kintex7l,xc7k410tlffv676-2L,144,5.54,0,0,0,1
10,512,512,kintex7l,xc7k410tlffv676-2L,143,3.062,3,4,0,2
1,1024,1024,kintex7l,xc7k410tlffv676-2L,145,21.903,0,0,0,1
10,1024,1024,kintex7l,xc7k410tlffv676-2L,143,11.981,3,4,0,2
20,1024,1024,kintex7l,xc7k410tlffv676-2L,143,11.981,3,8,0,1
30,1024,1024,kintex7l,xc7k410tlffv676-2L,143,11.633,4,12,0,2
1,280,280,kintex7l,xc7k410tlffv900-2L,149,1.691,0,0,0,1
1,320,320,kintex7l,xc7k410tlffv900-2L,149,2.189,0,0,0,1
10,320,320,kintex7l,xc7k410tlffv900-2L,143,1.222,3,4,0,2
1,512,512,kintex7l,xc7k410tlffv900-2L,144,5.54,0,0,0,1
10,512,512,kintex7l,xc7k410tlffv900-2L,143,3.062,3,4,0,2
1,1024,1024,kintex7l,xc7k410tlffv900-2L,145,21.903,0,0,0,1
10,1024,1024,kintex7l,xc7k410tlffv900-2L,143,11.981,3,4,0,2
20,1024,1024,kintex7l,xc7k410tlffv900-2L,143,11.981,3,8,0,1
30,1024,1024,kintex7l,xc7k410tlffv900-2L,143,11.633,4,12,0,2
1,280,280,kintex7l,xc7k420tlffv901-2L,149,1.691,0,0,0,0
1,320,320,kintex7l,xc7k420tlffv901-2L,149,2.189,0,0,0,0
10,320,320,kintex7l,xc7k420tlffv901-2L,143,1.222,3,4,0,1
1,512,512,kintex7l,xc7k420tlffv901-2L,144,5.54,0,0,0,1
10,512,512,kintex7l,xc7k420tlffv901-2L,143,3.062,3,4,0,1
1,1024,1024,kintex7l,xc7k420tlffv901-2L,145,21.903,0,0,0,1
10,1024,1024,kintex7l,xc7k420tlffv901-2L,143,11.981,3,4,0,1
20,1024,1024,kintex7l,xc7k420tlffv901-2L,143,11.981,3,8,0,1
30,1024,1024,kintex7l,xc7k420tlffv901-2L,143,11.633,3,12,0,2
1,280,280,kintex7l,xc7k420tlffv1156-2L,149,1.691,0,0,0,0
1,320,320,kintex7l,xc7k420tlffv1156-2L,149,2.189,0,0,0,0
10,320,320,kintex7l,xc7k420tlffv1156-2L,143,1.222,3,4,0,1
1,512,512,kintex7l,xc7k420tlffv1156-2L,144,5.54,0,0,0,1
10,512,512,kintex7l,xc7k420tlffv1156-2L,143,3.062,3,4,0,1
1,1024,1024,kintex7l,xc7k420tlffv1156-2L,145,21.903,0,0,0,1
10,1024,1024,kintex7l,xc7k420tlffv1156-2L,143,11.981,3,4,0,1
20,1024,1024,kintex7l,xc7k420tlffv1156-2L,143,11.981,3,8,0,1
30,1024,1024,kintex7l,xc7k420tlffv1156-2L,143,11.633,3,12,0,2
1,280,280,kintex7l,xc7k420tlffg901-2L,149,1.691,0,0,0,0
1,320,320,kintex7l,xc7k420tlffg901-2L,149,2.189,0,0,0,0
10,320,320,kintex7l,xc7k420tlffg901-2L,143,1.222,3,4,0,1
1,512,512,kintex7l,xc7k420tlffg901-2L,144,5.54,0,0,0,1
10,512,512,kintex7l,xc7k420tlffg901-2L,143,3.062,3,4,0,1
1,1024,1024,kintex7l,xc7k420tlffg901-2L,145,21.903,0,0,0,1
10,1024,1024,kintex7l,xc7k420tlffg901-2L,143,11.981,3,4,0,1
20,1024,1024,kintex7l,xc7k420tlffg901-2L,143,11.981,3,8,0,1
30,1024,1024,kintex7l,xc7k420tlffg901-2L,143,11.633,3,12,0,2
1,280,280,kintex7l,xc7k420tlffg1156-2L,149,1.691,0,0,0,0
1,320,320,kintex7l,xc7k420tlffg1156-2L,149,2.189,0,0,0,0
10,320,320,kintex7l,xc7k420tlffg1156-2L,143,1.222,3,4,0,1
1,512,512,kintex7l,xc7k420tlffg1156-2L,144,5.54,0,0,0,1
10,512,512,kintex7l,xc7k420tlffg1156-2L,143,3.062,3,4,0,1
1,1024,1024,kintex7l,xc7k420tlffg1156-2L,145,21.903,0,0,0,1
10,1024,1024,kintex7l,xc7k420tlffg1156-2L,143,11.981,3,4,0,1
1,280,280,kintex7l,xc7k480tlffg1156-2L,149,1.691,0,0,0,0
1,320,320,kintex7l,xc7k480tlffg1156-2L,149,2.189,0,0,0,0
10,320,320,kintex7l,xc7k480tlffg1156-2L,143,1.222,3,3,0,1
1,512,512,kintex7l,xc7k480tlffg1156-2L,144,5.54,0,0,0,1
10,512,512,kintex7l,xc7k480tlffg1156-2L,143,3.062,3,3,0,1
1,1024,1024,kintex7l,xc7k480tlffg1156-2L,145,21.903,0,0,0,1
10,1024,1024,kintex7l,xc7k480tlffg1156-2L,143,11.981,3,3,0,1
20,1024,1024,kintex7l,xc7k480tlffg1156-2L,143,11.981,3,7,0,1
30,1024,1024,kintex7l,xc7k480tlffg1156-2L,143,11.633,3,10,0,2
1,280,280,kintex7l,xc7k480tlffg901-2L,149,1.691,0,0,0,0
1,320,320,kintex7l,xc7k480tlffg901-2L,149,2.189,0,0,0,0
10,320,320,kintex7l,xc7k480tlffg901-2L,143,1.222,3,3,0,1
1,512,512,kintex7l,xc7k480tlffg901-2L,144,5.54,0,0,0,1
10,512,512,kintex7l,xc7k480tlffg901-2L,143,3.062,3,3,0,1
1,1024,1024,kintex7l,xc7k480tlffg901-2L,145,21.903,0,0,0,1
10,1024,1024,kintex7l,xc7k480tlffg901-2L,143,11.981,3,3,0,1
20,1024,1024,kintex7l,xc7k480tlffg901-2L,143,11.981,3,7,0,1
30,1024,1024,kintex7l,xc7k480tlffg901-2L,143,11.633,3,10,0,2
1,280,280,kintex7l,xc7k480tlffv1156-2L,149,1.691,0,0,0,0
1,320,320,kintex7l,xc7k480tlffv1156-2L,149,2.189,0,0,0,0
10,320,320,kintex7l,xc7k480tlffv1156-2L,143,1.222,3,3,0,1
1,512,512,kintex7l,xc7k480tlffv1156-2L,144,5.54,0,0,0,1
10,512,512,kintex7l,xc7k480tlffv1156-2L,143,3.062,3,3,0,1
1,1024,1024,kintex7l,xc7k480tlffv1156-2L,145,21.903,0,0,0,1
10,1024,1024,kintex7l,xc7k480tlffv1156-2L,143,11.981,3,3,0,1
20,1024,1024,kintex7l,xc7k480tlffv1156-2L,143,11.981,3,7,0,1
30,1024,1024,kintex7l,xc7k480tlffv1156-2L,143,11.633,3,10,0,2
1,280,280,kintex7l,xc7k480tlffv901-2L,149,1.691,0,0,0,0
1,320,320,kintex7l,xc7k480tlffv901-2L,149,2.189,0,0,0,0
10,320,320,kintex7l,xc7k480tlffv901-2L,143,1.222,3,3,0,1
1,512,512,kintex7l,xc7k480tlffv901-2L,144,5.54,0,0,0,1
10,512,512,kintex7l,xc7k480tlffv901-2L,143,3.062,3,3,0,1
1,1024,1024,kintex7l,xc7k480tlffv901-2L,145,21.903,0,0,0,1
10,1024,1024,kintex7l,xc7k480tlffv901-2L,143,11.981,3,3,0,1
20,1024,1024,kintex7l,xc7k480tlffv901-2L,143,11.981,3,7,0,1
30,1024,1024,kintex7l,xc7k480tlffv901-2L,143,11.633,3,10,0,2
1,280,280,qkintex7,xq7k325trf676-1I,146,1.694,0,1,0,1
1,320,320,qkintex7,xq7k325trf676-1I,146,2.192,0,1,0,1
10,320,320,qkintex7,xq7k325trf676-1I,137,1.226,6,5,0,3
1,512,512,qkintex7,xq7k325trf676-1I,139,5.545,0,1,0,2
10,512,512,qkintex7,xq7k325trf676-1I,137,3.067,6,5,0,3
1,1024,1024,qkintex7,xq7k325trf676-1I,139,21.914,0,1,0,2
10,1024,1024,qkintex7,xq7k325trf676-1I,137,11.991,6,5,0,3
20,1024,1024,qkintex7,xq7k325trf676-1I,137,11.991,7,11,0,3
30,1024,1024,qkintex7,xq7k325trf676-1I,137,11.643,7,14,0,5
1,280,280,qkintex7,xq7k325trf676-1M,146,1.694,0,1,0,1
1,320,320,qkintex7,xq7k325trf676-1M,146,2.192,0,1,0,1
10,320,320,qkintex7,xq7k325trf676-1M,137,1.226,6,5,0,3
1,512,512,qkintex7,xq7k325trf676-1M,139,5.545,0,1,0,2
10,512,512,qkintex7,xq7k325trf676-1M,137,3.067,6,5,0,3
1,1024,1024,qkintex7,xq7k325trf676-1M,139,21.914,0,1,0,2
10,1024,1024,qkintex7,xq7k325trf676-1M,137,11.991,6,5,0,3
20,1024,1024,qkintex7,xq7k325trf676-1M,137,11.991,7,11,0,3
30,1024,1024,qkintex7,xq7k325trf676-1M,137,11.643,7,14,0,5
1,280,280,qkintex7,xq7k325trf676-1ML,146,1.694,0,1,0,1
1,320,320,qkintex7,xq7k325trf676-1ML,146,2.192,0,1,0,1
10,320,320,qkintex7,xq7k325trf676-1ML,137,1.226,6,5,0,3
1,512,512,qkintex7,xq7k325trf676-1ML,139,5.545,0,1,0,2
10,512,512,qkintex7,xq7k325trf676-1ML,137,3.067,6,5,0,3
1,1024,1024,qkintex7,xq7k325trf676-1ML,139,21.914,0,1,0,2
10,1024,1024,qkintex7,xq7k325trf676-1ML,137,11.991,6,5,0,3
20,1024,1024,qkintex7,xq7k325trf676-1ML,137,11.991,7,11,0,3
30,1024,1024,qkintex7,xq7k325trf676-1ML,137,11.643,7,14,0,5
1,280,280,qkintex7,xq7k325trf676-2I,149,1.691,0,1,0,1
1,320,320,qkintex7,xq7k325trf676-2I,149,2.189,0,1,0,1
10,320,320,qkintex7,xq7k325trf676-2I,143,1.222,6,5,0,3
1,512,512,qkintex7,xq7k325trf676-2I,144,5.54,0,1,0,2
10,512,512,qkintex7,xq7k325trf676-2I,143,3.062,6,5,0,3
1,1024,1024,qkintex7,xq7k325trf676-2I,145,21.903,0,1,0,2
10,1024,1024,qkintex7,xq7k325trf676-2I,143,11.981,6,5,0,3
20,1024,1024,qkintex7,xq7k325trf676-2I,143,11.981,7,10,0,3
30,1024,1024,qkintex7,xq7k325trf676-2I,143,11.633,7,15,0,5
1,280,280,qkintex7,xq7k325trf676-2IL,149,1.691,0,1,0,1
1,320,320,qkintex7,xq7k325trf676-2IL,149,2.189,0,1,0,1
10,320,320,qkintex7,xq7k325trf676-2IL,143,1.222,6,5,0,3
1,512,512,qkintex7,xq7k325trf676-2IL,144,5.54,0,1,0,2
10,512,512,qkintex7,xq7k325trf676-2IL,143,3.062,6,5,0,3
1,1024,1024,qkintex7,xq7k325trf676-2IL,145,21.903,0,1,0,2
10,1024,1024,qkintex7,xq7k325trf676-2IL,143,11.981,6,5,0,3
20,1024,1024,qkintex7,xq7k325trf676-2IL,143,11.981,7,10,0,3
30,1024,1024,qkintex7,xq7k325trf676-2IL,143,11.633,7,15,0,5
1,280,280,qkintex7,xq7k325trf676-2L,149,1.691,0,1,0,1
1,320,320,qkintex7,xq7k325trf676-2L,149,2.189,0,1,0,1
10,320,320,qkintex7,xq7k325trf676-2L,143,1.222,6,5,0,3
1,512,512,qkintex7,xq7k325trf676-2L,144,5.54,0,1,0,2
10,512,512,qkintex7,xq7k325trf676-2L,143,3.062,6,5,0,3
1,1024,1024,qkintex7,xq7k325trf676-2L,145,21.903,0,1,0,2
10,1024,1024,qkintex7,xq7k325trf676-2L,143,11.981,6,5,0,3
20,1024,1024,qkintex7,xq7k325trf676-2L,143,11.981,7,10,0,3
30,1024,1024,qkintex7,xq7k325trf676-2L,143,11.633,7,15,0,5
1,280,280,qkintex7,xq7k325trf900-1I,146,1.694,0,1,0,1
1,320,320,qkintex7,xq7k325trf900-1I,146,2.192,0,1,0,1
10,320,320,qkintex7,xq7k325trf900-1I,137,1.226,6,5,0,3
1,512,512,qkintex7,xq7k325trf900-1I,139,5.545,0,1,0,2
10,512,512,qkintex7,xq7k325trf900-1I,137,3.067,6,5,0,3
1,1024,1024,qkintex7,xq7k325trf900-1I,139,21.914,0,1,0,2
10,1024,1024,qkintex7,xq7k325trf900-1I,137,11.991,6,5,0,3
20,1024,1024,qkintex7,xq7k325trf900-1I,137,11.991,7,11,0,3
30,1024,1024,qkintex7,xq7k325trf900-1I,137,11.643,7,14,0,5
1,280,280,qkintex7,xq7k325trf900-1M,146,1.694,0,1,0,1
1,320,320,qkintex7,xq7k325trf900-1M,146,2.192,0,1,0,1
10,320,320,qkintex7,xq7k325trf900-1M,137,1.226,6,5,0,3
1,512,512,qkintex7,xq7k325trf900-1M,139,5.545,0,1,0,2
10,512,512,qkintex7,xq7k325trf900-1M,137,3.067,6,5,0,3
1,1024,1024,qkintex7,xq7k325trf900-1M,139,21.914,0,1,0,2
10,1024,1024,qkintex7,xq7k325trf900-1M,137,11.991,6,5,0,3
20,1024,1024,qkintex7,xq7k325trf900-1M,137,11.991,7,11,0,3
30,1024,1024,qkintex7,xq7k325trf900-1M,137,11.643,7,14,0,5
1,280,280,qkintex7,xq7k325trf900-2I,149,1.691,0,1,0,1
1,320,320,qkintex7,xq7k325trf900-2I,149,2.189,0,1,0,1
10,320,320,qkintex7,xq7k325trf900-2I,143,1.222,6,5,0,3
1,512,512,qkintex7,xq7k325trf900-2I,144,5.54,0,1,0,2
10,512,512,qkintex7,xq7k325trf900-2I,143,3.062,6,5,0,3
1,1024,1024,qkintex7,xq7k325trf900-2I,145,21.903,0,1,0,2
10,1024,1024,qkintex7,xq7k325trf900-2I,143,11.981,6,5,0,3
1,280,280,qkintex7,xq7k325trf900-2L,149,1.691,0,1,0,1
1,320,320,qkintex7,xq7k325trf900-2L,149,2.189,0,1,0,1
10,320,320,qkintex7,xq7k325trf900-2L,143,1.222,6,5,0,3
1,512,512,qkintex7,xq7k325trf900-2L,144,5.54,0,1,0,2
10,512,512,qkintex7,xq7k325trf900-2L,143,3.062,6,5,0,3
1,1024,1024,qkintex7,xq7k325trf900-2L,145,21.903,0,1,0,2
10,1024,1024,qkintex7,xq7k325trf900-2L,143,11.981,6,5,0,3
20,1024,1024,qkintex7,xq7k325trf900-2L,143,11.981,7,10,0,3
30,1024,1024,qkintex7,xq7k325trf900-2L,143,11.633,7,15,0,5
1,280,280,qkintex7,xq7k410trf676-1I,146,1.694,0,0,0,1
1,320,320,qkintex7,xq7k410trf676-1I,146,2.192,0,0,0,1
10,320,320,qkintex7,xq7k410trf676-1I,137,1.226,3,4,0,2
1,512,512,qkintex7,xq7k410trf676-1I,139,5.545,0,0,0,1
10,512,512,qkintex7,xq7k410trf676-1I,137,3.067,3,4,0,2
1,1024,1024,qkintex7,xq7k410trf676-1I,139,21.914,0,0,0,1
10,1024,1024,qkintex7,xq7k410trf676-1I,137,11.991,3,4,0,2
20,1024,1024,qkintex7,xq7k410trf676-1I,137,11.991,3,8,0,1
30,1024,1024,qkintex7,xq7k410trf676-1I,137,11.643,4,11,0,2
1,280,280,qkintex7,xq7k410trf676-1M,146,1.694,0,0,0,1
1,320,320,qkintex7,xq7k410trf676-1M,146,2.192,0,0,0,1
10,320,320,qkintex7,xq7k410trf676-1M,137,1.226,3,4,0,2
1,512,512,qkintex7,xq7k410trf676-1M,139,5.545,0,0,0,1
10,512,512,qkintex7,xq7k410trf676-1M,137,3.067,3,4,0,2
1,1024,1024,qkintex7,xq7k410trf676-1M,139,21.914,0,0,0,1
10,1024,1024,qkintex7,xq7k410trf676-1M,137,11.991,3,4,0,2
20,1024,1024,qkintex7,xq7k410trf676-1M,137,11.991,3,8,0,1
30,1024,1024,qkintex7,xq7k410trf676-1M,137,11.643,4,11,0,2
1,280,280,qkintex7,xq7k410trf676-2I,149,1.691,0,0,0,1
1,320,320,qkintex7,xq7k410trf676-2I,149,2.189,0,0,0,1
10,320,320,qkintex7,xq7k410trf676-2I,143,1.222,3,4,0,2
1,512,512,qkintex7,xq7k410trf676-2I,144,5.54,0,0,0,1
10,512,512,qkintex7,xq7k410trf676-2I,143,3.062,3,4,0,2
1,1024,1024,qkintex7,xq7k410trf676-2I,145,21.903,0,0,0,1
10,1024,1024,qkintex7,xq7k410trf676-2I,143,11.981,3,4,0,2
20,1024,1024,qkintex7,xq7k410trf676-2I,143,11.981,3,8,0,1
30,1024,1024,qkintex7,xq7k410trf676-2I,143,11.633,4,12,0,2
1,280,280,qkintex7,xq7k410trf676-2IL,149,1.691,0,0,0,1
1,320,320,qkintex7,xq7k410trf676-2IL,149,2.189,0,0,0,1
10,320,320,qkintex7,xq7k410trf676-2IL,143,1.222,3,4,0,2
1,512,512,qkintex7,xq7k410trf676-2IL,144,5.54,0,0,0,1
10,512,512,qkintex7,xq7k410trf676-2IL,143,3.062,3,4,0,2
1,1024,1024,qkintex7,xq7k410trf676-2IL,145,21.903,0,0,0,1
10,1024,1024,qkintex7,xq7k410trf676-2IL,143,11.981,3,4,0,2
20,1024,1024,qkintex7,xq7k410trf676-2IL,143,11.981,3,8,0,1
30,1024,1024,qkintex7,xq7k410trf676-2IL,143,11.633,4,12,0,2
1,280,280,qkintex7,xq7k410trf676-2L,149,1.691,0,0,0,1
1,320,320,qkintex7,xq7k410trf676-2L,149,2.189,0,0,0,1
10,320,320,qkintex7,xq7k410trf676-2L,143,1.222,3,4,0,2
1,512,512,qkintex7,xq7k410trf676-2L,144,5.54,0,0,0,1
10,512,512,qkintex7,xq7k410trf676-2L,143,3.062,3,4,0,2
1,1024,1024,qkintex7,xq7k410trf676-2L,145,21.903,0,0,0,1
10,1024,1024,qkintex7,xq7k410trf676-2L,143,11.981,3,4,0,2
20,1024,1024,qkintex7,xq7k410trf676-2L,143,11.981,3,8,0,1
30,1024,1024,qkintex7,xq7k410trf676-2L,143,11.633,4,12,0,2
1,280,280,qkintex7,xq7k410trf900-1I,146,1.694,0,0,0,1
1,320,320,qkintex7,xq7k410trf900-1I,146,2.192,0,0,0,1
10,320,320,qkintex7,xq7k410trf900-1I,137,1.226,3,4,0,2
1,512,512,qkintex7,xq7k410trf900-1I,139,5.545,0,0,0,1
10,512,512,qkintex7,xq7k410trf900-1I,137,3.067,3,4,0,2
1,1024,1024,qkintex7,xq7k410trf900-1I,139,21.914,0,0,0,1
10,1024,1024,qkintex7,xq7k410trf900-1I,137,11.991,3,4,0,2
20,1024,1024,qkintex7,xq7k410trf900-1I,137,11.991,3,8,0,1
30,1024,1024,qkintex7,xq7k410trf900-1I,137,11.643,4,11,0,2
1,280,280,qkintex7,xq7k410trf900-1M,146,1.694,0,0,0,1
1,320,320,qkintex7,xq7k410trf900-1M,146,2.192,0,0,0,1
10,320,320,qkintex7,xq7k410trf900-1M,137,1.226,3,4,0,2
1,512,512,qkintex7,xq7k410trf900-1M,139,5.545,0,0,0,1
10,512,512,qkintex7,xq7k410trf900-1M,137,3.067,3,4,0,2
1,1024,1024,qkintex7,xq7k410trf900-1M,139,21.914,0,0,0,1
10,1024,1024,qkintex7,xq7k410trf900-1M,137,11.991,3,4,0,2
20,1024,1024,qkintex7,xq7k410trf900-1M,137,11.991,3,8,0,1
30,1024,1024,qkintex7,xq7k410trf900-1M,137,11.643,4,11,0,2
1,280,280,qkintex7,xq7k410trf900-2I,149,1.691,0,0,0,1
1,320,320,qkintex7,xq7k410trf900-2I,149,2.189,0,0,0,1
10,320,320,qkintex7,xq7k410trf900-2I,143,1.222,3,4,0,2
1,512,512,qkintex7,xq7k410trf900-2I,144,5.54,0,0,0,1
10,512,512,qkintex7,xq7k410trf900-2I,143,3.062,3,4,0,2
1,1024,1024,qkintex7,xq7k410trf900-2I,145,21.903,0,0,0,1
10,1024,1024,qkintex7,xq7k410trf900-2I,143,11.981,3,4,0,2
20,1024,1024,qkintex7,xq7k410trf900-2I,143,11.981,3,8,0,1
30,1024,1024,qkintex7,xq7k410trf900-2I,143,11.633,4,12,0,2
1,280,280,qkintex7,xq7k410trf900-2IL,149,1.691,0,0,0,1
1,320,320,qkintex7,xq7k410trf900-2IL,149,2.189,0,0,0,1
10,320,320,qkintex7,xq7k410trf900-2IL,143,1.222,3,4,0,2
1,512,512,qkintex7,xq7k410trf900-2IL,144,5.54,0,0,0,1
10,512,512,qkintex7,xq7k410trf900-2IL,143,3.062,3,4,0,2
1,1024,1024,qkintex7,xq7k410trf900-2IL,145,21.903,0,0,0,1
10,1024,1024,qkintex7,xq7k410trf900-2IL,143,11.981,3,4,0,2
20,1024,1024,qkintex7,xq7k410trf900-2IL,143,11.981,3,8,0,1
30,1024,1024,qkintex7,xq7k410trf900-2IL,143,11.633,4,12,0,2
1,280,280,qkintex7,xq7k410trf900-2L,149,1.691,0,0,0,1
1,320,320,qkintex7,xq7k410trf900-2L,149,2.189,0,0,0,1
10,320,320,qkintex7,xq7k410trf900-2L,143,1.222,3,4,0,2
1,512,512,qkintex7,xq7k410trf900-2L,144,5.54,0,0,0,1
10,512,512,qkintex7,xq7k410trf900-2L,143,3.062,3,4,0,2
1,1024,1024,qkintex7,xq7k410trf900-2L,145,21.903,0,0,0,1
10,1024,1024,qkintex7,xq7k410trf900-2L,143,11.981,3,4,0,2
20,1024,1024,qkintex7,xq7k410trf900-2L,143,11.981,3,8,0,1
30,1024,1024,qkintex7,xq7k410trf900-2L,143,11.633,4,12,0,2
1,280,280,qkintex7l,xq7k325tlrf676-2L,149,1.691,0,1,0,1
1,320,320,qkintex7l,xq7k325tlrf676-2L,149,2.189,0,1,0,1
10,320,320,qkintex7l,xq7k325tlrf676-2L,143,1.222,6,5,0,3
1,512,512,qkintex7l,xq7k325tlrf676-2L,144,5.54,0,1,0,2
10,512,512,qkintex7l,xq7k325tlrf676-2L,143,3.062,6,5,0,3
1,1024,1024,qkintex7l,xq7k325tlrf676-2L,145,21.903,0,1,0,2
10,1024,1024,qkintex7l,xq7k325tlrf676-2L,143,11.981,6,5,0,3
20,1024,1024,qkintex7l,xq7k325tlrf676-2L,143,11.981,7,10,0,3
30,1024,1024,qkintex7l,xq7k325tlrf676-2L,143,11.633,7,15,0,5
1,280,280,qkintex7l,xq7k325tlrf900-2L,149,1.691,0,1,0,1
1,320,320,qkintex7l,xq7k325tlrf900-2L,149,2.189,0,1,0,1
10,320,320,qkintex7l,xq7k325tlrf900-2L,143,1.222,6,5,0,3
1,512,512,qkintex7l,xq7k325tlrf900-2L,144,5.54,0,1,0,2
10,512,512,qkintex7l,xq7k325tlrf900-2L,143,3.062,6,5,0,3
1,1024,1024,qkintex7l,xq7k325tlrf900-2L,145,21.903,0,1,0,2
10,1024,1024,qkintex7l,xq7k325tlrf900-2L,143,11.981,6,5,0,3
1,280,280,akintex7,xa7k160tffg676-1Q,146,1.694,0,2,0,2
1,320,320,akintex7,xa7k160tffg676-1Q,146,2.192,0,2,0,2
10,320,320,akintex7,xa7k160tffg676-1Q,137,1.226,9,10,1,5
1,512,512,akintex7,xa7k160tffg676-1Q,139,5.545,0,2,0,3
10,512,512,akintex7,xa7k160tffg676-1Q,137,3.067,9,10,1,5
1,1024,1024,akintex7,xa7k160tffg676-1Q,139,21.914,0,2,0,3
10,1024,1024,akintex7,xa7k160tffg676-1Q,137,11.991,9,11,1,5
20,1024,1024,akintex7,xa7k160tffg676-1Q,137,11.991,10,22,1,4
30,1024,1024,akintex7,xa7k160tffg676-1Q,137,11.643,10,29,1,6
1,280,280,artix7,xc7a12ticsg325-1L,141,1.697,7,26,10,40
1,320,320,artix7,xc7a12ticsg325-1L,141,2.198,7,26,10,40
1,512,512,artix7,xc7a12ticsg325-1L,138,5.56,10,25,10,55
1,1024,1024,artix7,xc7a12ticsg325-1L,138,21.944,10,26,11,55
1,280,280,artix7,xc7a12ticpg238-1L,141,1.697,7,26,10,40
1,320,320,artix7,xc7a12ticpg238-1L,141,2.198,7,26,10,40
1,512,512,artix7,xc7a12ticpg238-1L,138,5.56,10,25,10,55
1,1024,1024,artix7,xc7a12ticpg238-1L,138,21.944,10,26,11,55
1,280,280,artix7,xc7a12tcsg325-1,141,1.697,7,26,10,40
1,320,320,artix7,xc7a12tcsg325-1,141,2.198,7,26,10,40
1,512,512,artix7,xc7a12tcsg325-1,138,5.56,10,25,10,55
1,1024,1024,artix7,xc7a12tcsg325-1,138,21.944,10,26,11,55
1,280,280,artix7,xc7a12tcsg325-2,144,1.694,7,26,10,40
1,320,320,artix7,xc7a12tcsg325-2,144,2.192,7,26,10,40
1,512,512,artix7,xc7a12tcsg325-2,144,5.55,10,26,10,55
1,1024,1024,artix7,xc7a12tcsg325-2,144,21.924,10,26,11,55
1,280,280,artix7,xc7a12tcsg325-2L,144,1.694,7,26,10,40
1,320,320,artix7,xc7a12tcsg325-2L,144,2.192,7,26,10,40
1,512,512,artix7,xc7a12tcsg325-2L,144,5.55,10,26,10,55
1,1024,1024,artix7,xc7a12tcsg325-2L,144,21.924,10,26,11,55
1,280,280,artix7,xc7a12tcsg325-3,145,1.694,7,26,10,40
1,320,320,artix7,xc7a12tcsg325-3,145,2.192,7,26,10,40
1,512,512,artix7,xc7a12tcsg325-3,140,5.545,10,25,9,55
1,1024,1024,artix7,xc7a12tcsg325-3,140,21.914,10,26,10,55
1,280,280,artix7,xc7a12tcpg238-1,141,1.697,7,26,10,40
1,320,320,artix7,xc7a12tcpg238-1,141,2.198,7,26,10,40
1,512,512,artix7,xc7a12tcpg238-1,138,5.56,10,25,10,55
1,1024,1024,artix7,xc7a12tcpg238-1,138,21.944,10,26,11,55
1,280,280,artix7,xc7a12tcpg238-2,144,1.694,7,26,10,40
1,320,320,artix7,xc7a12tcpg238-2,144,2.192,7,26,10,40
1,512,512,artix7,xc7a12tcpg238-2,144,5.55,10,26,10,55
1,1024,1024,artix7,xc7a12tcpg238-2,144,21.924,10,26,11,55
1,280,280,artix7,xc7a12tcpg238-2L,144,1.694,7,26,10,40
1,320,320,artix7,xc7a12tcpg238-2L,144,2.192,7,26,10,40
1,512,512,artix7,xc7a12tcpg238-2L,144,5.55,10,26,10,55
1,1024,1024,artix7,xc7a12tcpg238-2L,144,21.924,10,26,11,55
1,280,280,artix7,xc7a12tcpg238-3,145,1.694,7,26,10,40
1,320,320,artix7,xc7a12tcpg238-3,145,2.192,7,26,10,40
1,512,512,artix7,xc7a12tcpg238-3,140,5.545,10,25,9,55
1,1024,1024,artix7,xc7a12tcpg238-3,140,21.914,10,26,10,55
1,280,280,artix7,xc7a25tcpg238-1,141,1.697,3,14,5,17
1,320,320,artix7,xc7a25tcpg238-1,141,2.198,3,14,5,17
10,320,320,artix7,xc7a25tcpg238-1,141,1.232,72,75,9,36
1,512,512,artix7,xc7a25tcpg238-1,138,5.56,5,14,5,24
10,512,512,artix7,xc7a25tcpg238-1,141,3.077,72,76,10,36
1,1024,1024,artix7,xc7a25tcpg238-1,138,21.944,5,14,6,24
10,1024,1024,artix7,xc7a25tcpg238-1,141,12.012,72,77,10,36
1,280,280,artix7,xc7a25tcpg238-2,144,1.694,3,14,5,17
1,320,320,artix7,xc7a25tcpg238-2,144,2.192,3,14,5,17
10,320,320,artix7,xc7a25tcpg238-2,156,1.229,72,75,7,36
1,512,512,artix7,xc7a25tcpg238-2,144,5.55,5,14,5,24
10,512,512,artix7,xc7a25tcpg238-2,156,3.072,72,75,7,36
1,1024,1024,artix7,xc7a25tcpg238-2,144,21.924,5,14,6,24
10,1024,1024,artix7,xc7a25tcpg238-2,156,12.001,72,76,8,36
1,280,280,artix7,xc7a25tcpg238-2L,144,1.694,3,14,5,17
1,320,320,artix7,xc7a25tcpg238-2L,144,2.192,3,14,5,17
10,320,320,artix7,xc7a25tcpg238-2L,156,1.229,72,75,7,36
1,512,512,artix7,xc7a25tcpg238-2L,144,5.55,5,14,5,24
10,512,512,artix7,xc7a25tcpg238-2L,156,3.072,72,75,7,36
1,1024,1024,artix7,xc7a25tcpg238-2L,144,21.924,5,14,6,24
10,1024,1024,artix7,xc7a25tcpg238-2L,156,12.001,72,76,8,36
1,280,280,artix7,xc7a25tcpg238-3,145,1.694,3,14,5,17
1,320,320,artix7,xc7a25tcpg238-3,145,2.192,3,14,5,17
10,320,320,artix7,xc7a25tcpg238-3,139,1.226,72,75,7,36
1,512,512,artix7,xc7a25tcpg238-3,140,5.545,5,13,5,24
10,512,512,artix7,xc7a25tcpg238-3,138,3.067,72,75,7,36
1,1024,1024,artix7,xc7a25tcpg238-3,140,21.914,5,14,5,24
10,1024,1024,artix7,xc7a25tcpg238-3,145,11.991,72,76,7,36
1,280,280,artix7,xc7a25tcsg325-1,141,1.697,3,14,5,17
1,320,320,artix7,xc7a25tcsg325-1,141,2.198,3,14,5,17
10,320,320,artix7,xc7a25tcsg325-1,141,1.232,72,75,9,36
1,512,512,artix7,xc7a25tcsg325-1,138,5.56,5,14,5,24
1,280,280,artix7,xc7a25tcpg238-2L,144,1.694,3,14,5,17
1,320,320,artix7,xc7a25tcpg238-2L,144,2.192,3,14,5,17
10,320,320,artix7,xc7a25tcpg238-2L,156,1.229,72,75,7,36
1,512,512,artix7,xc7a25tcpg238-2L,144,5.55,5,14,5,24
10,512,512,artix7,xc7a25tcpg238-2L,156,3.072,72,75,7,36
1,1024,1024,artix7,xc7a25tcpg238-2L,144,21.924,5,14,6,24
10,1024,1024,artix7,xc7a25tcpg238-2L,156,12.001,72,76,8,36
1,280,280,artix7,xc7a25tcpg238-3,145,1.694,3,14,5,17
1,320,320,artix7,xc7a25tcpg238-3,145,2.192,3,14,5,17
10,320,320,artix7,xc7a25tcpg238-3,139,1.226,72,75,7,36
1,512,512,artix7,xc7a25tcpg238-3,140,5.545,5,13,5,24
10,512,512,artix7,xc7a25tcpg238-3,138,3.067,72,75,7,36
1,1024,1024,artix7,xc7a25tcpg238-3,140,21.914,5,14,5,24
10,1024,1024,artix7,xc7a25tcpg238-3,145,11.991,72,76,7,36
1,280,280,artix7,xc7a25tcsg325-1,141,1.697,3,14,5,17
1,320,320,artix7,xc7a25tcsg325-1,141,2.198,3,14,5,17
10,320,320,artix7,xc7a25tcsg325-1,141,1.232,72,75,9,36
1,512,512,artix7,xc7a25tcsg325-1,138,5.56,5,14,5,24
10,512,512,artix7,xc7a25tcsg325-1,141,3.077,72,76,10,36
1,1024,1024,artix7,xc7a25tcsg325-1,138,21.944,5,14,6,24
10,1024,1024,artix7,xc7a25tcsg325-1,141,12.012,72,77,10,36
1,280,280,artix7,xc7a25tcsg325-2,144,1.694,3,14,5,17
1,320,320,artix7,xc7a25tcsg325-2,144,2.192,3,14,5,17
10,320,320,artix7,xc7a25tcsg325-2,156,1.229,72,75,7,36
1,512,512,artix7,xc7a25tcsg325-2,144,5.55,5,14,5,24
10,512,512,artix7,xc7a25tcsg325-2,156,3.072,72,75,7,36
1,1024,1024,artix7,xc7a25tcsg325-2,144,21.924,5,14,6,24
10,1024,1024,artix7,xc7a25tcsg325-2,156,12.001,72,76,8,36
1,280,280,artix7,xc7a25tcsg325-2L,144,1.694,3,14,5,17
1,320,320,artix7,xc7a25tcsg325-2L,144,2.192,3,14,5,17
10,320,320,artix7,xc7a25tcsg325-2L,156,1.229,72,75,7,36
1,512,512,artix7,xc7a25tcsg325-2L,144,5.55,5,14,5,24
10,512,512,artix7,xc7a25tcsg325-2L,156,3.072,72,75,7,36
1,1024,1024,artix7,xc7a25tcsg325-2L,144,21.924,5,14,6,24
10,1024,1024,artix7,xc7a25tcsg325-2L,156,12.001,72,76,8,36
1,280,280,artix7,xc7a25tcsg325-3,145,1.694,3,14,5,17
1,320,320,artix7,xc7a25tcsg325-3,145,2.192,3,14,5,17
10,320,320,artix7,xc7a25tcsg325-3,139,1.226,72,75,7,36
1,512,512,artix7,xc7a25tcsg325-3,140,5.545,5,13,5,24
10,512,512,artix7,xc7a25tcsg325-3,138,3.067,72,75,7,36
1,1024,1024,artix7,xc7a25tcsg325-3,140,21.914,5,14,5,24
10,1024,1024,artix7,xc7a25tcsg325-3,145,11.991,72,76,7,36
1,280,280,artix7,xc7a25ticpg238-1L,141,1.697,3,14,5,17
1,320,320,artix7,xc7a25ticpg238-1L,141,2.198,3,14,5,17
10,320,320,artix7,xc7a25ticpg238-1L,141,1.232,72,75,9,36
1,512,512,artix7,xc7a25ticpg238-1L,138,5.56,5,14,5,24
10,512,512,artix7,xc7a25ticpg238-1L,141,3.077,72,76,10,36
1,1024,1024,artix7,xc7a25ticpg238-1L,138,21.944,5,14,6,24
10,1024,1024,artix7,xc7a25ticpg238-1L,141,12.012,72,77,10,36
1,280,280,artix7,xc7a25ticsg325-1L,141,1.697,3,14,5,17
1,320,320,artix7,xc7a25ticsg325-1L,141,2.198,3,14,5,17
10,320,320,artix7,xc7a25ticsg325-1L,141,1.232,72,75,9,36
1,512,512,artix7,xc7a25ticsg325-1L,138,5.56,5,14,5,24
10,512,512,artix7,xc7a25ticsg325-1L,141,3.077,72,76,10,36
1,1024,1024,artix7,xc7a25ticsg325-1L,138,21.944,5,14,6,24
10,1024,1024,artix7,xc7a25ticsg325-1L,141,12.012,72,77,10,36
1,280,280,artix7,xc7a50tcsg324-1,141,1.697,2,6,2,10
1,320,320,artix7,xc7a50tcsg324-1,141,2.198,2,6,2,10
10,320,320,artix7,xc7a50tcsg324-1,141,1.232,48,33,4,22
1,512,512,artix7,xc7a50tcsg324-1,138,5.56,3,6,2,14
10,512,512,artix7,xc7a50tcsg324-1,141,3.077,48,34,4,22
1,1024,1024,artix7,xc7a50tcsg324-1,138,21.944,3,6,2,14
10,1024,1024,artix7,xc7a50tcsg324-1,141,12.012,48,34,4,22
20,1024,1024,artix7,xc7a50tcsg324-1,141,12.012,50,69,6,20
30,1024,1024,artix7,xc7a50tcsg324-1,141,11.663,51,95,7,30
1,280,280,artix7,xc7a50tcsg324-2,144,1.694,2,6,2,10
1,320,320,artix7,xc7a50tcsg324-2,144,2.192,2,6,2,10
10,320,320,artix7,xc7a50tcsg324-2,156,1.229,48,33,3,22
1,512,512,artix7,xc7a50tcsg324-2,144,5.55,3,6,2,14
10,512,512,artix7,xc7a50tcsg324-2,156,3.072,48,33,3,22
1,1024,1024,artix7,xc7a50tcsg324-2,144,21.924,3,6,2,14
10,1024,1024,artix7,xc7a50tcsg324-2,156,12.001,48,34,3,22
20,1024,1024,artix7,xc7a50tcsg324-2,141,12.001,50,68,4,20
30,1024,1024,artix7,xc7a50tcsg324-2,156,11.653,51,96,6,30
1,280,280,artix7,xc7a50tcsg324-2L,144,1.694,2,6,2,10
1,320,320,artix7,xc7a50tcsg324-2L,144,2.192,2,6,2,10
10,320,320,artix7,xc7a50tcsg324-2L,156,1.229,48,33,3,22
1,512,512,artix7,xc7a50tcsg324-2L,144,5.55,3,6,2,14
10,512,512,artix7,xc7a50tcsg324-2L,156,3.072,48,33,3,22
1,1024,1024,artix7,xc7a50tcsg324-2L,144,21.924,3,6,2,14
10,1024,1024,artix7,xc7a50tcsg324-2L,156,12.001,48,34,3,22
20,1024,1024,artix7,xc7a50tcsg324-2L,141,12.001,50,68,4,20
30,1024,1024,artix7,xc7a50tcsg324-2L,156,11.653,51,96,6,30
1,280,280,artix7,xc7a50tcsg324-3,145,1.694,2,6,2,10
1,320,320,artix7,xc7a50tcsg324-3,145,2.192,2,6,2,10
10,320,320,artix7,xc7a50tcsg324-3,139,1.226,48,33,3,22
1,512,512,artix7,xc7a50tcsg324-3,140,5.545,3,6,2,14
10,512,512,artix7,xc7a50tcsg324-3,138,3.067,48,33,3,22
1,1024,1024,artix7,xc7a50tcsg324-3,140,21.914,3,6,2,14
10,1024,1024,artix7,xc7a50tcsg324-3,145,11.991,48,34,3,22
20,1024,1024,artix7,xc7a50tcsg324-3,138,12.001,50,69,4,20
30,1024,1024,artix7,xc7a50tcsg324-3,138,11.653,51,95,5,30
1,280,280,artix7,xc7a50tcpg236-1,141,1.697,2,6,2,10
1,320,320,artix7,xc7a50tcpg236-1,141,2.198,2,6,2,10
10,320,320,artix7,xc7a50tcpg236-1,141,1.232,48,33,4,22
1,512,512,artix7,xc7a50tcpg236-1,138,5.56,3,6,2,14
10,512,512,artix7,xc7a50tcpg236-1,141,3.077,48,34,4,22
1,1024,1024,artix7,xc7a50tcpg236-1,138,21.944,3,6,2,14
10,1024,1024,artix7,xc7a50tcpg236-1,141,12.012,48,34,4,22
20,1024,1024,artix7,xc7a50tcpg236-1,141,12.012,50,69,6,20
30,1024,1024,artix7,xc7a50tcpg236-1,141,11.663,51,95,7,30
1,280,280,artix7,xc7a50tcpg236-2,144,1.694,2,6,2,10
1,320,320,artix7,xc7a50tcpg236-2,144,2.192,2,6,2,10
10,320,320,artix7,xc7a50tcpg236-2,156,1.229,48,33,3,22
1,512,512,artix7,xc7a50tcpg236-2,144,5.55,3,6,2,14
10,512,512,artix7,xc7a50tcpg236-2,156,3.072,48,33,3,22
1,1024,1024,artix7,xc7a50tcpg236-2,144,21.924,3,6,2,14
1,280,280,artix7,xc7a50tcpg236-2,144,1.694,2,6,2,10
1,320,320,artix7,xc7a50tcpg236-2,144,2.192,2,6,2,10
10,320,320,artix7,xc7a50tcpg236-2,156,1.229,48,33,3,22
1,512,512,artix7,xc7a50tcpg236-2,144,5.55,3,6,2,14
10,512,512,artix7,xc7a50tcpg236-2,156,3.072,48,33,3,22
1,1024,1024,artix7,xc7a50tcpg236-2,144,21.924,3,6,2,14
10,1024,1024,artix7,xc7a50tcpg236-2,156,12.001,48,34,3,22
20,1024,1024,artix7,xc7a50tcpg236-2,141,12.001,50,68,4,20
30,1024,1024,artix7,xc7a50tcpg236-2,156,11.653,51,96,6,30
1,280,280,artix7,xc7a50tcpg236-2L,144,1.694,2,6,2,10
1,320,320,artix7,xc7a50tcpg236-2L,144,2.192,2,6,2,10
10,320,320,artix7,xc7a50tcpg236-2L,156,1.229,48,33,3,22
1,512,512,artix7,xc7a50tcpg236-2L,144,5.55,3,6,2,14
10,512,512,artix7,xc7a50tcpg236-2L,156,3.072,48,33,3,22
1,1024,1024,artix7,xc7a50tcpg236-2L,144,21.924,3,6,2,14
10,1024,1024,artix7,xc7a50tcpg236-2L,156,12.001,48,34,3,22
20,1024,1024,artix7,xc7a50tcpg236-2L,141,12.001,50,68,4,20
30,1024,1024,artix7,xc7a50tcpg236-2L,156,11.653,51,96,6,30
1,280,280,artix7,xc7a50tcpg236-3,145,1.694,2,6,2,10
1,320,320,artix7,xc7a50tcpg236-3,145,2.192,2,6,2,10
10,320,320,artix7,xc7a50tcpg236-3,139,1.226,48,33,3,22
1,512,512,artix7,xc7a50tcpg236-3,140,5.545,3,6,2,14
10,512,512,artix7,xc7a50tcpg236-3,138,3.067,48,33,3,22
1,1024,1024,artix7,xc7a50tcpg236-3,140,21.914,3,6,2,14
10,1024,1024,artix7,xc7a50tcpg236-3,145,11.991,48,34,3,22
20,1024,1024,artix7,xc7a50tcpg236-3,138,12.001,50,69,4,20
30,1024,1024,artix7,xc7a50tcpg236-3,138,11.653,51,95,5,30
1,280,280,artix7,xc7a50tcsg325-1,141,1.697,2,6,2,10
1,320,320,artix7,xc7a50tcsg325-1,141,2.198,2,6,2,10
10,320,320,artix7,xc7a50tcsg325-1,141,1.232,48,33,4,22
1,512,512,artix7,xc7a50tcsg325-1,138,5.56,3,6,2,14
10,512,512,artix7,xc7a50tcsg325-1,141,3.077,48,34,4,22
1,1024,1024,artix7,xc7a50tcsg325-1,138,21.944,3,6,2,14
10,1024,1024,artix7,xc7a50tcsg325-1,141,12.012,48,34,4,22
20,1024,1024,artix7,xc7a50tcsg325-1,141,12.012,50,69,6,20
30,1024,1024,artix7,xc7a50tcsg325-1,141,11.663,51,95,7,30
1,280,280,artix7,xc7a50tcsg325-2,144,1.694,2,6,2,10
1,320,320,artix7,xc7a50tcsg325-2,144,2.192,2,6,2,10
10,320,320,artix7,xc7a50tcsg325-2,156,1.229,48,33,3,22
1,512,512,artix7,xc7a50tcsg325-2,144,5.55,3,6,2,14
10,512,512,artix7,xc7a50tcsg325-2,156,3.072,48,33,3,22
1,1024,1024,artix7,xc7a50tcsg325-2,144,21.924,3,6,2,14
10,1024,1024,artix7,xc7a50tcsg325-2,156,12.001,48,34,3,22
20,1024,1024,artix7,xc7a50tcsg325-2,141,12.001,50,68,4,20
30,1024,1024,artix7,xc7a50tcsg325-2,156,11.653,51,96,6,30
1,280,280,artix7,xc7a50tcsg325-2L,144,1.694,2,6,2,10
1,320,320,artix7,xc7a50tcsg325-2L,144,2.192,2,6,2,10
10,320,320,artix7,xc7a50tcsg325-2L,156,1.229,48,33,3,22
1,512,512,artix7,xc7a50tcsg325-2L,144,5.55,3,6,2,14
10,512,512,artix7,xc7a50tcsg325-2L,156,3.072,48,33,3,22
1,1024,1024,artix7,xc7a50tcsg325-2L,144,21.924,3,6,2,14
10,1024,1024,artix7,xc7a50tcsg325-2L,156,12.001,48,34,3,22
20,1024,1024,artix7,xc7a50tcsg325-2L,141,12.001,50,68,4,20
30,1024,1024,artix7,xc7a50tcsg325-2L,156,11.653,51,96,6,30
1,280,280,artix7,xc7a50tcsg325-3,145,1.694,2,6,2,10
1,320,320,artix7,xc7a50tcsg325-3,145,2.192,2,6,2,10
10,320,320,artix7,xc7a50tcsg325-3,139,1.226,48,33,3,22
1,512,512,artix7,xc7a50tcsg325-3,140,5.545,3,6,2,14
10,512,512,artix7,xc7a50tcsg325-3,138,3.067,48,33,3,22
1,1024,1024,artix7,xc7a50tcsg325-3,140,21.914,3,6,2,14
10,1024,1024,artix7,xc7a50tcsg325-3,145,11.991,48,34,3,22
20,1024,1024,artix7,xc7a50tcsg325-3,138,12.001,50,69,4,20
30,1024,1024,artix7,xc7a50tcsg325-3,138,11.653,51,95,5,30
1,280,280,artix7,xc7a50tfgg484-1,141,1.697,2,6,2,10
1,320,320,artix7,xc7a50tfgg484-1,141,2.198,2,6,2,10
10,320,320,artix7,xc7a50tfgg484-1,141,1.232,48,33,4,22
1,512,512,artix7,xc7a50tfgg484-1,138,5.56,3,6,2,14
10,512,512,artix7,xc7a50tfgg484-1,141,3.077,48,34,4,22
1,1024,1024,artix7,xc7a50tfgg484-1,138,21.944,3,6,2,14
10,1024,1024,artix7,xc7a50tfgg484-1,141,12.012,48,34,4,22
20,1024,1024,artix7,xc7a50tfgg484-1,141,12.012,50,69,6,20
30,1024,1024,artix7,xc7a50tfgg484-1,141,11.663,51,95,7,30
1,280,280,artix7,xc7a50tfgg484-2,144,1.694,2,6,2,10
1,320,320,artix7,xc7a50tfgg484-2,144,2.192,2,6,2,10
10,320,320,artix7,xc7a50tfgg484-2,156,1.229,48,33,3,22
1,512,512,artix7,xc7a50tfgg484-2,144,5.55,3,6,2,14
10,512,512,artix7,xc7a50tfgg484-2,156,3.072,48,33,3,22
1,1024,1024,artix7,xc7a50tfgg484-2,144,21.924,3,6,2,14
10,1024,1024,artix7,xc7a50tfgg484-2,156,12.001,48,34,3,22
20,1024,1024,artix7,xc7a50tfgg484-2,141,12.001,50,68,4,20
30,1024,1024,artix7,xc7a50tfgg484-2,156,11.653,51,96,6,30
1,280,280,artix7,xc7a50tfgg484-2L,144,1.694,2,6,2,10
1,320,320,artix7,xc7a50tfgg484-2L,144,2.192,2,6,2,10
10,320,320,artix7,xc7a50tfgg484-2L,156,1.229,48,33,3,22
1,512,512,artix7,xc7a50tfgg484-2L,144,5.55,3,6,2,14
10,512,512,artix7,xc7a50tfgg484-2L,156,3.072,48,33,3,22
1,1024,1024,artix7,xc7a50tfgg484-2L,144,21.924,3,6,2,14
10,1024,1024,artix7,xc7a50tfgg484-2L,156,12.001,48,34,3,22
20,1024,1024,artix7,xc7a50tfgg484-2L,141,12.001,50,68,4,20
30,1024,1024,artix7,xc7a50tfgg484-2L,156,11.653,51,96,6,30
1,280,280,artix7,xc7a50tfgg484-3,145,1.694,2,6,2,10
1,320,320,artix7,xc7a50tfgg484-3,145,2.192,2,6,2,10
10,320,320,artix7,xc7a50tfgg484-3,139,1.226,48,33,3,22
1,512,512,artix7,xc7a50tfgg484-3,140,5.545,3,6,2,14
10,512,512,artix7,xc7a50tfgg484-3,138,3.067,48,33,3,22
1,1024,1024,artix7,xc7a50tfgg484-3,140,21.914,3,6,2,14
10,1024,1024,artix7,xc7a50tfgg484-3,145,11.991,48,34,3,22
20,1024,1024,artix7,xc7a50tfgg484-3,138,12.001,50,69,4,20
30,1024,1024,artix7,xc7a50tfgg484-3,138,11.653,51,95,5,30
1,280,280,artix7,xc7a50tftg256-1,141,1.697,2,6,2,10
1,320,320,artix7,xc7a50tftg256-1,141,2.198,2,6,2,10
10,320,320,artix7,xc7a50tftg256-1,141,1.232,48,33,4,22
1,512,512,artix7,xc7a50tftg256-1,138,5.56,3,6,2,14
10,512,512,artix7,xc7a50tftg256-1,141,3.077,48,34,4,22
1,1024,1024,artix7,xc7a50tftg256-1,138,21.944,3,6,2,14
10,1024,1024,artix7,xc7a50tftg256-1,141,12.012,48,34,4,22
20,1024,1024,artix7,xc7a50tftg256-1,141,12.012,50,69,6,20
30,1024,1024,artix7,xc7a50tftg256-1,141,11.663,51,95,7,30
1,280,280,artix7,xc7a50tftg256-2,144,1.694,2,6,2,10
1,320,320,artix7,xc7a50tftg256-2,144,2.192,2,6,2,10
10,320,320,artix7,xc7a50tftg256-2,156,1.229,48,33,3,22
1,512,512,artix7,xc7a50tftg256-2,144,5.55,3,6,2,14
10,512,512,artix7,xc7a50tftg256-2,156,3.072,48,33,3,22
1,1024,1024,artix7,xc7a50tftg256-2,144,21.924,3,6,2,14
10,1024,1024,artix7,xc7a50tftg256-2,156,12.001,48,34,3,22
1,280,280,artix7,xc7a50tftg256-2L,144,1.694,2,6,2,10
1,320,320,artix7,xc7a50tftg256-2L,144,2.192,2,6,2,10
10,320,320,artix7,xc7a50tftg256-2L,156,1.229,48,33,3,22
1,512,512,artix7,xc7a50tftg256-2L,144,5.55,3,6,2,14
10,512,512,artix7,xc7a50tftg256-2L,156,3.072,48,33,3,22
1,1024,1024,artix7,xc7a50tftg256-2L,144,21.924,3,6,2,14
10,1024,1024,artix7,xc7a50tftg256-2L,156,12.001,48,34,3,22
20,1024,1024,artix7,xc7a50tftg256-2L,141,12.001,50,68,4,20
30,1024,1024,artix7,xc7a50tftg256-2L,156,11.653,51,96,6,30
1,280,280,artix7,xc7a50tftg256-3,145,1.694,2,6,2,10
1,320,320,artix7,xc7a50tftg256-3,145,2.192,2,6,2,10
10,320,320,artix7,xc7a50tftg256-3,139,1.226,48,33,3,22
1,512,512,artix7,xc7a50tftg256-3,140,5.545,3,6,2,14
10,512,512,artix7,xc7a50tftg256-3,138,3.067,48,33,3,22
1,1024,1024,artix7,xc7a50tftg256-3,140,21.914,3,6,2,14
10,1024,1024,artix7,xc7a50tftg256-3,145,11.991,48,34,3,22
20,1024,1024,artix7,xc7a50tftg256-3,138,12.001,50,69,4,20
30,1024,1024,artix7,xc7a50tftg256-3,138,11.653,51,95,5,30
1,280,280,artix7,xc7a35tiftg256-1L,141,1.697,3,10,4,16
1,320,320,artix7,xc7a35tiftg256-1L,141,2.198,3,10,4,16
10,320,320,artix7,xc7a35tiftg256-1L,141,1.232,64,53,6,33
1,512,512,artix7,xc7a35tiftg256-1L,138,5.56,4,9,4,22
10,512,512,artix7,xc7a35tiftg256-1L,141,3.077,64,53,7,33
1,1024,1024,artix7,xc7a35tiftg256-1L,138,21.944,4,10,4,22
10,1024,1024,artix7,xc7a35tiftg256-1L,141,12.012,64,54,7,33
1,280,280,artix7,xc7a35tifgg484-1L,141,1.697,3,10,4,16
1,320,320,artix7,xc7a35tifgg484-1L,141,2.198,3,10,4,16
10,320,320,artix7,xc7a35tifgg484-1L,141,1.232,64,53,6,33
1,512,512,artix7,xc7a35tifgg484-1L,138,5.56,4,9,4,22
10,512,512,artix7,xc7a35tifgg484-1L,141,3.077,64,53,7,33
1,1024,1024,artix7,xc7a35tifgg484-1L,138,21.944,4,10,4,22
10,1024,1024,artix7,xc7a35tifgg484-1L,141,12.012,64,54,7,33
1,280,280,artix7,xc7a35ticsg325-1L,141,1.697,3,10,4,16
1,320,320,artix7,xc7a35ticsg325-1L,141,2.198,3,10,4,16
10,320,320,artix7,xc7a35ticsg325-1L,141,1.232,64,53,6,33
1,512,512,artix7,xc7a35ticsg325-1L,138,5.56,4,9,4,22
10,512,512,artix7,xc7a35ticsg325-1L,141,3.077,64,53,7,33
1,1024,1024,artix7,xc7a35ticsg325-1L,138,21.944,4,10,4,22
10,1024,1024,artix7,xc7a35ticsg325-1L,141,12.012,64,54,7,33
1,280,280,artix7,xc7a35ticsg324-1L,141,1.697,3,10,4,16
1,320,320,artix7,xc7a35ticsg324-1L,141,2.198,3,10,4,16
10,320,320,artix7,xc7a35ticsg324-1L,141,1.232,64,53,6,33
1,512,512,artix7,xc7a35ticsg324-1L,138,5.56,4,9,4,22
10,512,512,artix7,xc7a35ticsg324-1L,141,3.077,64,53,7,33
1,1024,1024,artix7,xc7a35ticsg324-1L,138,21.944,4,10,4,22
10,1024,1024,artix7,xc7a35ticsg324-1L,141,12.012,64,54,7,33
1,280,280,artix7,xc7a35ticpg236-1L,141,1.697,3,10,4,16
1,320,320,artix7,xc7a35ticpg236-1L,141,2.198,3,10,4,16
10,320,320,artix7,xc7a35ticpg236-1L,141,1.232,64,53,6,33
1,512,512,artix7,xc7a35ticpg236-1L,138,5.56,4,9,4,22
10,512,512,artix7,xc7a35ticpg236-1L,141,3.077,64,53,7,33
1,1024,1024,artix7,xc7a35ticpg236-1L,138,21.944,4,10,4,22
10,1024,1024,artix7,xc7a35ticpg236-1L,141,12.012,64,54,7,33
1,280,280,artix7,xc7a50ticpg236-1L,141,1.697,2,6,2,10
1,320,320,artix7,xc7a50ticpg236-1L,141,2.198,2,6,2,10
10,320,320,artix7,xc7a50ticpg236-1L,141,1.232,48,33,4,22
1,512,512,artix7,xc7a50ticpg236-1L,138,5.56,3,6,2,14
10,512,512,artix7,xc7a50ticpg236-1L,141,3.077,48,34,4,22
1,1024,1024,artix7,xc7a50ticpg236-1L,138,21.944,3,6,2,14
10,1024,1024,artix7,xc7a50ticpg236-1L,141,12.012,48,34,4,22
20,1024,1024,artix7,xc7a50ticpg236-1L,141,12.012,50,69,6,20
30,1024,1024,artix7,xc7a50ticpg236-1L,141,11.663,51,95,7,30
1,280,280,artix7,xc7a50tiftg256-1L,141,1.697,2,6,2,10
1,320,320,artix7,xc7a50tiftg256-1L,141,2.198,2,6,2,10
10,320,320,artix7,xc7a50tiftg256-1L,141,1.232,48,33,4,22
1,512,512,artix7,xc7a50tiftg256-1L,138,5.56,3,6,2,14
10,512,512,artix7,xc7a50tiftg256-1L,141,3.077,48,34,4,22
1,1024,1024,artix7,xc7a50tiftg256-1L,138,21.944,3,6,2,14
10,1024,1024,artix7,xc7a50tiftg256-1L,141,12.012,48,34,4,22
20,1024,1024,artix7,xc7a50tiftg256-1L,141,12.012,50,69,6,20
30,1024,1024,artix7,xc7a50tiftg256-1L,141,11.663,51,95,7,30
1,280,280,artix7,xc7a50tifgg484-1L,141,1.697,2,6,2,10
1,320,320,artix7,xc7a50tifgg484-1L,141,2.198,2,6,2,10
10,320,320,artix7,xc7a50tifgg484-1L,141,1.232,48,33,4,22
1,512,512,artix7,xc7a50tifgg484-1L,138,5.56,3,6,2,14
10,512,512,artix7,xc7a50tifgg484-1L,141,3.077,48,34,4,22
1,1024,1024,artix7,xc7a50tifgg484-1L,138,21.944,3,6,2,14
10,1024,1024,artix7,xc7a50tifgg484-1L,141,12.012,48,34,4,22
20,1024,1024,artix7,xc7a50tifgg484-1L,141,12.012,50,69,6,20
30,1024,1024,artix7,xc7a50tifgg484-1L,141,11.663,51,95,7,30
1,280,280,artix7,xc7a50ticsg325-1L,141,1.697,2,6,2,10
1,320,320,artix7,xc7a50ticsg325-1L,141,2.198,2,6,2,10
10,320,320,artix7,xc7a50ticsg325-1L,141,1.232,48,33,4,22
1,512,512,artix7,xc7a50ticsg325-1L,138,5.56,3,6,2,14
10,512,512,artix7,xc7a50ticsg325-1L,141,3.077,48,34,4,22
1,1024,1024,artix7,xc7a50ticsg325-1L,138,21.944,3,6,2,14
10,1024,1024,artix7,xc7a50ticsg325-1L,141,12.012,48,34,4,22
20,1024,1024,artix7,xc7a50ticsg325-1L,141,12.012,50,69,6,20
30,1024,1024,artix7,xc7a50ticsg325-1L,141,11.663,51,95,7,30
1,280,280,artix7,xc7a50ticsg324-1L,141,1.697,2,6,2,10
1,320,320,artix7,xc7a50ticsg324-1L,141,2.198,2,6,2,10
10,320,320,artix7,xc7a50ticsg324-1L,141,1.232,48,33,4,22
1,512,512,artix7,xc7a50ticsg324-1L,138,5.56,3,6,2,14
10,512,512,artix7,xc7a50ticsg324-1L,141,3.077,48,34,4,22
1,1024,1024,artix7,xc7a50ticsg324-1L,138,21.944,3,6,2,14
10,1024,1024,artix7,xc7a50ticsg324-1L,141,12.012,48,34,4,22
20,1024,1024,artix7,xc7a50ticsg324-1L,141,12.012,50,69,6,20
30,1024,1024,artix7,xc7a50ticsg324-1L,141,11.663,51,95,7,30
1,280,280,artix7,xc7a35tftg256-1,141,1.697,3,10,4,16
1,320,320,artix7,xc7a35tftg256-1,141,2.198,3,10,4,16
10,320,320,artix7,xc7a35tftg256-1,141,1.232,64,53,6,33
1,512,512,artix7,xc7a35tftg256-1,138,5.56,4,9,4,22
10,512,512,artix7,xc7a35tftg256-1,141,3.077,64,53,7,33
1,1024,1024,artix7,xc7a35tftg256-1,138,21.944,4,10,4,22
10,1024,1024,artix7,xc7a35tftg256-1,141,12.012,64,54,7,33
1,280,280,artix7,xc7a35tftg256-2,144,1.694,3,10,3,16
1,320,320,artix7,xc7a35tftg256-2,144,2.192,3,10,3,16
10,320,320,artix7,xc7a35tftg256-2,156,1.229,64,53,5,33
1,512,512,artix7,xc7a35tftg256-2,144,5.55,4,10,4,22
1,280,280,artix7,xc7a35tftg256-2,144,1.694,3,10,3,16
1,320,320,artix7,xc7a35tftg256-2,144,2.192,3,10,3,16
10,320,320,artix7,xc7a35tftg256-2,156,1.229,64,53,5,33
1,512,512,artix7,xc7a35tftg256-2,144,5.55,4,10,4,22
10,512,512,artix7,xc7a35tftg256-2,156,3.072,64,53,5,33
1,1024,1024,artix7,xc7a35tftg256-2,144,21.924,4,10,4,22
10,1024,1024,artix7,xc7a35tftg256-2,156,12.001,64,53,5,33
1,280,280,artix7,xc7a35tftg256-2L,144,1.694,3,10,3,16
1,320,320,artix7,xc7a35tftg256-2L,144,2.192,3,10,3,16
10,320,320,artix7,xc7a35tftg256-2L,156,1.229,64,53,5,33
1,512,512,artix7,xc7a35tftg256-2L,144,5.55,4,10,4,22
10,512,512,artix7,xc7a35tftg256-2L,156,3.072,64,53,5,33
1,1024,1024,artix7,xc7a35tftg256-2L,144,21.924,4,10,4,22
10,1024,1024,artix7,xc7a35tftg256-2L,156,12.001,64,53,5,33
1,280,280,artix7,xc7a35tftg256-3,145,1.694,3,10,3,16
1,320,320,artix7,xc7a35tftg256-3,145,2.192,3,10,3,16
10,320,320,artix7,xc7a35tftg256-3,139,1.226,64,52,5,33
1,512,512,artix7,xc7a35tftg256-3,140,5.545,4,9,3,22
10,512,512,artix7,xc7a35tftg256-3,138,3.067,64,52,5,33
1,1024,1024,artix7,xc7a35tftg256-3,140,21.914,4,10,3,22
10,1024,1024,artix7,xc7a35tftg256-3,145,11.991,64,53,5,33
1,280,280,artix7,xc7a35tfgg484-1,141,1.697,3,10,4,16
1,320,320,artix7,xc7a35tfgg484-1,141,2.198,3,10,4,16
10,320,320,artix7,xc7a35tfgg484-1,141,1.232,64,53,6,33
1,512,512,artix7,xc7a35tfgg484-1,138,5.56,4,9,4,22
10,512,512,artix7,xc7a35tfgg484-1,141,3.077,64,53,7,33
1,1024,1024,artix7,xc7a35tfgg484-1,138,21.944,4,10,4,22
10,1024,1024,artix7,xc7a35tfgg484-1,141,12.012,64,54,7,33
1,280,280,artix7,xc7a35tfgg484-2,144,1.694,3,10,3,16
1,320,320,artix7,xc7a35tfgg484-2,144,2.192,3,10,3,16
10,320,320,artix7,xc7a35tfgg484-2,156,1.229,64,53,5,33
1,512,512,artix7,xc7a35tfgg484-2,144,5.55,4,10,4,22
10,512,512,artix7,xc7a35tfgg484-2,156,3.072,64,53,5,33
1,1024,1024,artix7,xc7a35tfgg484-2,144,21.924,4,10,4,22
10,1024,1024,artix7,xc7a35tfgg484-2,156,12.001,64,53,5,33
1,280,280,artix7,xc7a35tfgg484-2L,144,1.694,3,10,3,16
1,320,320,artix7,xc7a35tfgg484-2L,144,2.192,3,10,3,16
10,320,320,artix7,xc7a35tfgg484-2L,156,1.229,64,53,5,33
1,512,512,artix7,xc7a35tfgg484-2L,144,5.55,4,10,4,22
10,512,512,artix7,xc7a35tfgg484-2L,156,3.072,64,53,5,33
1,1024,1024,artix7,xc7a35tfgg484-2L,144,21.924,4,10,4,22
10,1024,1024,artix7,xc7a35tfgg484-2L,156,12.001,64,53,5,33
1,280,280,artix7,xc7a35tfgg484-3,145,1.694,3,10,3,16
1,320,320,artix7,xc7a35tfgg484-3,145,2.192,3,10,3,16
10,320,320,artix7,xc7a35tfgg484-3,139,1.226,64,52,5,33
1,512,512,artix7,xc7a35tfgg484-3,140,5.545,4,9,3,22
10,512,512,artix7,xc7a35tfgg484-3,138,3.067,64,52,5,33
1,1024,1024,artix7,xc7a35tfgg484-3,140,21.914,4,10,3,22
10,1024,1024,artix7,xc7a35tfgg484-3,145,11.991,64,53,5,33
1,280,280,artix7,xc7a35tcsg325-1,141,1.697,3,10,4,16
1,320,320,artix7,xc7a35tcsg325-1,141,2.198,3,10,4,16
10,320,320,artix7,xc7a35tcsg325-1,141,1.232,64,53,6,33
1,512,512,artix7,xc7a35tcsg325-1,138,5.56,4,9,4,22
10,512,512,artix7,xc7a35tcsg325-1,141,3.077,64,53,7,33
1,1024,1024,artix7,xc7a35tcsg325-1,138,21.944,4,10,4,22
10,1024,1024,artix7,xc7a35tcsg325-1,141,12.012,64,54,7,33
1,280,280,artix7,xc7a35tcsg325-2,144,1.694,3,10,3,16
1,320,320,artix7,xc7a35tcsg325-2,144,2.192,3,10,3,16
10,320,320,artix7,xc7a35tcsg325-2,156,1.229,64,53,5,33
1,512,512,artix7,xc7a35tcsg325-2,144,5.55,4,10,4,22
10,512,512,artix7,xc7a35tcsg325-2,156,3.072,64,53,5,33
1,1024,1024,artix7,xc7a35tcsg325-2,144,21.924,4,10,4,22
10,1024,1024,artix7,xc7a35tcsg325-2,156,12.001,64,53,5,33
1,280,280,artix7,xc7a35tcsg325-2L,144,1.694,3,10,3,16
1,320,320,artix7,xc7a35tcsg325-2L,144,2.192,3,10,3,16
10,320,320,artix7,xc7a35tcsg325-2L,156,1.229,64,53,5,33
1,512,512,artix7,xc7a35tcsg325-2L,144,5.55,4,10,4,22
10,512,512,artix7,xc7a35tcsg325-2L,156,3.072,64,53,5,33
1,1024,1024,artix7,xc7a35tcsg325-2L,144,21.924,4,10,4,22
10,1024,1024,artix7,xc7a35tcsg325-2L,156,12.001,64,53,5,33
1,280,280,artix7,xc7a35tcsg325-3,145,1.694,3,10,3,16
1,320,320,artix7,xc7a35tcsg325-3,145,2.192,3,10,3,16
10,320,320,artix7,xc7a35tcsg325-3,139,1.226,64,52,5,33
1,512,512,artix7,xc7a35tcsg325-3,140,5.545,4,9,3,22
10,512,512,artix7,xc7a35tcsg325-3,138,3.067,64,52,5,33
1,1024,1024,artix7,xc7a35tcsg325-3,140,21.914,4,10,3,22
10,1024,1024,artix7,xc7a35tcsg325-3,145,11.991,64,53,5,33
1,280,280,artix7,xc7a35tcsg324-1,141,1.697,3,10,4,16
1,320,320,artix7,xc7a35tcsg324-1,141,2.198,3,10,4,16
10,320,320,artix7,xc7a35tcsg324-1,141,1.232,64,53,6,33
1,512,512,artix7,xc7a35tcsg324-1,138,5.56,4,9,4,22
10,512,512,artix7,xc7a35tcsg324-1,141,3.077,64,53,7,33
1,1024,1024,artix7,xc7a35tcsg324-1,138,21.944,4,10,4,22
10,1024,1024,artix7,xc7a35tcsg324-1,141,12.012,64,54,7,33
1,280,280,artix7,xc7a35tcsg324-2,144,1.694,3,10,3,16
1,320,320,artix7,xc7a35tcsg324-2,144,2.192,3,10,3,16
10,320,320,artix7,xc7a35tcsg324-2,156,1.229,64,53,5,33
1,512,512,artix7,xc7a35tcsg324-2,144,5.55,4,10,4,22
10,512,512,artix7,xc7a35tcsg324-2,156,3.072,64,53,5,33
1,1024,1024,artix7,xc7a35tcsg324-2,144,21.924,4,10,4,22
10,1024,1024,artix7,xc7a35tcsg324-2,156,12.001,64,53,5,33
1,280,280,artix7,xc7a35tcsg324-2L,144,1.694,3,10,3,16
1,320,320,artix7,xc7a35tcsg324-2L,144,2.192,3,10,3,16
10,320,320,artix7,xc7a35tcsg324-2L,156,1.229,64,53,5,33
1,512,512,artix7,xc7a35tcsg324-2L,144,5.55,4,10,4,22
10,512,512,artix7,xc7a35tcsg324-2L,156,3.072,64,53,5,33
1,1024,1024,artix7,xc7a35tcsg324-2L,144,21.924,4,10,4,22
10,1024,1024,artix7,xc7a35tcsg324-2L,156,12.001,64,53,5,33
1,280,280,artix7,xc7a35tcsg324-3,145,1.694,3,10,3,16
1,320,320,artix7,xc7a35tcsg324-3,145,2.192,3,10,3,16
10,320,320,artix7,xc7a35tcsg324-3,139,1.226,64,52,5,33
1,280,280,artix7,xc7a35tcsg324-2L,144,1.694,3,10,3,16
1,320,320,artix7,xc7a35tcsg324-2L,144,2.192,3,10,3,16
10,320,320,artix7,xc7a35tcsg324-2L,156,1.229,64,53,5,33
1,512,512,artix7,xc7a35tcsg324-2L,144,5.55,4,10,4,22
10,512,512,artix7,xc7a35tcsg324-2L,156,3.072,64,53,5,33
1,1024,1024,artix7,xc7a35tcsg324-2L,144,21.924,4,10,4,22
10,1024,1024,artix7,xc7a35tcsg324-2L,156,12.001,64,53,5,33
1,280,280,artix7,xc7a35tcsg324-3,145,1.694,3,10,3,16
1,320,320,artix7,xc7a35tcsg324-3,145,2.192,3,10,3,16
10,320,320,artix7,xc7a35tcsg324-3,139,1.226,64,52,5,33
1,512,512,artix7,xc7a35tcsg324-3,140,5.545,4,9,3,22
10,512,512,artix7,xc7a35tcsg324-3,138,3.067,64,52,5,33
1,1024,1024,artix7,xc7a35tcsg324-3,140,21.914,4,10,3,22
10,1024,1024,artix7,xc7a35tcsg324-3,145,11.991,64,53,5,33
1,280,280,artix7,xc7a35tcpg236-1,141,1.697,3,10,4,16
1,320,320,artix7,xc7a35tcpg236-1,141,2.198,3,10,4,16
10,320,320,artix7,xc7a35tcpg236-1,141,1.232,64,53,6,33
1,512,512,artix7,xc7a35tcpg236-1,138,5.56,4,9,4,22
10,512,512,artix7,xc7a35tcpg236-1,141,3.077,64,53,7,33
1,1024,1024,artix7,xc7a35tcpg236-1,138,21.944,4,10,4,22
10,1024,1024,artix7,xc7a35tcpg236-1,141,12.012,64,54,7,33
1,280,280,artix7,xc7a35tcpg236-2,144,1.694,3,10,3,16
1,320,320,artix7,xc7a35tcpg236-2,144,2.192,3,10,3,16
10,320,320,artix7,xc7a35tcpg236-2,156,1.229,64,53,5,33
1,512,512,artix7,xc7a35tcpg236-2,144,5.55,4,10,4,22
10,512,512,artix7,xc7a35tcpg236-2,156,3.072,64,53,5,33
1,1024,1024,artix7,xc7a35tcpg236-2,144,21.924,4,10,4,22
10,1024,1024,artix7,xc7a35tcpg236-2,156,12.001,64,53,5,33
1,280,280,artix7,xc7a35tcpg236-2L,144,1.694,3,10,3,16
1,320,320,artix7,xc7a35tcpg236-2L,144,2.192,3,10,3,16
10,320,320,artix7,xc7a35tcpg236-2L,156,1.229,64,53,5,33
1,512,512,artix7,xc7a35tcpg236-2L,144,5.55,4,10,4,22
10,512,512,artix7,xc7a35tcpg236-2L,156,3.072,64,53,5,33
1,1024,1024,artix7,xc7a35tcpg236-2L,144,21.924,4,10,4,22
10,1024,1024,artix7,xc7a35tcpg236-2L,156,12.001,64,53,5,33
1,280,280,artix7,xc7a35tcpg236-3,145,1.694,3,10,3,16
1,320,320,artix7,xc7a35tcpg236-3,145,2.192,3,10,3,16
10,320,320,artix7,xc7a35tcpg236-3,139,1.226,64,52,5,33
1,512,512,artix7,xc7a35tcpg236-3,140,5.545,4,9,3,22
10,512,512,artix7,xc7a35tcpg236-3,138,3.067,64,52,5,33
1,1024,1024,artix7,xc7a35tcpg236-3,140,21.914,4,10,3,22
10,1024,1024,artix7,xc7a35tcpg236-3,145,11.991,64,53,5,33
1,280,280,artix7,xc7a15tcpg236-1,141,1.697,6,20,8,32
1,320,320,artix7,xc7a15tcpg236-1,141,2.198,6,20,8,32
1,512,512,artix7,xc7a15tcpg236-1,138,5.56,8,19,8,44
1,1024,1024,artix7,xc7a15tcpg236-1,138,21.944,8,20,8,44
1,280,280,artix7,xc7a15tcpg236-2,144,1.694,6,20,7,32
1,320,320,artix7,xc7a15tcpg236-2,144,2.192,6,20,7,32
1,512,512,artix7,xc7a15tcpg236-2,144,5.55,8,20,8,44
1,1024,1024,artix7,xc7a15tcpg236-2,144,21.924,8,20,8,44
1,280,280,artix7,xc7a15tcpg236-2L,144,1.694,6,20,7,32
1,320,320,artix7,xc7a15tcpg236-2L,144,2.192,6,20,7,32
1,512,512,artix7,xc7a15tcpg236-2L,144,5.55,8,20,8,44
1,1024,1024,artix7,xc7a15tcpg236-2L,144,21.924,8,20,8,44
1,280,280,artix7,xc7a15tcpg236-3,145,1.694,6,20,7,32
1,320,320,artix7,xc7a15tcpg236-3,145,2.192,6,20,7,32
1,512,512,artix7,xc7a15tcpg236-3,140,5.545,8,19,7,44
1,1024,1024,artix7,xc7a15tcpg236-3,140,21.914,8,20,7,44
1,280,280,artix7,xc7a15tcsg324-1,141,1.697,6,20,8,32
1,320,320,artix7,xc7a15tcsg324-1,141,2.198,6,20,8,32
1,512,512,artix7,xc7a15tcsg324-1,138,5.56,8,19,8,44
1,1024,1024,artix7,xc7a15tcsg324-1,138,21.944,8,20,8,44
1,280,280,artix7,xc7a15tcsg324-2,144,1.694,6,20,7,32
1,320,320,artix7,xc7a15tcsg324-2,144,2.192,6,20,7,32
1,512,512,artix7,xc7a15tcsg324-2,144,5.55,8,20,8,44
1,1024,1024,artix7,xc7a15tcsg324-2,144,21.924,8,20,8,44
1,280,280,artix7,xc7a15tcsg324-2L,144,1.694,6,20,7,32
1,320,320,artix7,xc7a15tcsg324-2L,144,2.192,6,20,7,32
1,512,512,artix7,xc7a15tcsg324-2L,144,5.55,8,20,8,44
1,1024,1024,artix7,xc7a15tcsg324-2L,144,21.924,8,20,8,44
1,280,280,artix7,xc7a15tcsg324-3,145,1.694,6,20,7,32
1,320,320,artix7,xc7a15tcsg324-3,145,2.192,6,20,7,32
1,512,512,artix7,xc7a15tcsg324-3,140,5.545,8,19,7,44
1,1024,1024,artix7,xc7a15tcsg324-3,140,21.914,8,20,7,44
1,280,280,artix7,xc7a15tcsg325-1,141,1.697,6,20,8,32
1,320,320,artix7,xc7a15tcsg325-1,141,2.198,6,20,8,32
1,512,512,artix7,xc7a15tcsg325-1,138,5.56,8,19,8,44
1,1024,1024,artix7,xc7a15tcsg325-1,138,21.944,8,20,8,44
1,280,280,artix7,xc7a15tcsg325-2,144,1.694,6,20,7,32
1,320,320,artix7,xc7a15tcsg325-2,144,2.192,6,20,7,32
1,512,512,artix7,xc7a15tcsg325-2,144,5.55,8,20,8,44
1,280,280,artix7,xc7a15tcsg324-3,145,1.694,6,20,7,32
1,320,320,artix7,xc7a15tcsg324-3,145,2.192,6,20,7,32
1,512,512,artix7,xc7a15tcsg324-3,140,5.545,8,19,7,44
1,1024,1024,artix7,xc7a15tcsg324-3,140,21.914,8,20,7,44
1,280,280,artix7,xc7a15tcsg325-1,141,1.697,6,20,8,32
1,320,320,artix7,xc7a15tcsg325-1,141,2.198,6,20,8,32
1,512,512,artix7,xc7a15tcsg325-1,138,5.56,8,19,8,44
1,1024,1024,artix7,xc7a15tcsg325-1,138,21.944,8,20,8,44
1,280,280,artix7,xc7a15tcsg325-2,144,1.694,6,20,7,32
1,320,320,artix7,xc7a15tcsg325-2,144,2.192,6,20,7,32
1,512,512,artix7,xc7a15tcsg325-2,144,5.55,8,20,8,44
1,1024,1024,artix7,xc7a15tcsg325-2,144,21.924,8,20,8,44
1,280,280,artix7,xc7a15tcsg325-2L,144,1.694,6,20,7,32
1,320,320,artix7,xc7a15tcsg325-2L,144,2.192,6,20,7,32
1,512,512,artix7,xc7a15tcsg325-2L,144,5.55,8,20,8,44
1,1024,1024,artix7,xc7a15tcsg325-2L,144,21.924,8,20,8,44
1,280,280,artix7,xc7a15tcsg325-3,145,1.694,6,20,7,32
1,320,320,artix7,xc7a15tcsg325-3,145,2.192,6,20,7,32
1,512,512,artix7,xc7a15tcsg325-3,140,5.545,8,19,7,44
1,1024,1024,artix7,xc7a15tcsg325-3,140,21.914,8,20,7,44
1,280,280,artix7,xc7a15tfgg484-1,141,1.697,6,20,8,32
1,320,320,artix7,xc7a15tfgg484-1,141,2.198,6,20,8,32
1,512,512,artix7,xc7a15tfgg484-1,138,5.56,8,19,8,44
1,1024,1024,artix7,xc7a15tfgg484-1,138,21.944,8,20,8,44
1,280,280,artix7,xc7a15tfgg484-2,144,1.694,6,20,7,32
1,320,320,artix7,xc7a15tfgg484-2,144,2.192,6,20,7,32
1,512,512,artix7,xc7a15tfgg484-2,144,5.55,8,20,8,44
1,1024,1024,artix7,xc7a15tfgg484-2,144,21.924,8,20,8,44
1,280,280,artix7,xc7a15tfgg484-2L,144,1.694,6,20,7,32
1,320,320,artix7,xc7a15tfgg484-2L,144,2.192,6,20,7,32
1,512,512,artix7,xc7a15tfgg484-2L,144,5.55,8,20,8,44
1,1024,1024,artix7,xc7a15tfgg484-2L,144,21.924,8,20,8,44
1,280,280,artix7,xc7a15tfgg484-3,145,1.694,6,20,7,32
1,320,320,artix7,xc7a15tfgg484-3,145,2.192,6,20,7,32
1,512,512,artix7,xc7a15tfgg484-3,140,5.545,8,19,7,44
1,1024,1024,artix7,xc7a15tfgg484-3,140,21.914,8,20,7,44
1,280,280,artix7,xc7a15tftg256-1,141,1.697,6,20,8,32
1,320,320,artix7,xc7a15tftg256-1,141,2.198,6,20,8,32
1,512,512,artix7,xc7a15tftg256-1,138,5.56,8,19,8,44
1,1024,1024,artix7,xc7a15tftg256-1,138,21.944,8,20,8,44
1,280,280,artix7,xc7a15tftg256-2,144,1.694,6,20,7,32
1,320,320,artix7,xc7a15tftg256-2,144,2.192,6,20,7,32
1,512,512,artix7,xc7a15tftg256-2,144,5.55,8,20,8,44
1,1024,1024,artix7,xc7a15tftg256-2,144,21.924,8,20,8,44
1,280,280,artix7,xc7a15tftg256-2L,144,1.694,6,20,7,32
1,320,320,artix7,xc7a15tftg256-2L,144,2.192,6,20,7,32
1,512,512,artix7,xc7a15tftg256-2L,144,5.55,8,20,8,44
1,1024,1024,artix7,xc7a15tftg256-2L,144,21.924,8,20,8,44
1,280,280,artix7,xc7a15tftg256-3,145,1.694,6,20,7,32
1,320,320,artix7,xc7a15tftg256-3,145,2.192,6,20,7,32
1,512,512,artix7,xc7a15tftg256-3,140,5.545,8,19,7,44
1,1024,1024,artix7,xc7a15tftg256-3,140,21.914,8,20,7,44
1,280,280,artix7,xc7a15ticpg236-1L,141,1.697,6,20,8,32
1,320,320,artix7,xc7a15ticpg236-1L,141,2.198,6,20,8,32
1,512,512,artix7,xc7a15ticpg236-1L,138,5.56,8,19,8,44
1,1024,1024,artix7,xc7a15ticpg236-1L,138,21.944,8,20,8,44
1,280,280,artix7,xc7a15ticsg324-1L,141,1.697,6,20,8,32
1,320,320,artix7,xc7a15ticsg324-1L,141,2.198,6,20,8,32
1,512,512,artix7,xc7a15ticsg324-1L,138,5.56,8,19,8,44
1,1024,1024,artix7,xc7a15ticsg324-1L,138,21.944,8,20,8,44
1,280,280,artix7,xc7a15ticsg325-1L,141,1.697,6,20,8,32
1,320,320,artix7,xc7a15ticsg325-1L,141,2.198,6,20,8,32
1,512,512,artix7,xc7a15ticsg325-1L,138,5.56,8,19,8,44
1,1024,1024,artix7,xc7a15ticsg325-1L,138,21.944,8,20,8,44
1,280,280,artix7,xc7a15tifgg484-1L,141,1.697,6,20,8,32
1,320,320,artix7,xc7a15tifgg484-1L,141,2.198,6,20,8,32
1,280,280,artix7,xc7a15ticpg236-1L,141,1.697,6,20,8,32
1,320,320,artix7,xc7a15ticpg236-1L,141,2.198,6,20,8,32
1,512,512,artix7,xc7a15ticpg236-1L,138,5.56,8,19,8,44
1,1024,1024,artix7,xc7a15ticpg236-1L,138,21.944,8,20,8,44
1,280,280,artix7,xc7a15ticsg324-1L,141,1.697,6,20,8,32
1,320,320,artix7,xc7a15ticsg324-1L,141,2.198,6,20,8,32
1,512,512,artix7,xc7a15ticsg324-1L,138,5.56,8,19,8,44
1,1024,1024,artix7,xc7a15ticsg324-1L,138,21.944,8,20,8,44
1,280,280,artix7,xc7a15ticsg325-1L,141,1.697,6,20,8,32
1,320,320,artix7,xc7a15ticsg325-1L,141,2.198,6,20,8,32
1,512,512,artix7,xc7a15ticsg325-1L,138,5.56,8,19,8,44
1,1024,1024,artix7,xc7a15ticsg325-1L,138,21.944,8,20,8,44
1,280,280,artix7,xc7a15tifgg484-1L,141,1.697,6,20,8,32
1,320,320,artix7,xc7a15tifgg484-1L,141,2.198,6,20,8,32
1,512,512,artix7,xc7a15tifgg484-1L,138,5.56,8,19,8,44
1,1024,1024,artix7,xc7a15tifgg484-1L,138,21.944,8,20,8,44
1,280,280,artix7,xc7a15tiftg256-1L,141,1.697,6,20,8,32
1,320,320,artix7,xc7a15tiftg256-1L,141,2.198,6,20,8,32
1,512,512,artix7,xc7a15tiftg256-1L,138,5.56,8,19,8,44
1,1024,1024,artix7,xc7a15tiftg256-1L,138,21.944,8,20,8,44
1,280,280,artix7,xc7a75tfgg484-1,141,1.697,1,4,1,7
1,320,320,artix7,xc7a75tfgg484-1,141,2.198,1,4,1,7
10,320,320,artix7,xc7a75tfgg484-1,141,1.232,32,23,3,15
1,512,512,artix7,xc7a75tfgg484-1,138,5.56,2,4,1,10
10,512,512,artix7,xc7a75tfgg484-1,141,3.077,32,23,3,15
1,1024,1024,artix7,xc7a75tfgg484-1,138,21.944,2,4,1,10
10,1024,1024,artix7,xc7a75tfgg484-1,141,12.012,32,23,3,15
20,1024,1024,artix7,xc7a75tfgg484-1,141,12.012,33,48,4,14
30,1024,1024,artix7,xc7a75tfgg484-1,141,11.663,34,65,5,21
1,280,280,artix7,xc7a75tfgg484-2,144,1.694,1,4,1,7
1,320,320,artix7,xc7a75tfgg484-2,144,2.192,1,4,1,7
10,320,320,artix7,xc7a75tfgg484-2,156,1.229,32,23,2,15
1,512,512,artix7,xc7a75tfgg484-2,144,5.55,2,4,1,10
10,512,512,artix7,xc7a75tfgg484-2,156,3.072,32,23,2,15
1,1024,1024,artix7,xc7a75tfgg484-2,144,21.924,2,4,1,10
10,1024,1024,artix7,xc7a75tfgg484-2,156,12.001,32,23,2,15
20,1024,1024,artix7,xc7a75tfgg484-2,141,12.001,33,47,3,14
30,1024,1024,artix7,xc7a75tfgg484-2,156,11.653,34,66,4,21
1,280,280,artix7,xc7a75tfgg484-2L,144,1.694,1,4,1,7
1,320,320,artix7,xc7a75tfgg484-2L,144,2.192,1,4,1,7
10,320,320,artix7,xc7a75tfgg484-2L,156,1.229,32,23,2,15
1,512,512,artix7,xc7a75tfgg484-2L,144,5.55,2,4,1,10
10,512,512,artix7,xc7a75tfgg484-2L,156,3.072,32,23,2,15
1,1024,1024,artix7,xc7a75tfgg484-2L,144,21.924,2,4,1,10
10,1024,1024,artix7,xc7a75tfgg484-2L,156,12.001,32,23,2,15
20,1024,1024,artix7,xc7a75tfgg484-2L,141,12.001,33,47,3,14
30,1024,1024,artix7,xc7a75tfgg484-2L,156,11.653,34,66,4,21
1,280,280,artix7,xc7a75tfgg484-3,145,1.694,1,4,1,7
1,320,320,artix7,xc7a75tfgg484-3,145,2.192,1,4,1,7
10,320,320,artix7,xc7a75tfgg484-3,139,1.226,32,23,2,15
1,512,512,artix7,xc7a75tfgg484-3,140,5.545,2,4,1,10
10,512,512,artix7,xc7a75tfgg484-3,138,3.067,32,23,2,15
1,1024,1024,artix7,xc7a75tfgg484-3,140,21.914,2,4,1,10
10,1024,1024,artix7,xc7a75tfgg484-3,145,11.991,32,23,2,15
20,1024,1024,artix7,xc7a75tfgg484-3,138,12.001,33,48,2,14
30,1024,1024,artix7,xc7a75tfgg484-3,138,11.653,34,65,3,21
1,280,280,artix7,xc7a75tfgg676-1,141,1.697,1,4,1,7
1,320,320,artix7,xc7a75tfgg676-1,141,2.198,1,4,1,7
10,320,320,artix7,xc7a75tfgg676-1,141,1.232,32,23,3,15
1,512,512,artix7,xc7a75tfgg676-1,138,5.56,2,4,1,10
10,512,512,artix7,xc7a75tfgg676-1,141,3.077,32,23,3,15
1,1024,1024,artix7,xc7a75tfgg676-1,138,21.944,2,4,1,10
10,1024,1024,artix7,xc7a75tfgg676-1,141,12.012,32,23,3,15
20,1024,1024,artix7,xc7a75tfgg676-1,141,12.012,33,48,4,14
30,1024,1024,artix7,xc7a75tfgg676-1,141,11.663,34,65,5,21
1,280,280,artix7,xc7a75tfgg676-2,144,1.694,1,4,1,7
1,320,320,artix7,xc7a75tfgg676-2,144,2.192,1,4,1,7
10,320,320,artix7,xc7a75tfgg676-2,156,1.229,32,23,2,15
1,512,512,artix7,xc7a75tfgg676-2,144,5.55,2,4,1,10
10,512,512,artix7,xc7a75tfgg676-2,156,3.072,32,23,2,15
1,1024,1024,artix7,xc7a75tfgg676-2,144,21.924,2,4,1,10
10,1024,1024,artix7,xc7a75tfgg676-2,156,12.001,32,23,2,15
20,1024,1024,artix7,xc7a75tfgg676-2,141,12.001,33,47,3,14
30,1024,1024,artix7,xc7a75tfgg676-2,156,11.653,34,66,4,21
1,280,280,artix7,xc7a75tfgg676-2L,144,1.694,1,4,1,7
1,320,320,artix7,xc7a75tfgg676-2L,144,2.192,1,4,1,7
10,320,320,artix7,xc7a75tfgg676-2L,156,1.229,32,23,2,15
1,512,512,artix7,xc7a75tfgg676-2L,144,5.55,2,4,1,10
10,512,512,artix7,xc7a75tfgg676-2L,156,3.072,32,23,2,15
1,1024,1024,artix7,xc7a75tfgg676-2L,144,21.924,2,4,1,10
10,1024,1024,artix7,xc7a75tfgg676-2L,156,12.001,32,23,2,15
20,1024,1024,artix7,xc7a75tfgg676-2L,141,12.001,33,47,3,14
30,1024,1024,artix7,xc7a75tfgg676-2L,156,11.653,34,66,4,21
1,280,280,artix7,xc7a75tfgg676-3,145,1.694,1,4,1,7
1,320,320,artix7,xc7a75tfgg676-3,145,2.192,1,4,1,7
10,320,320,artix7,xc7a75tfgg676-3,139,1.226,32,23,2,15
1,512,512,artix7,xc7a75tfgg676-3,140,5.545,2,4,1,10
10,512,512,artix7,xc7a75tfgg676-3,138,3.067,32,23,2,15
1,1024,1024,artix7,xc7a75tfgg676-3,140,21.914,2,4,1,10
10,1024,1024,artix7,xc7a75tfgg676-3,145,11.991,32,23,2,15
20,1024,1024,artix7,xc7a75tfgg676-3,138,12.001,33,48,2,14
30,1024,1024,artix7,xc7a75tfgg676-3,138,11.653,34,65,3,21
1,280,280,artix7,xc7a75tftg256-1,141,1.697,1,4,1,7
1,320,320,artix7,xc7a75tftg256-1,141,2.198,1,4,1,7
10,320,320,artix7,xc7a75tftg256-1,141,1.232,32,23,3,15
1,512,512,artix7,xc7a75tftg256-1,138,5.56,2,4,1,10
10,512,512,artix7,xc7a75tftg256-1,141,3.077,32,23,3,15
1,1024,1024,artix7,xc7a75tftg256-1,138,21.944,2,4,1,10
10,1024,1024,artix7,xc7a75tftg256-1,141,12.012,32,23,3,15
20,1024,1024,artix7,xc7a75tftg256-1,141,12.012,33,48,4,14
1,280,280,artix7,xc7a75tftg256-1,141,1.697,1,4,1,7
1,320,320,artix7,xc7a75tftg256-1,141,2.198,1,4,1,7
10,320,320,artix7,xc7a75tftg256-1,141,1.232,32,23,3,15
1,512,512,artix7,xc7a75tftg256-1,138,5.56,2,4,1,10
10,512,512,artix7,xc7a75tftg256-1,141,3.077,32,23,3,15
1,1024,1024,artix7,xc7a75tftg256-1,138,21.944,2,4,1,10
10,1024,1024,artix7,xc7a75tftg256-1,141,12.012,32,23,3,15
20,1024,1024,artix7,xc7a75tftg256-1,141,12.012,33,48,4,14
30,1024,1024,artix7,xc7a75tftg256-1,141,11.663,34,65,5,21
1,280,280,artix7,xc7a75tftg256-2,144,1.694,1,4,1,7
1,320,320,artix7,xc7a75tftg256-2,144,2.192,1,4,1,7
10,320,320,artix7,xc7a75tftg256-2,156,1.229,32,23,2,15
1,512,512,artix7,xc7a75tftg256-2,144,5.55,2,4,1,10
10,512,512,artix7,xc7a75tftg256-2,156,3.072,32,23,2,15
1,1024,1024,artix7,xc7a75tftg256-2,144,21.924,2,4,1,10
10,1024,1024,artix7,xc7a75tftg256-2,156,12.001,32,23,2,15
20,1024,1024,artix7,xc7a75tftg256-2,141,12.001,33,47,3,14
30,1024,1024,artix7,xc7a75tftg256-2,156,11.653,34,66,4,21
1,280,280,artix7,xc7a75tftg256-2L,144,1.694,1,4,1,7
1,320,320,artix7,xc7a75tftg256-2L,144,2.192,1,4,1,7
10,320,320,artix7,xc7a75tftg256-2L,156,1.229,32,23,2,15
1,512,512,artix7,xc7a75tftg256-2L,144,5.55,2,4,1,10
10,512,512,artix7,xc7a75tftg256-2L,156,3.072,32,23,2,15
1,1024,1024,artix7,xc7a75tftg256-2L,144,21.924,2,4,1,10
10,1024,1024,artix7,xc7a75tftg256-2L,156,12.001,32,23,2,15
20,1024,1024,artix7,xc7a75tftg256-2L,141,12.001,33,47,3,14
30,1024,1024,artix7,xc7a75tftg256-2L,156,11.653,34,66,4,21
1,280,280,artix7,xc7a75tftg256-3,145,1.694,1,4,1,7
1,320,320,artix7,xc7a75tftg256-3,145,2.192,1,4,1,7
10,320,320,artix7,xc7a75tftg256-3,139,1.226,32,23,2,15
1,512,512,artix7,xc7a75tftg256-3,140,5.545,2,4,1,10
10,512,512,artix7,xc7a75tftg256-3,138,3.067,32,23,2,15
1,1024,1024,artix7,xc7a75tftg256-3,140,21.914,2,4,1,10
10,1024,1024,artix7,xc7a75tftg256-3,145,11.991,32,23,2,15
20,1024,1024,artix7,xc7a75tftg256-3,138,12.001,33,48,2,14
30,1024,1024,artix7,xc7a75tftg256-3,138,11.653,34,65,3,21
1,280,280,artix7,xc7a75tcsg324-1,141,1.697,1,4,1,7
1,320,320,artix7,xc7a75tcsg324-1,141,2.198,1,4,1,7
10,320,320,artix7,xc7a75tcsg324-1,141,1.232,32,23,3,15
1,512,512,artix7,xc7a75tcsg324-1,138,5.56,2,4,1,10
10,512,512,artix7,xc7a75tcsg324-1,141,3.077,32,23,3,15
1,1024,1024,artix7,xc7a75tcsg324-1,138,21.944,2,4,1,10
10,1024,1024,artix7,xc7a75tcsg324-1,141,12.012,32,23,3,15
20,1024,1024,artix7,xc7a75tcsg324-1,141,12.012,33,48,4,14
30,1024,1024,artix7,xc7a75tcsg324-1,141,11.663,34,65,5,21
1,280,280,artix7,xc7a75tcsg324-2,144,1.694,1,4,1,7
1,320,320,artix7,xc7a75tcsg324-2,144,2.192,1,4,1,7
10,320,320,artix7,xc7a75tcsg324-2,156,1.229,32,23,2,15
1,512,512,artix7,xc7a75tcsg324-2,144,5.55,2,4,1,10
10,512,512,artix7,xc7a75tcsg324-2,156,3.072,32,23,2,15
1,1024,1024,artix7,xc7a75tcsg324-2,144,21.924,2,4,1,10
10,1024,1024,artix7,xc7a75tcsg324-2,156,12.001,32,23,2,15
20,1024,1024,artix7,xc7a75tcsg324-2,141,12.001,33,47,3,14
30,1024,1024,artix7,xc7a75tcsg324-2,156,11.653,34,66,4,21
1,280,280,artix7,xc7a75tcsg324-2L,144,1.694,1,4,1,7
1,320,320,artix7,xc7a75tcsg324-2L,144,2.192,1,4,1,7
10,320,320,artix7,xc7a75tcsg324-2L,156,1.229,32,23,2,15
1,512,512,artix7,xc7a75tcsg324-2L,144,5.55,2,4,1,10
10,512,512,artix7,xc7a75tcsg324-2L,156,3.072,32,23,2,15
1,1024,1024,artix7,xc7a75tcsg324-2L,144,21.924,2,4,1,10
10,1024,1024,artix7,xc7a75tcsg324-2L,156,12.001,32,23,2,15
20,1024,1024,artix7,xc7a75tcsg324-2L,141,12.001,33,47,3,14
30,1024,1024,artix7,xc7a75tcsg324-2L,156,11.653,34,66,4,21
1,280,280,artix7,xc7a75tcsg324-3,145,1.694,1,4,1,7
1,320,320,artix7,xc7a75tcsg324-3,145,2.192,1,4,1,7
10,320,320,artix7,xc7a75tcsg324-3,139,1.226,32,23,2,15
1,512,512,artix7,xc7a75tcsg324-3,140,5.545,2,4,1,10
10,512,512,artix7,xc7a75tcsg324-3,138,3.067,32,23,2,15
1,1024,1024,artix7,xc7a75tcsg324-3,140,21.914,2,4,1,10
10,1024,1024,artix7,xc7a75tcsg324-3,145,11.991,32,23,2,15
20,1024,1024,artix7,xc7a75tcsg324-3,138,12.001,33,48,2,14
30,1024,1024,artix7,xc7a75tcsg324-3,138,11.653,34,65,3,21
1,280,280,artix7,xc7a75ticsg324-1L,141,1.697,1,4,1,7
1,320,320,artix7,xc7a75ticsg324-1L,141,2.198,1,4,1,7
10,320,320,artix7,xc7a75ticsg324-1L,141,1.232,32,23,3,15
1,512,512,artix7,xc7a75ticsg324-1L,138,5.56,2,4,1,10
10,512,512,artix7,xc7a75ticsg324-1L,141,3.077,32,23,3,15
1,1024,1024,artix7,xc7a75ticsg324-1L,138,21.944,2,4,1,10
10,1024,1024,artix7,xc7a75ticsg324-1L,141,12.012,32,23,3,15
20,1024,1024,artix7,xc7a75ticsg324-1L,141,12.012,33,48,4,14
30,1024,1024,artix7,xc7a75ticsg324-1L,141,11.663,34,65,5,21
1,280,280,artix7,xc7a75tifgg484-1L,141,1.697,1,4,1,7
1,320,320,artix7,xc7a75tifgg484-1L,141,2.198,1,4,1,7
10,320,320,artix7,xc7a75tifgg484-1L,141,1.232,32,23,3,15
1,512,512,artix7,xc7a75tifgg484-1L,138,5.56,2,4,1,10
10,512,512,artix7,xc7a75tifgg484-1L,141,3.077,32,23,3,15
1,1024,1024,artix7,xc7a75tifgg484-1L,138,21.944,2,4,1,10
10,1024,1024,artix7,xc7a75tifgg484-1L,141,12.012,32,23,3,15
20,1024,1024,artix7,xc7a75tifgg484-1L,141,12.012,33,48,4,14
30,1024,1024,artix7,xc7a75tifgg484-1L,141,11.663,34,65,5,21
1,280,280,artix7,xc7a75tifgg676-1L,141,1.697,1,4,1,7
1,320,320,artix7,xc7a75tifgg676-1L,141,2.198,1,4,1,7
10,320,320,artix7,xc7a75tifgg676-1L,141,1.232,32,23,3,15
1,512,512,artix7,xc7a75tifgg676-1L,138,5.56,2,4,1,10
10,512,512,artix7,xc7a75tifgg676-1L,141,3.077,32,23,3,15
1,1024,1024,artix7,xc7a75tifgg676-1L,138,21.944,2,4,1,10
10,1024,1024,artix7,xc7a75tifgg676-1L,141,12.012,32,23,3,15
20,1024,1024,artix7,xc7a75tifgg676-1L,141,12.012,33,48,4,14
30,1024,1024,artix7,xc7a75tifgg676-1L,141,11.663,34,65,5,21
1,280,280,artix7,xc7a75tiftg256-1L,141,1.697,1,4,1,7
1,320,320,artix7,xc7a75tiftg256-1L,141,2.198,1,4,1,7
10,320,320,artix7,xc7a75tiftg256-1L,141,1.232,32,23,3,15
1,512,512,artix7,xc7a75tiftg256-1L,138,5.56,2,4,1,10
10,512,512,artix7,xc7a75tiftg256-1L,141,3.077,32,23,3,15
1,1024,1024,artix7,xc7a75tiftg256-1L,138,21.944,2,4,1,10
10,1024,1024,artix7,xc7a75tiftg256-1L,141,12.012,32,23,3,15
20,1024,1024,artix7,xc7a75tiftg256-1L,141,12.012,33,48,4,14
30,1024,1024,artix7,xc7a75tiftg256-1L,141,11.663,34,65,5,21
1,280,280,artix7,xc7a100tiftg256-1L,141,1.697,1,3,1,5
1,320,320,artix7,xc7a100tiftg256-1L,141,2.198,1,3,1,5
10,320,320,artix7,xc7a100tiftg256-1L,141,1.232,24,17,2,12
1,512,512,artix7,xc7a100tiftg256-1L,138,5.56,1,3,1,8
10,512,512,artix7,xc7a100tiftg256-1L,141,3.077,24,17,2,12
1,1024,1024,artix7,xc7a100tiftg256-1L,138,21.944,1,3,1,8
10,1024,1024,artix7,xc7a100tiftg256-1L,141,12.012,24,17,2,12
1,280,280,artix7,xc7a100tifgg676-1L,141,1.697,1,3,1,5
1,320,320,artix7,xc7a100tifgg676-1L,141,2.198,1,3,1,5
10,320,320,artix7,xc7a100tifgg676-1L,141,1.232,24,17,2,12
1,512,512,artix7,xc7a100tifgg676-1L,138,5.56,1,3,1,8
10,512,512,artix7,xc7a100tifgg676-1L,141,3.077,24,17,2,12
1,1024,1024,artix7,xc7a100tifgg676-1L,138,21.944,1,3,1,8
10,1024,1024,artix7,xc7a100tifgg676-1L,141,12.012,24,17,2,12
20,1024,1024,artix7,xc7a100tifgg676-1L,141,12.012,25,35,3,11
30,1024,1024,artix7,xc7a100tifgg676-1L,141,11.663,25,49,3,16
1,280,280,artix7,xc7a100tifgg484-1L,141,1.697,1,3,1,5
1,320,320,artix7,xc7a100tifgg484-1L,141,2.198,1,3,1,5
10,320,320,artix7,xc7a100tifgg484-1L,141,1.232,24,17,2,12
1,512,512,artix7,xc7a100tifgg484-1L,138,5.56,1,3,1,8
10,512,512,artix7,xc7a100tifgg484-1L,141,3.077,24,17,2,12
1,1024,1024,artix7,xc7a100tifgg484-1L,138,21.944,1,3,1,8
10,1024,1024,artix7,xc7a100tifgg484-1L,141,12.012,24,17,2,12
20,1024,1024,artix7,xc7a100tifgg484-1L,141,12.012,25,35,3,11
30,1024,1024,artix7,xc7a100tifgg484-1L,141,11.663,25,49,3,16
1,280,280,artix7,xc7a100ticsg324-1L,141,1.697,1,3,1,5
1,320,320,artix7,xc7a100ticsg324-1L,141,2.198,1,3,1,5
10,320,320,artix7,xc7a100ticsg324-1L,141,1.232,24,17,2,12
1,512,512,artix7,xc7a100ticsg324-1L,138,5.56,1,3,1,8
10,512,512,artix7,xc7a100ticsg324-1L,141,3.077,24,17,2,12
1,1024,1024,artix7,xc7a100ticsg324-1L,138,21.944,1,3,1,8
10,1024,1024,artix7,xc7a100ticsg324-1L,141,12.012,24,17,2,12
20,1024,1024,artix7,xc7a100ticsg324-1L,141,12.012,25,35,3,11
30,1024,1024,artix7,xc7a100ticsg324-1L,141,11.663,25,49,3,16
1,280,280,artix7,xc7a100tftg256-1,141,1.697,1,3,1,5
1,320,320,artix7,xc7a100tftg256-1,141,2.198,1,3,1,5
10,320,320,artix7,xc7a100tftg256-1,141,1.232,24,17,2,12
1,512,512,artix7,xc7a100tftg256-1,138,5.56,1,3,1,8
10,512,512,artix7,xc7a100tftg256-1,141,3.077,24,17,2,12
1,1024,1024,artix7,xc7a100tftg256-1,138,21.944,1,3,1,8
10,1024,1024,artix7,xc7a100tftg256-1,141,12.012,24,17,2,12
20,1024,1024,artix7,xc7a100tftg256-1,141,12.012,25,35,3,11
30,1024,1024,artix7,xc7a100tftg256-1,141,11.663,25,49,3,16
1,280,280,artix7,xc7a100tftg256-2,144,1.694,1,3,1,5
1,320,320,artix7,xc7a100tftg256-2,144,2.192,1,3,1,5
10,320,320,artix7,xc7a100tftg256-2,156,1.229,24,17,1,12
1,512,512,artix7,xc7a100tftg256-2,144,5.55,1,3,1,8
10,512,512,artix7,xc7a100tftg256-2,156,3.072,24,17,1,12
1,1024,1024,artix7,xc7a100tftg256-2,144,21.924,1,3,1,8
10,1024,1024,artix7,xc7a100tftg256-2,156,12.001,24,17,1,12
20,1024,1024,artix7,xc7a100tftg256-2,141,12.001,25,35,2,11
30,1024,1024,artix7,xc7a100tftg256-2,156,11.653,25,49,3,16
1,280,280,artix7,xc7a100tftg256-2L,144,1.694,1,3,1,5
1,320,320,artix7,xc7a100tftg256-2L,144,2.192,1,3,1,5
10,320,320,artix7,xc7a100tftg256-2L,156,1.229,24,17,1,12
1,512,512,artix7,xc7a100tftg256-2L,144,5.55,1,3,1,8
10,512,512,artix7,xc7a100tftg256-2L,156,3.072,24,17,1,12
1,1024,1024,artix7,xc7a100tftg256-2L,144,21.924,1,3,1,8
10,1024,1024,artix7,xc7a100tftg256-2L,156,12.001,24,17,1,12
20,1024,1024,artix7,xc7a100tftg256-2L,141,12.001,25,35,2,11
30,1024,1024,artix7,xc7a100tftg256-2L,156,11.653,25,49,3,16
1,280,280,artix7,xc7a100tftg256-3,145,1.694,1,3,1,5
1,320,320,artix7,xc7a100tftg256-3,145,2.192,1,3,1,5
10,320,320,artix7,xc7a100tftg256-3,139,1.226,24,17,1,12
1,512,512,artix7,xc7a100tftg256-3,140,5.545,1,3,1,8
10,512,512,artix7,xc7a100tftg256-3,138,3.067,24,17,1,12
1,1024,1024,artix7,xc7a100tftg256-3,140,21.914,1,3,1,8
10,1024,1024,artix7,xc7a100tftg256-3,145,11.991,24,17,1,12
20,1024,1024,artix7,xc7a100tftg256-3,138,12.001,25,35,2,11
30,1024,1024,artix7,xc7a100tftg256-3,138,11.653,25,48,2,16
1,280,280,artix7,xc7a100tfgg676-1,141,1.697,1,3,1,5
1,320,320,artix7,xc7a100tfgg676-1,141,2.198,1,3,1,5
10,320,320,artix7,xc7a100tfgg676-1,141,1.232,24,17,2,12
1,512,512,artix7,xc7a100tfgg676-1,138,5.56,1,3,1,8
10,512,512,artix7,xc7a100tfgg676-1,141,3.077,24,17,2,12
1,1024,1024,artix7,xc7a100tfgg676-1,138,21.944,1,3,1,8
10,1024,1024,artix7,xc7a100tfgg676-1,141,12.012,24,17,2,12
20,1024,1024,artix7,xc7a100tfgg676-1,141,12.012,25,35,3,11
30,1024,1024,artix7,xc7a100tfgg676-1,141,11.663,25,49,3,16
1,280,280,artix7,xc7a100tfgg676-2,144,1.694,1,3,1,5
1,320,320,artix7,xc7a100tfgg676-2,144,2.192,1,3,1,5
10,320,320,artix7,xc7a100tfgg676-2,156,1.229,24,17,1,12
1,512,512,artix7,xc7a100tfgg676-2,144,5.55,1,3,1,8
10,512,512,artix7,xc7a100tfgg676-2,156,3.072,24,17,1,12
1,1024,1024,artix7,xc7a100tfgg676-2,144,21.924,1,3,1,8
10,1024,1024,artix7,xc7a100tfgg676-2,156,12.001,24,17,1,12
20,1024,1024,artix7,xc7a100tfgg676-2,141,12.001,25,35,2,11
30,1024,1024,artix7,xc7a100tfgg676-2,156,11.653,25,49,3,16
1,280,280,artix7,xc7a100tfgg676-2L,144,1.694,1,3,1,5
1,320,320,artix7,xc7a100tfgg676-2L,144,2.192,1,3,1,5
10,320,320,artix7,xc7a100tfgg676-2L,156,1.229,24,17,1,12
1,512,512,artix7,xc7a100tfgg676-2L,144,5.55,1,3,1,8
10,512,512,artix7,xc7a100tfgg676-2L,156,3.072,24,17,1,12
1,1024,1024,artix7,xc7a100tfgg676-2L,144,21.924,1,3,1,8
10,1024,1024,artix7,xc7a100tfgg676-2L,156,12.001,24,17,1,12
20,1024,1024,artix7,xc7a100tfgg676-2L,141,12.001,25,35,2,11
30,1024,1024,artix7,xc7a100tfgg676-2L,156,11.653,25,49,3,16
1,280,280,artix7,xc7a100tfgg676-3,145,1.694,1,3,1,5
1,320,320,artix7,xc7a100tfgg676-3,145,2.192,1,3,1,5
10,320,320,artix7,xc7a100tfgg676-3,139,1.226,24,17,1,12
1,512,512,artix7,xc7a100tfgg676-3,140,5.545,1,3,1,8
10,512,512,artix7,xc7a100tfgg676-3,138,3.067,24,17,1,12
1,1024,1024,artix7,xc7a100tfgg676-3,140,21.914,1,3,1,8
10,1024,1024,artix7,xc7a100tfgg676-3,145,11.991,24,17,1,12
20,1024,1024,artix7,xc7a100tfgg676-3,138,12.001,25,35,2,11
30,1024,1024,artix7,xc7a100tfgg676-3,138,11.653,25,48,2,16
1,280,280,artix7,xc7a100tfgg484-1,141,1.697,1,3,1,5
1,320,320,artix7,xc7a100tfgg484-1,141,2.198,1,3,1,5
10,320,320,artix7,xc7a100tfgg484-1,141,1.232,24,17,2,12
1,512,512,artix7,xc7a100tfgg484-1,138,5.56,1,3,1,8
10,512,512,artix7,xc7a100tfgg484-1,141,3.077,24,17,2,12
1,1024,1024,artix7,xc7a100tfgg484-1,138,21.944,1,3,1,8
10,1024,1024,artix7,xc7a100tfgg484-1,141,12.012,24,17,2,12
20,1024,1024,artix7,xc7a100tfgg484-1,141,12.012,25,35,3,11
30,1024,1024,artix7,xc7a100tfgg484-1,141,11.663,25,49,3,16
1,280,280,artix7,xc7a100tfgg484-2,144,1.694,1,3,1,5
1,320,320,artix7,xc7a100tfgg484-2,144,2.192,1,3,1,5
10,320,320,artix7,xc7a100tfgg484-2,156,1.229,24,17,1,12
1,512,512,artix7,xc7a100tfgg484-2,144,5.55,1,3,1,8
10,512,512,artix7,xc7a100tfgg484-2,156,3.072,24,17,1,12
1,1024,1024,artix7,xc7a100tfgg484-2,144,21.924,1,3,1,8
10,1024,1024,artix7,xc7a100tfgg484-2,156,12.001,24,17,1,12
1,280,280,artix7,xc7a100tfgg484-2L,144,1.694,1,3,1,5
1,320,320,artix7,xc7a100tfgg484-2L,144,2.192,1,3,1,5
10,320,320,artix7,xc7a100tfgg484-2L,156,1.229,24,17,1,12
1,512,512,artix7,xc7a100tfgg484-2L,144,5.55,1,3,1,8
10,512,512,artix7,xc7a100tfgg484-2L,156,3.072,24,17,1,12
1,1024,1024,artix7,xc7a100tfgg484-2L,144,21.924,1,3,1,8
10,1024,1024,artix7,xc7a100tfgg484-2L,156,12.001,24,17,1,12
20,1024,1024,artix7,xc7a100tfgg484-2L,141,12.001,25,35,2,11
30,1024,1024,artix7,xc7a100tfgg484-2L,156,11.653,25,49,3,16
1,280,280,artix7,xc7a100tfgg484-3,145,1.694,1,3,1,5
1,320,320,artix7,xc7a100tfgg484-3,145,2.192,1,3,1,5
10,320,320,artix7,xc7a100tfgg484-3,139,1.226,24,17,1,12
1,512,512,artix7,xc7a100tfgg484-3,140,5.545,1,3,1,8
10,512,512,artix7,xc7a100tfgg484-3,138,3.067,24,17,1,12
1,1024,1024,artix7,xc7a100tfgg484-3,140,21.914,1,3,1,8
10,1024,1024,artix7,xc7a100tfgg484-3,145,11.991,24,17,1,12
20,1024,1024,artix7,xc7a100tfgg484-3,138,12.001,25,35,2,11
30,1024,1024,artix7,xc7a100tfgg484-3,138,11.653,25,48,2,16
1,280,280,artix7,xc7a100tcsg324-1,141,1.697,1,3,1,5
1,320,320,artix7,xc7a100tcsg324-1,141,2.198,1,3,1,5
10,320,320,artix7,xc7a100tcsg324-1,141,1.232,24,17,2,12
1,512,512,artix7,xc7a100tcsg324-1,138,5.56,1,3,1,8
10,512,512,artix7,xc7a100tcsg324-1,141,3.077,24,17,2,12
1,1024,1024,artix7,xc7a100tcsg324-1,138,21.944,1,3,1,8
10,1024,1024,artix7,xc7a100tcsg324-1,141,12.012,24,17,2,12
20,1024,1024,artix7,xc7a100tcsg324-1,141,12.012,25,35,3,11
30,1024,1024,artix7,xc7a100tcsg324-1,141,11.663,25,49,3,16
1,280,280,artix7,xc7a100tcsg324-2,144,1.694,1,3,1,5
1,320,320,artix7,xc7a100tcsg324-2,144,2.192,1,3,1,5
10,320,320,artix7,xc7a100tcsg324-2,156,1.229,24,17,1,12
1,512,512,artix7,xc7a100tcsg324-2,144,5.55,1,3,1,8
10,512,512,artix7,xc7a100tcsg324-2,156,3.072,24,17,1,12
1,1024,1024,artix7,xc7a100tcsg324-2,144,21.924,1,3,1,8
10,1024,1024,artix7,xc7a100tcsg324-2,156,12.001,24,17,1,12
20,1024,1024,artix7,xc7a100tcsg324-2,141,12.001,25,35,2,11
30,1024,1024,artix7,xc7a100tcsg324-2,156,11.653,25,49,3,16
1,280,280,artix7,xc7a100tcsg324-2L,144,1.694,1,3,1,5
1,320,320,artix7,xc7a100tcsg324-2L,144,2.192,1,3,1,5
10,320,320,artix7,xc7a100tcsg324-2L,156,1.229,24,17,1,12
1,512,512,artix7,xc7a100tcsg324-2L,144,5.55,1,3,1,8
10,512,512,artix7,xc7a100tcsg324-2L,156,3.072,24,17,1,12
1,1024,1024,artix7,xc7a100tcsg324-2L,144,21.924,1,3,1,8
10,1024,1024,artix7,xc7a100tcsg324-2L,156,12.001,24,17,1,12
20,1024,1024,artix7,xc7a100tcsg324-2L,141,12.001,25,35,2,11
30,1024,1024,artix7,xc7a100tcsg324-2L,156,11.653,25,49,3,16
1,280,280,artix7,xc7a100tcsg324-3,145,1.694,1,3,1,5
1,320,320,artix7,xc7a100tcsg324-3,145,2.192,1,3,1,5
10,320,320,artix7,xc7a100tcsg324-3,139,1.226,24,17,1,12
1,512,512,artix7,xc7a100tcsg324-3,140,5.545,1,3,1,8
10,512,512,artix7,xc7a100tcsg324-3,138,3.067,24,17,1,12
1,1024,1024,artix7,xc7a100tcsg324-3,140,21.914,1,3,1,8
10,1024,1024,artix7,xc7a100tcsg324-3,145,11.991,24,17,1,12
20,1024,1024,artix7,xc7a100tcsg324-3,138,12.001,25,35,2,11
30,1024,1024,artix7,xc7a100tcsg324-3,138,11.653,25,48,2,16
1,280,280,artix7,xc7a200tfbg484-1,141,1.697,0,1,0,2
1,320,320,artix7,xc7a200tfbg484-1,141,2.198,0,1,0,2
10,320,320,artix7,xc7a200tfbg484-1,141,1.232,7,8,1,4
1,512,512,artix7,xc7a200tfbg484-1,138,5.56,0,1,0,3
10,512,512,artix7,xc7a200tfbg484-1,141,3.077,7,8,1,4
1,1024,1024,artix7,xc7a200tfbg484-1,138,21.944,0,1,0,3
10,1024,1024,artix7,xc7a200tfbg484-1,141,12.012,7,8,1,4
20,1024,1024,artix7,xc7a200tfbg484-1,141,12.012,8,16,1,4
30,1024,1024,artix7,xc7a200tfbg484-1,141,11.663,8,23,1,6
1,280,280,artix7,xc7a200tfbg484-2,144,1.694,0,1,0,2
1,320,320,artix7,xc7a200tfbg484-2,144,2.192,0,1,0,2
10,320,320,artix7,xc7a200tfbg484-2,156,1.229,7,8,0,4
1,512,512,artix7,xc7a200tfbg484-2,144,5.55,0,1,0,3
10,512,512,artix7,xc7a200tfbg484-2,156,3.072,7,8,0,4
1,1024,1024,artix7,xc7a200tfbg484-2,144,21.924,0,1,0,3
10,1024,1024,artix7,xc7a200tfbg484-2,156,12.001,7,8,0,4
20,1024,1024,artix7,xc7a200tfbg484-2,141,12.001,8,16,1,4
30,1024,1024,artix7,xc7a200tfbg484-2,156,11.653,8,23,1,6
1,280,280,artix7,xc7a200tfbg484-2L,144,1.694,0,1,0,2
1,320,320,artix7,xc7a200tfbg484-2L,144,2.192,0,1,0,2
10,320,320,artix7,xc7a200tfbg484-2L,156,1.229,7,8,0,4
1,512,512,artix7,xc7a200tfbg484-2L,144,5.55,0,1,0,3
10,512,512,artix7,xc7a200tfbg484-2L,156,3.072,7,8,0,4
1,1024,1024,artix7,xc7a200tfbg484-2L,144,21.924,0,1,0,3
10,1024,1024,artix7,xc7a200tfbg484-2L,156,12.001,7,8,0,4
20,1024,1024,artix7,xc7a200tfbg484-2L,141,12.001,8,16,1,4
30,1024,1024,artix7,xc7a200tfbg484-2L,156,11.653,8,23,1,6
1,280,280,artix7,xc7a200tfbg484-3,145,1.694,0,1,0,2
1,320,320,artix7,xc7a200tfbg484-3,145,2.192,0,1,0,2
10,320,320,artix7,xc7a200tfbg484-3,139,1.226,7,8,0,4
1,512,512,artix7,xc7a200tfbg484-3,140,5.545,0,1,0,3
10,512,512,artix7,xc7a200tfbg484-3,138,3.067,7,8,0,4
1,1024,1024,artix7,xc7a200tfbg484-3,140,21.914,0,1,0,3
10,1024,1024,artix7,xc7a200tfbg484-3,145,11.991,7,8,0,4
20,1024,1024,artix7,xc7a200tfbg484-3,138,12.001,8,16,1,4
30,1024,1024,artix7,xc7a200tfbg484-3,138,11.653,8,23,1,6
1,280,280,artix7,xc7a200tfbg676-1,141,1.697,0,1,0,2
1,320,320,artix7,xc7a200tfbg676-1,141,2.198,0,1,0,2
10,320,320,artix7,xc7a200tfbg676-1,141,1.232,7,8,1,4
1,512,512,artix7,xc7a200tfbg676-1,138,5.56,0,1,0,3
10,512,512,artix7,xc7a200tfbg676-1,141,3.077,7,8,1,4
1,1024,1024,artix7,xc7a200tfbg676-1,138,21.944,0,1,0,3
10,1024,1024,artix7,xc7a200tfbg676-1,141,12.012,7,8,1,4
20,1024,1024,artix7,xc7a200tfbg676-1,141,12.012,8,16,1,4
30,1024,1024,artix7,xc7a200tfbg676-1,141,11.663,8,23,1,6
1,280,280,artix7,xc7a200tfbg676-2,144,1.694,0,1,0,2
1,320,320,artix7,xc7a200tfbg676-2,144,2.192,0,1,0,2
10,320,320,artix7,xc7a200tfbg676-2,156,1.229,7,8,0,4
1,512,512,artix7,xc7a200tfbg676-2,144,5.55,0,1,0,3
10,512,512,artix7,xc7a200tfbg676-2,156,3.072,7,8,0,4
1,1024,1024,artix7,xc7a200tfbg676-2,144,21.924,0,1,0,3
10,1024,1024,artix7,xc7a200tfbg676-2,156,12.001,7,8,0,4
20,1024,1024,artix7,xc7a200tfbg676-2,141,12.001,8,16,1,4
30,1024,1024,artix7,xc7a200tfbg676-2,156,11.653,8,23,1,6
1,280,280,artix7,xc7a200tfbg676-2L,144,1.694,0,1,0,2
1,320,320,artix7,xc7a200tfbg676-2L,144,2.192,0,1,0,2
10,320,320,artix7,xc7a200tfbg676-2L,156,1.229,7,8,0,4
1,512,512,artix7,xc7a200tfbg676-2L,144,5.55,0,1,0,3
10,512,512,artix7,xc7a200tfbg676-2L,156,3.072,7,8,0,4
1,1024,1024,artix7,xc7a200tfbg676-2L,144,21.924,0,1,0,3
10,1024,1024,artix7,xc7a200tfbg676-2L,156,12.001,7,8,0,4
1,280,280,artix7,xc7a200tsbv484-1,141,1.697,0,1,0,2
1,320,320,artix7,xc7a200tsbv484-1,141,2.198,0,1,0,2
10,320,320,artix7,xc7a200tsbv484-1,141,1.232,7,8,1,4
1,512,512,artix7,xc7a200tsbv484-1,138,5.56,0,1,0,3
10,512,512,artix7,xc7a200tsbv484-1,141,3.077,7,8,1,4
1,1024,1024,artix7,xc7a200tsbv484-1,138,21.944,0,1,0,3
10,1024,1024,artix7,xc7a200tsbv484-1,141,12.012,7,8,1,4
20,1024,1024,artix7,xc7a200tsbv484-1,141,12.012,8,16,1,4
30,1024,1024,artix7,xc7a200tsbv484-1,141,11.663,8,23,1,6
1,280,280,artix7,xc7a200tsbv484-2,144,1.694,0,1,0,2
1,320,320,artix7,xc7a200tsbv484-2,144,2.192,0,1,0,2
10,320,320,artix7,xc7a200tsbv484-2,156,1.229,7,8,0,4
1,512,512,artix7,xc7a200tsbv484-2,144,5.55,0,1,0,3
10,512,512,artix7,xc7a200tsbv484-2,156,3.072,7,8,0,4
1,1024,1024,artix7,xc7a200tsbv484-2,144,21.924,0,1,0,3
10,1024,1024,artix7,xc7a200tsbv484-2,156,12.001,7,8,0,4
20,1024,1024,artix7,xc7a200tsbv484-2,141,12.001,8,16,1,4
30,1024,1024,artix7,xc7a200tsbv484-2,156,11.653,8,23,1,6
1,280,280,artix7,xc7a200tsbv484-2L,144,1.694,0,1,0,2
1,320,320,artix7,xc7a200tsbv484-2L,144,2.192,0,1,0,2
10,320,320,artix7,xc7a200tsbv484-2L,156,1.229,7,8,0,4
1,512,512,artix7,xc7a200tsbv484-2L,144,5.55,0,1,0,3
10,512,512,artix7,xc7a200tsbv484-2L,156,3.072,7,8,0,4
1,1024,1024,artix7,xc7a200tsbv484-2L,144,21.924,0,1,0,3
10,1024,1024,artix7,xc7a200tsbv484-2L,156,12.001,7,8,0,4
20,1024,1024,artix7,xc7a200tsbv484-2L,141,12.001,8,16,1,4
30,1024,1024,artix7,xc7a200tsbv484-2L,156,11.653,8,23,1,6
1,280,280,artix7,xc7a200tsbv484-3,145,1.694,0,1,0,2
1,320,320,artix7,xc7a200tsbv484-3,145,2.192,0,1,0,2
10,320,320,artix7,xc7a200tsbv484-3,139,1.226,7,8,0,4
1,512,512,artix7,xc7a200tsbv484-3,140,5.545,0,1,0,3
10,512,512,artix7,xc7a200tsbv484-3,138,3.067,7,8,0,4
1,1024,1024,artix7,xc7a200tsbv484-3,140,21.914,0,1,0,3
10,1024,1024,artix7,xc7a200tsbv484-3,145,11.991,7,8,0,4
20,1024,1024,artix7,xc7a200tsbv484-3,138,12.001,8,16,1,4
30,1024,1024,artix7,xc7a200tsbv484-3,138,11.653,8,23,1,6
1,280,280,artix7,xc7a200tffv1156-1,141,1.697,0,1,0,2
1,320,320,artix7,xc7a200tffv1156-1,141,2.198,0,1,0,2
10,320,320,artix7,xc7a200tffv1156-1,141,1.232,7,8,1,4
1,512,512,artix7,xc7a200tffv1156-1,138,5.56,0,1,0,3
10,512,512,artix7,xc7a200tffv1156-1,141,3.077,7,8,1,4
1,1024,1024,artix7,xc7a200tffv1156-1,138,21.944,0,1,0,3
10,1024,1024,artix7,xc7a200tffv1156-1,141,12.012,7,8,1,4
20,1024,1024,artix7,xc7a200tffv1156-1,141,12.012,8,16,1,4
30,1024,1024,artix7,xc7a200tffv1156-1,141,11.663,8,23,1,6
1,280,280,artix7,xc7a200tffv1156-2,144,1.694,0,1,0,2
1,320,320,artix7,xc7a200tffv1156-2,144,2.192,0,1,0,2
10,320,320,artix7,xc7a200tffv1156-2,156,1.229,7,8,0,4
1,512,512,artix7,xc7a200tffv1156-2,144,5.55,0,1,0,3
10,512,512,artix7,xc7a200tffv1156-2,156,3.072,7,8,0,4
1,1024,1024,artix7,xc7a200tffv1156-2,144,21.924,0,1,0,3
10,1024,1024,artix7,xc7a200tffv1156-2,156,12.001,7,8,0,4
20,1024,1024,artix7,xc7a200tffv1156-2,141,12.001,8,16,1,4
30,1024,1024,artix7,xc7a200tffv1156-2,156,11.653,8,23,1,6
1,280,280,artix7,xc7a200tffv1156-2L,144,1.694,0,1,0,2
1,320,320,artix7,xc7a200tffv1156-2L,144,2.192,0,1,0,2
10,320,320,artix7,xc7a200tffv1156-2L,156,1.229,7,8,0,4
1,512,512,artix7,xc7a200tffv1156-2L,144,5.55,0,1,0,3
10,512,512,artix7,xc7a200tffv1156-2L,156,3.072,7,8,0,4
1,1024,1024,artix7,xc7a200tffv1156-2L,144,21.924,0,1,0,3
10,1024,1024,artix7,xc7a200tffv1156-2L,156,12.001,7,8,0,4
20,1024,1024,artix7,xc7a200tffv1156-2L,141,12.001,8,16,1,4
30,1024,1024,artix7,xc7a200tffv1156-2L,156,11.653,8,23,1,6
1,280,280,artix7,xc7a200tffv1156-3,145,1.694,0,1,0,2
1,320,320,artix7,xc7a200tffv1156-3,145,2.192,0,1,0,2
10,320,320,artix7,xc7a200tffv1156-3,139,1.226,7,8,0,4
1,512,512,artix7,xc7a200tffv1156-3,140,5.545,0,1,0,3
10,512,512,artix7,xc7a200tffv1156-3,138,3.067,7,8,0,4
1,1024,1024,artix7,xc7a200tffv1156-3,140,21.914,0,1,0,3
10,1024,1024,artix7,xc7a200tffv1156-3,145,11.991,7,8,0,4
20,1024,1024,artix7,xc7a200tffv1156-3,138,12.001,8,16,1,4
30,1024,1024,artix7,xc7a200tffv1156-3,138,11.653,8,23,1,6
1,280,280,artix7,xc7a200tsbg484-1,141,1.697,0,1,0,2
1,320,320,artix7,xc7a200tsbg484-1,141,2.198,0,1,0,2
10,320,320,artix7,xc7a200tsbg484-1,141,1.232,7,8,1,4
1,512,512,artix7,xc7a200tsbg484-1,138,5.56,0,1,0,3
10,512,512,artix7,xc7a200tsbg484-1,141,3.077,7,8,1,4
1,1024,1024,artix7,xc7a200tsbg484-1,138,21.944,0,1,0,3
10,1024,1024,artix7,xc7a200tsbg484-1,141,12.012,7,8,1,4
20,1024,1024,artix7,xc7a200tsbg484-1,141,12.012,8,16,1,4
30,1024,1024,artix7,xc7a200tsbg484-1,141,11.663,8,23,1,6
1,280,280,artix7,xc7a200tsbg484-2,144,1.694,0,1,0,2
1,320,320,artix7,xc7a200tsbg484-2,144,2.192,0,1,0,2
10,320,320,artix7,xc7a200tsbg484-2,156,1.229,7,8,0,4
1,512,512,artix7,xc7a200tsbg484-2,144,5.55,0,1,0,3
10,512,512,artix7,xc7a200tsbg484-2,156,3.072,7,8,0,4
1,1024,1024,artix7,xc7a200tsbg484-2,144,21.924,0,1,0,3
10,1024,1024,artix7,xc7a200tsbg484-2,156,12.001,7,8,0,4
20,1024,1024,artix7,xc7a200tsbg484-2,141,12.001,8,16,1,4
30,1024,1024,artix7,xc7a200tsbg484-2,156,11.653,8,23,1,6
1,280,280,artix7,xc7a200tsbg484-2L,144,1.694,0,1,0,2
1,320,320,artix7,xc7a200tsbg484-2L,144,2.192,0,1,0,2
10,320,320,artix7,xc7a200tsbg484-2L,156,1.229,7,8,0,4
1,512,512,artix7,xc7a200tsbg484-2L,144,5.55,0,1,0,3
10,512,512,artix7,xc7a200tsbg484-2L,156,3.072,7,8,0,4
1,1024,1024,artix7,xc7a200tsbg484-2L,144,21.924,0,1,0,3
10,1024,1024,artix7,xc7a200tsbg484-2L,156,12.001,7,8,0,4
20,1024,1024,artix7,xc7a200tsbg484-2L,141,12.001,8,16,1,4
30,1024,1024,artix7,xc7a200tsbg484-2L,156,11.653,8,23,1,6
1,280,280,artix7,xc7a200tsbg484-3,145,1.694,0,1,0,2
1,320,320,artix7,xc7a200tsbg484-3,145,2.192,0,1,0,2
10,320,320,artix7,xc7a200tsbg484-3,139,1.226,7,8,0,4
1,512,512,artix7,xc7a200tsbg484-3,140,5.545,0,1,0,3
10,512,512,artix7,xc7a200tsbg484-3,138,3.067,7,8,0,4
1,1024,1024,artix7,xc7a200tsbg484-3,140,21.914,0,1,0,3
10,1024,1024,artix7,xc7a200tsbg484-3,145,11.991,7,8,0,4
20,1024,1024,artix7,xc7a200tsbg484-3,138,12.001,8,16,1,4
30,1024,1024,artix7,xc7a200tsbg484-3,138,11.653,8,23,1,6
1,280,280,artix7,xc7a200tisbv484-1L,141,1.697,0,1,0,2
1,320,320,artix7,xc7a200tisbv484-1L,141,2.198,0,1,0,2
10,320,320,artix7,xc7a200tisbv484-1L,141,1.232,7,8,1,4
1,512,512,artix7,xc7a200tisbv484-1L,138,5.56,0,1,0,3
10,512,512,artix7,xc7a200tisbv484-1L,141,3.077,7,8,1,4
1,1024,1024,artix7,xc7a200tisbv484-1L,138,21.944,0,1,0,3
10,1024,1024,artix7,xc7a200tisbv484-1L,141,12.012,7,8,1,4
1,280,280,artix7,xc7a200tisbg484-1L,141,1.697,0,1,0,2
1,320,320,artix7,xc7a200tisbg484-1L,141,2.198,0,1,0,2
10,320,320,artix7,xc7a200tisbg484-1L,141,1.232,7,8,1,4
1,512,512,artix7,xc7a200tisbg484-1L,138,5.56,0,1,0,3
10,512,512,artix7,xc7a200tisbg484-1L,141,3.077,7,8,1,4
1,1024,1024,artix7,xc7a200tisbg484-1L,138,21.944,0,1,0,3
10,1024,1024,artix7,xc7a200tisbg484-1L,141,12.012,7,8,1,4
20,1024,1024,artix7,xc7a200tisbg484-1L,141,12.012,8,16,1,4
30,1024,1024,artix7,xc7a200tisbg484-1L,141,11.663,8,23,1,6
1,280,280,artix7,xc7a200tiffv1156-1L,141,1.697,0,1,0,2
1,320,320,artix7,xc7a200tiffv1156-1L,141,2.198,0,1,0,2
10,320,320,artix7,xc7a200tiffv1156-1L,141,1.232,7,8,1,4
1,512,512,artix7,xc7a200tiffv1156-1L,138,5.56,0,1,0,3
10,512,512,artix7,xc7a200tiffv1156-1L,141,3.077,7,8,1,4
1,1024,1024,artix7,xc7a200tiffv1156-1L,138,21.944,0,1,0,3
10,1024,1024,artix7,xc7a200tiffv1156-1L,141,12.012,7,8,1,4
20,1024,1024,artix7,xc7a200tiffv1156-1L,141,12.012,8,16,1,4
30,1024,1024,artix7,xc7a200tiffv1156-1L,141,11.663,8,23,1,6
1,280,280,artix7,xc7a200tiffg1156-1L,141,1.697,0,1,0,2
1,320,320,artix7,xc7a200tiffg1156-1L,141,2.198,0,1,0,2
10,320,320,artix7,xc7a200tiffg1156-1L,141,1.232,7,8,1,4
1,512,512,artix7,xc7a200tiffg1156-1L,138,5.56,0,1,0,3
10,512,512,artix7,xc7a200tiffg1156-1L,141,3.077,7,8,1,4
1,1024,1024,artix7,xc7a200tiffg1156-1L,138,21.944,0,1,0,3
10,1024,1024,artix7,xc7a200tiffg1156-1L,141,12.012,7,8,1,4
20,1024,1024,artix7,xc7a200tiffg1156-1L,141,12.012,8,16,1,4
30,1024,1024,artix7,xc7a200tiffg1156-1L,141,11.663,8,23,1,6
1,280,280,artix7,xc7a200tifbv676-1L,141,1.697,0,1,0,2
1,320,320,artix7,xc7a200tifbv676-1L,141,2.198,0,1,0,2
10,320,320,artix7,xc7a200tifbv676-1L,141,1.232,7,8,1,4
1,512,512,artix7,xc7a200tifbv676-1L,138,5.56,0,1,0,3
10,512,512,artix7,xc7a200tifbv676-1L,141,3.077,7,8,1,4
1,1024,1024,artix7,xc7a200tifbv676-1L,138,21.944,0,1,0,3
10,1024,1024,artix7,xc7a200tifbv676-1L,141,12.012,7,8,1,4
20,1024,1024,artix7,xc7a200tifbv676-1L,141,12.012,8,16,1,4
30,1024,1024,artix7,xc7a200tifbv676-1L,141,11.663,8,23,1,6
1,280,280,artix7,xc7a200tifbv484-1L,141,1.697,0,1,0,2
1,320,320,artix7,xc7a200tifbv484-1L,141,2.198,0,1,0,2
10,320,320,artix7,xc7a200tifbv484-1L,141,1.232,7,8,1,4
1,512,512,artix7,xc7a200tifbv484-1L,138,5.56,0,1,0,3
10,512,512,artix7,xc7a200tifbv484-1L,141,3.077,7,8,1,4
1,1024,1024,artix7,xc7a200tifbv484-1L,138,21.944,0,1,0,3
10,1024,1024,artix7,xc7a200tifbv484-1L,141,12.012,7,8,1,4
20,1024,1024,artix7,xc7a200tifbv484-1L,141,12.012,8,16,1,4
30,1024,1024,artix7,xc7a200tifbv484-1L,141,11.663,8,23,1,6
1,280,280,artix7,xc7a200tifbg676-1L,141,1.697,0,1,0,2
1,320,320,artix7,xc7a200tifbg676-1L,141,2.198,0,1,0,2
10,320,320,artix7,xc7a200tifbg676-1L,141,1.232,7,8,1,4
1,512,512,artix7,xc7a200tifbg676-1L,138,5.56,0,1,0,3
10,512,512,artix7,xc7a200tifbg676-1L,141,3.077,7,8,1,4
1,1024,1024,artix7,xc7a200tifbg676-1L,138,21.944,0,1,0,3
10,1024,1024,artix7,xc7a200tifbg676-1L,141,12.012,7,8,1,4
20,1024,1024,artix7,xc7a200tifbg676-1L,141,12.012,8,16,1,4
30,1024,1024,artix7,xc7a200tifbg676-1L,141,11.663,8,23,1,6
1,280,280,artix7,xc7a200tifbg484-1L,141,1.697,0,1,0,2
1,320,320,artix7,xc7a200tifbg484-1L,141,2.198,0,1,0,2
10,320,320,artix7,xc7a200tifbg484-1L,141,1.232,7,8,1,4
1,512,512,artix7,xc7a200tifbg484-1L,138,5.56,0,1,0,3
10,512,512,artix7,xc7a200tifbg484-1L,141,3.077,7,8,1,4
1,1024,1024,artix7,xc7a200tifbg484-1L,138,21.944,0,1,0,3
10,1024,1024,artix7,xc7a200tifbg484-1L,141,12.012,7,8,1,4
20,1024,1024,artix7,xc7a200tifbg484-1L,141,12.012,8,16,1,4
30,1024,1024,artix7,xc7a200tifbg484-1L,141,11.663,8,23,1,6
1,280,280,artix7l,xc7a12tlcsg325-2L,144,1.694,7,26,10,40
1,320,320,artix7l,xc7a12tlcsg325-2L,144,2.192,7,26,10,40
1,512,512,artix7l,xc7a12tlcsg325-2L,144,5.55,10,26,10,55
1,1024,1024,artix7l,xc7a12tlcsg325-2L,144,21.924,10,26,11,55
1,280,280,artix7l,xc7a12tlcpg238-2L,144,1.694,7,26,10,40
1,320,320,artix7l,xc7a12tlcpg238-2L,144,2.192,7,26,10,40
1,512,512,artix7l,xc7a12tlcpg238-2L,144,5.55,10,26,10,55
1,1024,1024,artix7l,xc7a12tlcpg238-2L,144,21.924,10,26,11,55
1,280,280,artix7l,xc7a25tlcsg325-2L,144,1.694,3,14,5,17
1,320,320,artix7l,xc7a25tlcsg325-2L,144,2.192,3,14,5,17
10,320,320,artix7l,xc7a25tlcsg325-2L,156,1.229,72,75,7,36
1,512,512,artix7l,xc7a25tlcsg325-2L,144,5.55,5,14,5,24
10,512,512,artix7l,xc7a25tlcsg325-2L,156,3.072,72,75,7,36
1,1024,1024,artix7l,xc7a25tlcsg325-2L,144,21.924,5,14,6,24
10,1024,1024,artix7l,xc7a25tlcsg325-2L,156,12.001,72,76,8,36
1,280,280,artix7l,xc7a25tlcpg238-2L,144,1.694,3,14,5,17
1,320,320,artix7l,xc7a25tlcpg238-2L,144,2.192,3,14,5,17
10,320,320,artix7l,xc7a25tlcpg238-2L,156,1.229,72,75,7,36
1,512,512,artix7l,xc7a25tlcpg238-2L,144,5.55,5,14,5,24
10,512,512,artix7l,xc7a25tlcpg238-2L,156,3.072,72,75,7,36
1,1024,1024,artix7l,xc7a25tlcpg238-2L,144,21.924,5,14,6,24
10,1024,1024,artix7l,xc7a25tlcpg238-2L,156,12.001,72,76,8,36
1,280,280,artix7l,xc7a35tlcpg236-2L,144,1.694,3,10,3,16
1,320,320,artix7l,xc7a35tlcpg236-2L,144,2.192,3,10,3,16
10,320,320,artix7l,xc7a35tlcpg236-2L,156,1.229,64,53,5,33
1,512,512,artix7l,xc7a35tlcpg236-2L,144,5.55,4,10,4,22
10,512,512,artix7l,xc7a35tlcpg236-2L,156,3.072,64,53,5,33
1,1024,1024,artix7l,xc7a35tlcpg236-2L,144,21.924,4,10,4,22
10,1024,1024,artix7l,xc7a35tlcpg236-2L,156,12.001,64,53,5,33
1,280,280,artix7l,xc7a35tlcsg324-2L,144,1.694,3,10,3,16
1,320,320,artix7l,xc7a35tlcsg324-2L,144,2.192,3,10,3,16
10,320,320,artix7l,xc7a35tlcsg324-2L,156,1.229,64,53,5,33
1,512,512,artix7l,xc7a35tlcsg324-2L,144,5.55,4,10,4,22
10,512,512,artix7l,xc7a35tlcsg324-2L,156,3.072,64,53,5,33
1,1024,1024,artix7l,xc7a35tlcsg324-2L,144,21.924,4,10,4,22
10,1024,1024,artix7l,xc7a35tlcsg324-2L,156,12.001,64,53,5,33
1,280,280,artix7l,xc7a35tlcsg325-2L,144,1.694,3,10,3,16
1,320,320,artix7l,xc7a35tlcsg325-2L,144,2.192,3,10,3,16
10,320,320,artix7l,xc7a35tlcsg325-2L,156,1.229,64,53,5,33
1,512,512,artix7l,xc7a35tlcsg325-2L,144,5.55,4,10,4,22
10,512,512,artix7l,xc7a35tlcsg325-2L,156,3.072,64,53,5,33
1,1024,1024,artix7l,xc7a35tlcsg325-2L,144,21.924,4,10,4,22
1,280,280,artix7l,xc7a35tlcsg325-2L,144,1.694,3,10,3,16
1,320,320,artix7l,xc7a35tlcsg325-2L,144,2.192,3,10,3,16
10,320,320,artix7l,xc7a35tlcsg325-2L,156,1.229,64,53,5,33
1,512,512,artix7l,xc7a35tlcsg325-2L,144,5.55,4,10,4,22
10,512,512,artix7l,xc7a35tlcsg325-2L,156,3.072,64,53,5,33
1,1024,1024,artix7l,xc7a35tlcsg325-2L,144,21.924,4,10,4,22
10,1024,1024,artix7l,xc7a35tlcsg325-2L,156,12.001,64,53,5,33
1,280,280,artix7l,xc7a35tlfgg484-2L,144,1.694,3,10,3,16
1,320,320,artix7l,xc7a35tlfgg484-2L,144,2.192,3,10,3,16
10,320,320,artix7l,xc7a35tlfgg484-2L,156,1.229,64,53,5,33
1,512,512,artix7l,xc7a35tlfgg484-2L,144,5.55,4,10,4,22
10,512,512,artix7l,xc7a35tlfgg484-2L,156,3.072,64,53,5,33
1,1024,1024,artix7l,xc7a35tlfgg484-2L,144,21.924,4,10,4,22
10,1024,1024,artix7l,xc7a35tlfgg484-2L,156,12.001,64,53,5,33
1,280,280,artix7l,xc7a35tlftg256-2L,144,1.694,3,10,3,16
1,320,320,artix7l,xc7a35tlftg256-2L,144,2.192,3,10,3,16
10,320,320,artix7l,xc7a35tlftg256-2L,156,1.229,64,53,5,33
1,512,512,artix7l,xc7a35tlftg256-2L,144,5.55,4,10,4,22
10,512,512,artix7l,xc7a35tlftg256-2L,156,3.072,64,53,5,33
1,1024,1024,artix7l,xc7a35tlftg256-2L,144,21.924,4,10,4,22
10,1024,1024,artix7l,xc7a35tlftg256-2L,156,12.001,64,53,5,33
1,280,280,artix7l,xc7a15tlcpg236-2L,144,1.694,6,20,7,32
1,320,320,artix7l,xc7a15tlcpg236-2L,144,2.192,6,20,7,32
1,512,512,artix7l,xc7a15tlcpg236-2L,144,5.55,8,20,8,44
1,1024,1024,artix7l,xc7a15tlcpg236-2L,144,21.924,8,20,8,44
1,280,280,artix7l,xc7a15tlcsg324-2L,144,1.694,6,20,7,32
1,320,320,artix7l,xc7a15tlcsg324-2L,144,2.192,6,20,7,32
1,512,512,artix7l,xc7a15tlcsg324-2L,144,5.55,8,20,8,44
1,1024,1024,artix7l,xc7a15tlcsg324-2L,144,21.924,8,20,8,44
1,280,280,artix7l,xc7a15tlcsg325-2L,144,1.694,6,20,7,32
1,320,320,artix7l,xc7a15tlcsg325-2L,144,2.192,6,20,7,32
1,512,512,artix7l,xc7a15tlcsg325-2L,144,5.55,8,20,8,44
1,1024,1024,artix7l,xc7a15tlcsg325-2L,144,21.924,8,20,8,44
1,280,280,artix7l,xc7a15tlfgg484-2L,144,1.694,6,20,7,32
1,320,320,artix7l,xc7a15tlfgg484-2L,144,2.192,6,20,7,32
1,512,512,artix7l,xc7a15tlfgg484-2L,144,5.55,8,20,8,44
1,1024,1024,artix7l,xc7a15tlfgg484-2L,144,21.924,8,20,8,44
1,280,280,artix7l,xc7a15tlftg256-2L,144,1.694,6,20,7,32
1,320,320,artix7l,xc7a15tlftg256-2L,144,2.192,6,20,7,32
1,512,512,artix7l,xc7a15tlftg256-2L,144,5.55,8,20,8,44
1,1024,1024,artix7l,xc7a15tlftg256-2L,144,21.924,8,20,8,44
1,280,280,artix7l,xc7a50tlcpg236-2L,144,1.694,2,6,2,10
1,320,320,artix7l,xc7a50tlcpg236-2L,144,2.192,2,6,2,10
10,320,320,artix7l,xc7a50tlcpg236-2L,156,1.229,48,33,3,22
1,512,512,artix7l,xc7a50tlcpg236-2L,144,5.55,3,6,2,14
10,512,512,artix7l,xc7a50tlcpg236-2L,156,3.072,48,33,3,22
1,1024,1024,artix7l,xc7a50tlcpg236-2L,144,21.924,3,6,2,14
10,1024,1024,artix7l,xc7a50tlcpg236-2L,156,12.001,48,34,3,22
20,1024,1024,artix7l,xc7a50tlcpg236-2L,141,12.001,50,68,4,20
30,1024,1024,artix7l,xc7a50tlcpg236-2L,156,11.653,51,96,6,30
1,280,280,artix7l,xc7a50tlcsg324-2L,144,1.694,2,6,2,10
1,320,320,artix7l,xc7a50tlcsg324-2L,144,2.192,2,6,2,10
10,320,320,artix7l,xc7a50tlcsg324-2L,156,1.229,48,33,3,22
1,512,512,artix7l,xc7a50tlcsg324-2L,144,5.55,3,6,2,14
10,512,512,artix7l,xc7a50tlcsg324-2L,156,3.072,48,33,3,22
1,1024,1024,artix7l,xc7a50tlcsg324-2L,144,21.924,3,6,2,14
10,1024,1024,artix7l,xc7a50tlcsg324-2L,156,12.001,48,34,3,22
20,1024,1024,artix7l,xc7a50tlcsg324-2L,141,12.001,50,68,4,20
30,1024,1024,artix7l,xc7a50tlcsg324-2L,156,11.653,51,96,6,30
1,280,280,artix7l,xc7a50tlcsg325-2L,144,1.694,2,6,2,10
1,320,320,artix7l,xc7a50tlcsg325-2L,144,2.192,2,6,2,10
10,320,320,artix7l,xc7a50tlcsg325-2L,156,1.229,48,33,3,22
1,512,512,artix7l,xc7a50tlcsg325-2L,144,5.55,3,6,2,14
10,512,512,artix7l,xc7a50tlcsg325-2L,156,3.072,48,33,3,22
1,1024,1024,artix7l,xc7a50tlcsg325-2L,144,21.924,3,6,2,14
10,1024,1024,artix7l,xc7a50tlcsg325-2L,156,12.001,48,34,3,22
20,1024,1024,artix7l,xc7a50tlcsg325-2L,141,12.001,50,68,4,20
30,1024,1024,artix7l,xc7a50tlcsg325-2L,156,11.653,51,96,6,30
1,280,280,artix7l,xc7a50tlfgg484-2L,144,1.694,2,6,2,10
1,320,320,artix7l,xc7a50tlfgg484-2L,144,2.192,2,6,2,10
10,320,320,artix7l,xc7a50tlfgg484-2L,156,1.229,48,33,3,22
1,512,512,artix7l,xc7a50tlfgg484-2L,144,5.55,3,6,2,14
10,512,512,artix7l,xc7a50tlfgg484-2L,156,3.072,48,33,3,22
1,1024,1024,artix7l,xc7a50tlfgg484-2L,144,21.924,3,6,2,14
10,1024,1024,artix7l,xc7a50tlfgg484-2L,156,12.001,48,34,3,22
20,1024,1024,artix7l,xc7a50tlfgg484-2L,141,12.001,50,68,4,20
30,1024,1024,artix7l,xc7a50tlfgg484-2L,156,11.653,51,96,6,30
1,280,280,artix7l,xc7a50tlftg256-2L,144,1.694,2,6,2,10
1,320,320,artix7l,xc7a50tlftg256-2L,144,2.192,2,6,2,10
10,320,320,artix7l,xc7a50tlftg256-2L,156,1.229,48,33,3,22
1,512,512,artix7l,xc7a50tlftg256-2L,144,5.55,3,6,2,14
10,512,512,artix7l,xc7a50tlftg256-2L,156,3.072,48,33,3,22
1,1024,1024,artix7l,xc7a50tlftg256-2L,144,21.924,3,6,2,14
10,1024,1024,artix7l,xc7a50tlftg256-2L,156,12.001,48,34,3,22
20,1024,1024,artix7l,xc7a50tlftg256-2L,141,12.001,50,68,4,20
30,1024,1024,artix7l,xc7a50tlftg256-2L,156,11.653,51,96,6,30
1,280,280,artix7l,xc7a75tlftg256-2L,144,1.694,1,4,1,7
1,320,320,artix7l,xc7a75tlftg256-2L,144,2.192,1,4,1,7
10,320,320,artix7l,xc7a75tlftg256-2L,156,1.229,32,23,2,15
1,512,512,artix7l,xc7a75tlftg256-2L,144,5.55,2,4,1,10
10,512,512,artix7l,xc7a75tlftg256-2L,156,3.072,32,23,2,15
1,1024,1024,artix7l,xc7a75tlftg256-2L,144,21.924,2,4,1,10
10,1024,1024,artix7l,xc7a75tlftg256-2L,156,12.001,32,23,2,15
20,1024,1024,artix7l,xc7a75tlftg256-2L,141,12.001,33,47,3,14
30,1024,1024,artix7l,xc7a75tlftg256-2L,156,11.653,34,66,4,21
1,280,280,artix7l,xc7a75tlfgg676-2L,144,1.694,1,4,1,7
1,320,320,artix7l,xc7a75tlfgg676-2L,144,2.192,1,4,1,7
1,280,280,artix7l,xc7a75tlftg256-2L,144,1.694,1,4,1,7
1,320,320,artix7l,xc7a75tlftg256-2L,144,2.192,1,4,1,7
10,320,320,artix7l,xc7a75tlftg256-2L,156,1.229,32,23,2,15
1,512,512,artix7l,xc7a75tlftg256-2L,144,5.55,2,4,1,10
10,512,512,artix7l,xc7a75tlftg256-2L,156,3.072,32,23,2,15
1,1024,1024,artix7l,xc7a75tlftg256-2L,144,21.924,2,4,1,10
10,1024,1024,artix7l,xc7a75tlftg256-2L,156,12.001,32,23,2,15
20,1024,1024,artix7l,xc7a75tlftg256-2L,141,12.001,33,47,3,14
30,1024,1024,artix7l,xc7a75tlftg256-2L,156,11.653,34,66,4,21
1,280,280,artix7l,xc7a75tlfgg676-2L,144,1.694,1,4,1,7
1,320,320,artix7l,xc7a75tlfgg676-2L,144,2.192,1,4,1,7
10,320,320,artix7l,xc7a75tlfgg676-2L,156,1.229,32,23,2,15
1,512,512,artix7l,xc7a75tlfgg676-2L,144,5.55,2,4,1,10
10,512,512,artix7l,xc7a75tlfgg676-2L,156,3.072,32,23,2,15
1,1024,1024,artix7l,xc7a75tlfgg676-2L,144,21.924,2,4,1,10
10,1024,1024,artix7l,xc7a75tlfgg676-2L,156,12.001,32,23,2,15
20,1024,1024,artix7l,xc7a75tlfgg676-2L,141,12.001,33,47,3,14
30,1024,1024,artix7l,xc7a75tlfgg676-2L,156,11.653,34,66,4,21
1,280,280,artix7l,xc7a75tlfgg484-2L,144,1.694,1,4,1,7
1,320,320,artix7l,xc7a75tlfgg484-2L,144,2.192,1,4,1,7
10,320,320,artix7l,xc7a75tlfgg484-2L,156,1.229,32,23,2,15
1,512,512,artix7l,xc7a75tlfgg484-2L,144,5.55,2,4,1,10
10,512,512,artix7l,xc7a75tlfgg484-2L,156,3.072,32,23,2,15
1,1024,1024,artix7l,xc7a75tlfgg484-2L,144,21.924,2,4,1,10
10,1024,1024,artix7l,xc7a75tlfgg484-2L,156,12.001,32,23,2,15
20,1024,1024,artix7l,xc7a75tlfgg484-2L,141,12.001,33,47,3,14
30,1024,1024,artix7l,xc7a75tlfgg484-2L,156,11.653,34,66,4,21
1,280,280,artix7l,xc7a75tlcsg324-2L,144,1.694,1,4,1,7
1,320,320,artix7l,xc7a75tlcsg324-2L,144,2.192,1,4,1,7
10,320,320,artix7l,xc7a75tlcsg324-2L,156,1.229,32,23,2,15
1,512,512,artix7l,xc7a75tlcsg324-2L,144,5.55,2,4,1,10
10,512,512,artix7l,xc7a75tlcsg324-2L,156,3.072,32,23,2,15
1,1024,1024,artix7l,xc7a75tlcsg324-2L,144,21.924,2,4,1,10
10,1024,1024,artix7l,xc7a75tlcsg324-2L,156,12.001,32,23,2,15
20,1024,1024,artix7l,xc7a75tlcsg324-2L,141,12.001,33,47,3,14
30,1024,1024,artix7l,xc7a75tlcsg324-2L,156,11.653,34,66,4,21
1,280,280,artix7l,xc7a100tlcsg324-2L,144,1.694,1,3,1,5
1,320,320,artix7l,xc7a100tlcsg324-2L,144,2.192,1,3,1,5
10,320,320,artix7l,xc7a100tlcsg324-2L,156,1.229,24,17,1,12
1,512,512,artix7l,xc7a100tlcsg324-2L,144,5.55,1,3,1,8
10,512,512,artix7l,xc7a100tlcsg324-2L,156,3.072,24,17,1,12
1,1024,1024,artix7l,xc7a100tlcsg324-2L,144,21.924,1,3,1,8
10,1024,1024,artix7l,xc7a100tlcsg324-2L,156,12.001,24,17,1,12
20,1024,1024,artix7l,xc7a100tlcsg324-2L,141,12.001,25,35,2,11
30,1024,1024,artix7l,xc7a100tlcsg324-2L,156,11.653,25,49,3,16
1,280,280,artix7l,xc7a100tlfgg484-2L,144,1.694,1,3,1,5
1,320,320,artix7l,xc7a100tlfgg484-2L,144,2.192,1,3,1,5
10,320,320,artix7l,xc7a100tlfgg484-2L,156,1.229,24,17,1,12
1,512,512,artix7l,xc7a100tlfgg484-2L,144,5.55,1,3,1,8
10,512,512,artix7l,xc7a100tlfgg484-2L,156,3.072,24,17,1,12
1,1024,1024,artix7l,xc7a100tlfgg484-2L,144,21.924,1,3,1,8
10,1024,1024,artix7l,xc7a100tlfgg484-2L,156,12.001,24,17,1,12
20,1024,1024,artix7l,xc7a100tlfgg484-2L,141,12.001,25,35,2,11
30,1024,1024,artix7l,xc7a100tlfgg484-2L,156,11.653,25,49,3,16
1,280,280,artix7l,xc7a100tlfgg676-2L,144,1.694,1,3,1,5
1,320,320,artix7l,xc7a100tlfgg676-2L,144,2.192,1,3,1,5
10,320,320,artix7l,xc7a100tlfgg676-2L,156,1.229,24,17,1,12
1,512,512,artix7l,xc7a100tlfgg676-2L,144,5.55,1,3,1,8
10,512,512,artix7l,xc7a100tlfgg676-2L,156,3.072,24,17,1,12
1,1024,1024,artix7l,xc7a100tlfgg676-2L,144,21.924,1,3,1,8
10,1024,1024,artix7l,xc7a100tlfgg676-2L,156,12.001,24,17,1,12
20,1024,1024,artix7l,xc7a100tlfgg676-2L,141,12.001,25,35,2,11
30,1024,1024,artix7l,xc7a100tlfgg676-2L,156,11.653,25,49,3,16
1,280,280,artix7l,xc7a100tlftg256-2L,144,1.694,1,3,1,5
1,320,320,artix7l,xc7a100tlftg256-2L,144,2.192,1,3,1,5
10,320,320,artix7l,xc7a100tlftg256-2L,156,1.229,24,17,1,12
1,512,512,artix7l,xc7a100tlftg256-2L,144,5.55,1,3,1,8
10,512,512,artix7l,xc7a100tlftg256-2L,156,3.072,24,17,1,12
1,1024,1024,artix7l,xc7a100tlftg256-2L,144,21.924,1,3,1,8
10,1024,1024,artix7l,xc7a100tlftg256-2L,156,12.001,24,17,1,12
20,1024,1024,artix7l,xc7a100tlftg256-2L,141,12.001,25,35,2,11
30,1024,1024,artix7l,xc7a100tlftg256-2L,156,11.653,25,49,3,16
1,280,280,artix7l,xc7a200tlfbg484-2L,144,1.694,0,1,0,2
1,320,320,artix7l,xc7a200tlfbg484-2L,144,2.192,0,1,0,2
10,320,320,artix7l,xc7a200tlfbg484-2L,156,1.229,7,8,0,4
1,512,512,artix7l,xc7a200tlfbg484-2L,144,5.55,0,1,0,3
10,512,512,artix7l,xc7a200tlfbg484-2L,156,3.072,7,8,0,4
1,1024,1024,artix7l,xc7a200tlfbg484-2L,144,21.924,0,1,0,3
10,1024,1024,artix7l,xc7a200tlfbg484-2L,156,12.001,7,8,0,4
20,1024,1024,artix7l,xc7a200tlfbg484-2L,141,12.001,8,16,1,4
30,1024,1024,artix7l,xc7a200tlfbg484-2L,156,11.653,8,23,1,6
1,280,280,artix7l,xc7a200tlfbg676-2L,144,1.694,0,1,0,2
1,320,320,artix7l,xc7a200tlfbg676-2L,144,2.192,0,1,0,2
10,320,320,artix7l,xc7a200tlfbg676-2L,156,1.229,7,8,0,4
1,512,512,artix7l,xc7a200tlfbg676-2L,144,5.55,0,1,0,3
10,512,512,artix7l,xc7a200tlfbg676-2L,156,3.072,7,8,0,4
1,1024,1024,artix7l,xc7a200tlfbg676-2L,144,21.924,0,1,0,3
10,1024,1024,artix7l,xc7a200tlfbg676-2L,156,12.001,7,8,0,4
20,1024,1024,artix7l,xc7a200tlfbg676-2L,141,12.001,8,16,1,4
30,1024,1024,artix7l,xc7a200tlfbg676-2L,156,11.653,8,23,1,6
1,280,280,artix7l,xc7a200tlfbv484-2L,144,1.694,0,1,0,2
1,320,320,artix7l,xc7a200tlfbv484-2L,144,2.192,0,1,0,2
10,320,320,artix7l,xc7a200tlfbv484-2L,156,1.229,7,8,0,4
1,512,512,artix7l,xc7a200tlfbv484-2L,144,5.55,0,1,0,3
10,512,512,artix7l,xc7a200tlfbv484-2L,156,3.072,7,8,0,4
1,1024,1024,artix7l,xc7a200tlfbv484-2L,144,21.924,0,1,0,3
10,1024,1024,artix7l,xc7a200tlfbv484-2L,156,12.001,7,8,0,4
20,1024,1024,artix7l,xc7a200tlfbv484-2L,141,12.001,8,16,1,4
30,1024,1024,artix7l,xc7a200tlfbv484-2L,156,11.653,8,23,1,6
1,280,280,artix7l,xc7a200tlfbv676-2L,144,1.694,0,1,0,2
1,320,320,artix7l,xc7a200tlfbv676-2L,144,2.192,0,1,0,2
10,320,320,artix7l,xc7a200tlfbv676-2L,156,1.229,7,8,0,4
1,512,512,artix7l,xc7a200tlfbv676-2L,144,5.55,0,1,0,3
10,512,512,artix7l,xc7a200tlfbv676-2L,156,3.072,7,8,0,4
1,1024,1024,artix7l,xc7a200tlfbv676-2L,144,21.924,0,1,0,3
10,1024,1024,artix7l,xc7a200tlfbv676-2L,156,12.001,7,8,0,4
20,1024,1024,artix7l,xc7a200tlfbv676-2L,141,12.001,8,16,1,4
30,1024,1024,artix7l,xc7a200tlfbv676-2L,156,11.653,8,23,1,6
1,280,280,artix7l,xc7a200tlffg1156-2L,144,1.694,0,1,0,2
1,320,320,artix7l,xc7a200tlffg1156-2L,144,2.192,0,1,0,2
10,320,320,artix7l,xc7a200tlffg1156-2L,156,1.229,7,8,0,4
1,512,512,artix7l,xc7a200tlffg1156-2L,144,5.55,0,1,0,3
10,512,512,artix7l,xc7a200tlffg1156-2L,156,3.072,7,8,0,4
1,1024,1024,artix7l,xc7a200tlffg1156-2L,144,21.924,0,1,0,3
10,1024,1024,artix7l,xc7a200tlffg1156-2L,156,12.001,7,8,0,4
1,280,280,aartix7,xa7a35tcsg325-1I,141,1.697,3,10,4,16
1,320,320,aartix7,xa7a35tcsg325-1I,141,2.198,3,10,4,16
10,320,320,aartix7,xa7a35tcsg325-1I,141,1.232,64,53,6,33
1,512,512,aartix7,xa7a35tcsg325-1I,138,5.56,4,9,4,22
10,512,512,aartix7,xa7a35tcsg325-1I,141,3.077,64,53,7,33
1,1024,1024,aartix7,xa7a35tcsg325-1I,138,21.944,4,10,4,22
10,1024,1024,aartix7,xa7a35tcsg325-1I,141,12.012,64,54,7,33
1,280,280,aartix7,xa7a35tcsg325-1Q,141,1.697,3,10,4,16
1,320,320,aartix7,xa7a35tcsg325-1Q,141,2.198,3,10,4,16
10,320,320,aartix7,xa7a35tcsg325-1Q,141,1.232,64,53,6,33
1,512,512,aartix7,xa7a35tcsg325-1Q,138,5.56,4,9,4,22
10,512,512,aartix7,xa7a35tcsg325-1Q,141,3.077,64,53,7,33
1,1024,1024,aartix7,xa7a35tcsg325-1Q,138,21.944,4,10,4,22
10,1024,1024,aartix7,xa7a35tcsg325-1Q,141,12.012,64,54,7,33
1,280,280,aartix7,xa7a35tcsg325-2I,144,1.694,3,10,3,16
1,320,320,aartix7,xa7a35tcsg325-2I,144,2.192,3,10,3,16
10,320,320,aartix7,xa7a35tcsg325-2I,156,1.229,64,53,5,33
1,512,512,aartix7,xa7a35tcsg325-2I,144,5.55,4,10,4,22
10,512,512,aartix7,xa7a35tcsg325-2I,156,3.072,64,53,5,33
1,1024,1024,aartix7,xa7a35tcsg325-2I,144,21.924,4,10,4,22
10,1024,1024,aartix7,xa7a35tcsg325-2I,156,12.001,64,53,5,33
1,280,280,aartix7,xa7a35tcsg324-1I,141,1.697,3,10,4,16
1,320,320,aartix7,xa7a35tcsg324-1I,141,2.198,3,10,4,16
10,320,320,aartix7,xa7a35tcsg324-1I,141,1.232,64,53,6,33
1,512,512,aartix7,xa7a35tcsg324-1I,138,5.56,4,9,4,22
10,512,512,aartix7,xa7a35tcsg324-1I,141,3.077,64,53,7,33
1,1024,1024,aartix7,xa7a35tcsg324-1I,138,21.944,4,10,4,22
10,1024,1024,aartix7,xa7a35tcsg324-1I,141,12.012,64,54,7,33
1,280,280,aartix7,xa7a35tcsg324-1Q,141,1.697,3,10,4,16
1,320,320,aartix7,xa7a35tcsg324-1Q,141,2.198,3,10,4,16
10,320,320,aartix7,xa7a35tcsg324-1Q,141,1.232,64,53,6,33
1,512,512,aartix7,xa7a35tcsg324-1Q,138,5.56,4,9,4,22
10,512,512,aartix7,xa7a35tcsg324-1Q,141,3.077,64,53,7,33
1,1024,1024,aartix7,xa7a35tcsg324-1Q,138,21.944,4,10,4,22
10,1024,1024,aartix7,xa7a35tcsg324-1Q,141,12.012,64,54,7,33
1,280,280,aartix7,xa7a35tcsg324-2I,144,1.694,3,10,3,16
1,320,320,aartix7,xa7a35tcsg324-2I,144,2.192,3,10,3,16
10,320,320,aartix7,xa7a35tcsg324-2I,156,1.229,64,53,5,33
1,512,512,aartix7,xa7a35tcsg324-2I,144,5.55,4,10,4,22
10,512,512,aartix7,xa7a35tcsg324-2I,156,3.072,64,53,5,33
1,1024,1024,aartix7,xa7a35tcsg324-2I,144,21.924,4,10,4,22
10,1024,1024,aartix7,xa7a35tcsg324-2I,156,12.001,64,53,5,33
1,280,280,aartix7,xa7a35tcpg236-1I,141,1.697,3,10,4,16
1,320,320,aartix7,xa7a35tcpg236-1I,141,2.198,3,10,4,16
10,320,320,aartix7,xa7a35tcpg236-1I,141,1.232,64,53,6,33
1,512,512,aartix7,xa7a35tcpg236-1I,138,5.56,4,9,4,22
10,512,512,aartix7,xa7a35tcpg236-1I,141,3.077,64,53,7,33
1,1024,1024,aartix7,xa7a35tcpg236-1I,138,21.944,4,10,4,22
10,1024,1024,aartix7,xa7a35tcpg236-1I,141,12.012,64,54,7,33
1,280,280,aartix7,xa7a35tcpg236-1Q,141,1.697,3,10,4,16
1,320,320,aartix7,xa7a35tcpg236-1Q,141,2.198,3,10,4,16
10,320,320,aartix7,xa7a35tcpg236-1Q,141,1.232,64,53,6,33
1,512,512,aartix7,xa7a35tcpg236-1Q,138,5.56,4,9,4,22
10,512,512,aartix7,xa7a35tcpg236-1Q,141,3.077,64,53,7,33
1,1024,1024,aartix7,xa7a35tcpg236-1Q,138,21.944,4,10,4,22
10,1024,1024,aartix7,xa7a35tcpg236-1Q,141,12.012,64,54,7,33
1,280,280,aartix7,xa7a35tcpg236-2I,144,1.694,3,10,3,16
1,320,320,aartix7,xa7a35tcpg236-2I,144,2.192,3,10,3,16
10,320,320,aartix7,xa7a35tcpg236-2I,156,1.229,64,53,5,33
1,512,512,aartix7,xa7a35tcpg236-2I,144,5.55,4,10,4,22
10,512,512,aartix7,xa7a35tcpg236-2I,156,3.072,64,53,5,33
1,1024,1024,aartix7,xa7a35tcpg236-2I,144,21.924,4,10,4,22
10,1024,1024,aartix7,xa7a35tcpg236-2I,156,12.001,64,53,5,33
1,280,280,aartix7,xa7a15tcpg236-1I,141,1.697,6,20,8,32
1,320,320,aartix7,xa7a15tcpg236-1I,141,2.198,6,20,8,32
1,512,512,aartix7,xa7a15tcpg236-1I,138,5.56,8,19,8,44
1,1024,1024,aartix7,xa7a15tcpg236-1I,138,21.944,8,20,8,44
1,280,280,aartix7,xa7a15tcpg236-1Q,141,1.697,6,20,8,32
1,320,320,aartix7,xa7a15tcpg236-1Q,141,2.198,6,20,8,32
1,512,512,aartix7,xa7a15tcpg236-1Q,138,5.56,8,19,8,44
1,1024,1024,aartix7,xa7a15tcpg236-1Q,138,21.944,8,20,8,44
1,280,280,aartix7,xa7a15tcpg236-2I,144,1.694,6,20,7,32
1,320,320,aartix7,xa7a15tcpg236-2I,144,2.192,6,20,7,32
1,512,512,aartix7,xa7a15tcpg236-2I,144,5.55,8,20,8,44
1,1024,1024,aartix7,xa7a15tcpg236-2I,144,21.924,8,20,8,44
1,280,280,aartix7,xa7a15tcsg324-1I,141,1.697,6,20,8,32
1,320,320,aartix7,xa7a15tcsg324-1I,141,2.198,6,20,8,32
1,512,512,aartix7,xa7a15tcsg324-1I,138,5.56,8,19,8,44
1,1024,1024,aartix7,xa7a15tcsg324-1I,138,21.944,8,20,8,44
1,280,280,aartix7,xa7a15tcsg324-1Q,141,1.697,6,20,8,32
1,320,320,aartix7,xa7a15tcsg324-1Q,141,2.198,6,20,8,32
1,512,512,aartix7,xa7a15tcsg324-1Q,138,5.56,8,19,8,44
1,1024,1024,aartix7,xa7a15tcsg324-1Q,138,21.944,8,20,8,44
1,280,280,aartix7,xa7a15tcsg324-2I,144,1.694,6,20,7,32
1,320,320,aartix7,xa7a15tcsg324-2I,144,2.192,6,20,7,32
1,512,512,aartix7,xa7a15tcsg324-2I,144,5.55,8,20,8,44
1,1024,1024,aartix7,xa7a15tcsg324-2I,144,21.924,8,20,8,44
1,280,280,aartix7,xa7a15tcsg325-1I,141,1.697,6,20,8,32
1,280,280,aartix7,xa7a15tcsg324-1Q,141,1.697,6,20,8,32
1,320,320,aartix7,xa7a15tcsg324-1Q,141,2.198,6,20,8,32
1,512,512,aartix7,xa7a15tcsg324-1Q,138,5.56,8,19,8,44
1,1024,1024,aartix7,xa7a15tcsg324-1Q,138,21.944,8,20,8,44
1,280,280,aartix7,xa7a15tcsg324-2I,144,1.694,6,20,7,32
1,320,320,aartix7,xa7a15tcsg324-2I,144,2.192,6,20,7,32
1,512,512,aartix7,xa7a15tcsg324-2I,144,5.55,8,20,8,44
1,1024,1024,aartix7,xa7a15tcsg324-2I,144,21.924,8,20,8,44
1,280,280,aartix7,xa7a15tcsg325-1I,141,1.697,6,20,8,32
1,320,320,aartix7,xa7a15tcsg325-1I,141,2.198,6,20,8,32
1,512,512,aartix7,xa7a15tcsg325-1I,138,5.56,8,19,8,44
1,1024,1024,aartix7,xa7a15tcsg325-1I,138,21.944,8,20,8,44
1,280,280,aartix7,xa7a15tcsg325-1Q,141,1.697,6,20,8,32
1,320,320,aartix7,xa7a15tcsg325-1Q,141,2.198,6,20,8,32
1,512,512,aartix7,xa7a15tcsg325-1Q,138,5.56,8,19,8,44
1,1024,1024,aartix7,xa7a15tcsg325-1Q,138,21.944,8,20,8,44
1,280,280,aartix7,xa7a15tcsg325-2I,144,1.694,6,20,7,32
1,320,320,aartix7,xa7a15tcsg325-2I,144,2.192,6,20,7,32
1,512,512,aartix7,xa7a15tcsg325-2I,144,5.55,8,20,8,44
1,1024,1024,aartix7,xa7a15tcsg325-2I,144,21.924,8,20,8,44
1,280,280,aartix7,xa7a50tcpg236-1I,141,1.697,2,6,2,10
1,320,320,aartix7,xa7a50tcpg236-1I,141,2.198,2,6,2,10
10,320,320,aartix7,xa7a50tcpg236-1I,141,1.232,48,33,4,22
1,512,512,aartix7,xa7a50tcpg236-1I,138,5.56,3,6,2,14
10,512,512,aartix7,xa7a50tcpg236-1I,141,3.077,48,34,4,22
1,1024,1024,aartix7,xa7a50tcpg236-1I,138,21.944,3,6,2,14
10,1024,1024,aartix7,xa7a50tcpg236-1I,141,12.012,48,34,4,22
20,1024,1024,aartix7,xa7a50tcpg236-1I,141,12.012,50,69,6,20
30,1024,1024,aartix7,xa7a50tcpg236-1I,141,11.663,51,95,7,30
1,280,280,aartix7,xa7a50tcpg236-1Q,141,1.697,2,6,2,10
1,320,320,aartix7,xa7a50tcpg236-1Q,141,2.198,2,6,2,10
10,320,320,aartix7,xa7a50tcpg236-1Q,141,1.232,48,33,4,22
1,512,512,aartix7,xa7a50tcpg236-1Q,138,5.56,3,6,2,14
10,512,512,aartix7,xa7a50tcpg236-1Q,141,3.077,48,34,4,22
1,1024,1024,aartix7,xa7a50tcpg236-1Q,138,21.944,3,6,2,14
10,1024,1024,aartix7,xa7a50tcpg236-1Q,141,12.012,48,34,4,22
20,1024,1024,aartix7,xa7a50tcpg236-1Q,141,12.012,50,69,6,20
30,1024,1024,aartix7,xa7a50tcpg236-1Q,141,11.663,51,95,7,30
1,280,280,aartix7,xa7a50tcpg236-2I,144,1.694,2,6,2,10
1,320,320,aartix7,xa7a50tcpg236-2I,144,2.192,2,6,2,10
10,320,320,aartix7,xa7a50tcpg236-2I,156,1.229,48,33,3,22
1,512,512,aartix7,xa7a50tcpg236-2I,144,5.55,3,6,2,14
10,512,512,aartix7,xa7a50tcpg236-2I,156,3.072,48,33,3,22
1,1024,1024,aartix7,xa7a50tcpg236-2I,144,21.924,3,6,2,14
10,1024,1024,aartix7,xa7a50tcpg236-2I,156,12.001,48,34,3,22
20,1024,1024,aartix7,xa7a50tcpg236-2I,141,12.001,50,68,4,20
30,1024,1024,aartix7,xa7a50tcpg236-2I,156,11.653,51,96,6,30
1,280,280,aartix7,xa7a50tcsg324-1I,141,1.697,2,6,2,10
1,320,320,aartix7,xa7a50tcsg324-1I,141,2.198,2,6,2,10
10,320,320,aartix7,xa7a50tcsg324-1I,141,1.232,48,33,4,22
1,512,512,aartix7,xa7a50tcsg324-1I,138,5.56,3,6,2,14
10,512,512,aartix7,xa7a50tcsg324-1I,141,3.077,48,34,4,22
1,1024,1024,aartix7,xa7a50tcsg324-1I,138,21.944,3,6,2,14
10,1024,1024,aartix7,xa7a50tcsg324-1I,141,12.012,48,34,4,22
20,1024,1024,aartix7,xa7a50tcsg324-1I,141,12.012,50,69,6,20
30,1024,1024,aartix7,xa7a50tcsg324-1I,141,11.663,51,95,7,30
1,280,280,aartix7,xa7a50tcsg324-1Q,141,1.697,2,6,2,10
1,320,320,aartix7,xa7a50tcsg324-1Q,141,2.198,2,6,2,10
10,320,320,aartix7,xa7a50tcsg324-1Q,141,1.232,48,33,4,22
1,512,512,aartix7,xa7a50tcsg324-1Q,138,5.56,3,6,2,14
10,512,512,aartix7,xa7a50tcsg324-1Q,141,3.077,48,34,4,22
1,1024,1024,aartix7,xa7a50tcsg324-1Q,138,21.944,3,6,2,14
10,1024,1024,aartix7,xa7a50tcsg324-1Q,141,12.012,48,34,4,22
20,1024,1024,aartix7,xa7a50tcsg324-1Q,141,12.012,50,69,6,20
30,1024,1024,aartix7,xa7a50tcsg324-1Q,141,11.663,51,95,7,30
1,280,280,aartix7,xa7a50tcsg324-2I,144,1.694,2,6,2,10
1,320,320,aartix7,xa7a50tcsg324-2I,144,2.192,2,6,2,10
10,320,320,aartix7,xa7a50tcsg324-2I,156,1.229,48,33,3,22
1,512,512,aartix7,xa7a50tcsg324-2I,144,5.55,3,6,2,14
10,512,512,aartix7,xa7a50tcsg324-2I,156,3.072,48,33,3,22
1,1024,1024,aartix7,xa7a50tcsg324-2I,144,21.924,3,6,2,14
10,1024,1024,aartix7,xa7a50tcsg324-2I,156,12.001,48,34,3,22
20,1024,1024,aartix7,xa7a50tcsg324-2I,141,12.001,50,68,4,20
30,1024,1024,aartix7,xa7a50tcsg324-2I,156,11.653,51,96,6,30
1,280,280,aartix7,xa7a50tcsg325-1I,141,1.697,2,6,2,10
1,320,320,aartix7,xa7a50tcsg325-1I,141,2.198,2,6,2,10
10,320,320,aartix7,xa7a50tcsg325-1I,141,1.232,48,33,4,22
1,512,512,aartix7,xa7a50tcsg325-1I,138,5.56,3,6,2,14
10,512,512,aartix7,xa7a50tcsg325-1I,141,3.077,48,34,4,22
1,1024,1024,aartix7,xa7a50tcsg325-1I,138,21.944,3,6,2,14
10,1024,1024,aartix7,xa7a50tcsg325-1I,141,12.012,48,34,4,22
20,1024,1024,aartix7,xa7a50tcsg325-1I,141,12.012,50,69,6,20
30,1024,1024,aartix7,xa7a50tcsg325-1I,141,11.663,51,95,7,30
1,280,280,aartix7,xa7a50tcsg325-1Q,141,1.697,2,6,2,10
1,320,320,aartix7,xa7a50tcsg325-1Q,141,2.198,2,6,2,10
10,320,320,aartix7,xa7a50tcsg325-1Q,141,1.232,48,33,4,22
1,512,512,aartix7,xa7a50tcsg325-1Q,138,5.56,3,6,2,14
10,512,512,aartix7,xa7a50tcsg325-1Q,141,3.077,48,34,4,22
1,1024,1024,aartix7,xa7a50tcsg325-1Q,138,21.944,3,6,2,14
10,1024,1024,aartix7,xa7a50tcsg325-1Q,141,12.012,48,34,4,22
20,1024,1024,aartix7,xa7a50tcsg325-1Q,141,12.012,50,69,6,20
30,1024,1024,aartix7,xa7a50tcsg325-1Q,141,11.663,51,95,7,30
1,280,280,aartix7,xa7a50tcsg325-2I,144,1.694,2,6,2,10
1,320,320,aartix7,xa7a50tcsg325-2I,144,2.192,2,6,2,10
10,320,320,aartix7,xa7a50tcsg325-2I,156,1.229,48,33,3,22
1,512,512,aartix7,xa7a50tcsg325-2I,144,5.55,3,6,2,14
10,512,512,aartix7,xa7a50tcsg325-2I,156,3.072,48,33,3,22
1,1024,1024,aartix7,xa7a50tcsg325-2I,144,21.924,3,6,2,14
10,1024,1024,aartix7,xa7a50tcsg325-2I,156,12.001,48,34,3,22
20,1024,1024,aartix7,xa7a50tcsg325-2I,141,12.001,50,68,4,20
1,280,280,aartix7,xa7a12tcpg238-1I,141,1.697,7,26,10,40
1,320,320,aartix7,xa7a12tcpg238-1I,141,2.198,7,26,10,40
1,512,512,aartix7,xa7a12tcpg238-1I,138,5.56,10,25,10,55
1,1024,1024,aartix7,xa7a12tcpg238-1I,138,21.944,10,26,11,55
1,280,280,aartix7,xa7a12tcpg238-1Q,141,1.697,7,26,10,40
1,320,320,aartix7,xa7a12tcpg238-1Q,141,2.198,7,26,10,40
1,512,512,aartix7,xa7a12tcpg238-1Q,138,5.56,10,25,10,55
1,1024,1024,aartix7,xa7a12tcpg238-1Q,138,21.944,10,26,11,55
1,280,280,aartix7,xa7a12tcpg238-2I,144,1.694,7,26,10,40
1,320,320,aartix7,xa7a12tcpg238-2I,144,2.192,7,26,10,40
1,512,512,aartix7,xa7a12tcpg238-2I,144,5.55,10,26,10,55
1,1024,1024,aartix7,xa7a12tcpg238-2I,144,21.924,10,26,11,55
1,280,280,aartix7,xa7a12tcsg325-1I,141,1.697,7,26,10,40
1,320,320,aartix7,xa7a12tcsg325-1I,141,2.198,7,26,10,40
1,512,512,aartix7,xa7a12tcsg325-1I,138,5.56,10,25,10,55
1,1024,1024,aartix7,xa7a12tcsg325-1I,138,21.944,10,26,11,55
1,280,280,aartix7,xa7a12tcsg325-1Q,141,1.697,7,26,10,40
1,320,320,aartix7,xa7a12tcsg325-1Q,141,2.198,7,26,10,40
1,512,512,aartix7,xa7a12tcsg325-1Q,138,5.56,10,25,10,55
1,1024,1024,aartix7,xa7a12tcsg325-1Q,138,21.944,10,26,11,55
1,280,280,aartix7,xa7a12tcsg325-2I,144,1.694,7,26,10,40
1,320,320,aartix7,xa7a12tcsg325-2I,144,2.192,7,26,10,40
1,512,512,aartix7,xa7a12tcsg325-2I,144,5.55,10,26,10,55
1,1024,1024,aartix7,xa7a12tcsg325-2I,144,21.924,10,26,11,55
1,280,280,aartix7,xa7a25tcpg238-1I,141,1.697,3,14,5,17
1,320,320,aartix7,xa7a25tcpg238-1I,141,2.198,3,14,5,17
10,320,320,aartix7,xa7a25tcpg238-1I,141,1.232,72,75,9,36
1,512,512,aartix7,xa7a25tcpg238-1I,138,5.56,5,14,5,24
10,512,512,aartix7,xa7a25tcpg238-1I,141,3.077,72,76,10,36
1,1024,1024,aartix7,xa7a25tcpg238-1I,138,21.944,5,14,6,24
10,1024,1024,aartix7,xa7a25tcpg238-1I,141,12.012,72,77,10,36
1,280,280,aartix7,xa7a25tcpg238-1Q,141,1.697,3,14,5,17
1,320,320,aartix7,xa7a25tcpg238-1Q,141,2.198,3,14,5,17
10,320,320,aartix7,xa7a25tcpg238-1Q,141,1.232,72,75,9,36
1,512,512,aartix7,xa7a25tcpg238-1Q,138,5.56,5,14,5,24
10,512,512,aartix7,xa7a25tcpg238-1Q,141,3.077,72,76,10,36
1,1024,1024,aartix7,xa7a25tcpg238-1Q,138,21.944,5,14,6,24
10,1024,1024,aartix7,xa7a25tcpg238-1Q,141,12.012,72,77,10,36
1,280,280,aartix7,xa7a25tcpg238-2I,144,1.694,3,14,5,17
1,320,320,aartix7,xa7a25tcpg238-2I,144,2.192,3,14,5,17
10,320,320,aartix7,xa7a25tcpg238-2I,156,1.229,72,75,7,36
1,512,512,aartix7,xa7a25tcpg238-2I,144,5.55,5,14,5,24
10,512,512,aartix7,xa7a25tcpg238-2I,156,3.072,72,75,7,36
1,1024,1024,aartix7,xa7a25tcpg238-2I,144,21.924,5,14,6,24
10,1024,1024,aartix7,xa7a25tcpg238-2I,156,12.001,72,76,8,36
1,280,280,aartix7,xa7a25tcsg325-1I,141,1.697,3,14,5,17
1,320,320,aartix7,xa7a25tcsg325-1I,141,2.198,3,14,5,17
10,320,320,aartix7,xa7a25tcsg325-1I,141,1.232,72,75,9,36
1,512,512,aartix7,xa7a25tcsg325-1I,138,5.56,5,14,5,24
10,512,512,aartix7,xa7a25tcsg325-1I,141,3.077,72,76,10,36
1,1024,1024,aartix7,xa7a25tcsg325-1I,138,21.944,5,14,6,24
10,1024,1024,aartix7,xa7a25tcsg325-1I,141,12.012,72,77,10,36
1,280,280,aartix7,xa7a25tcsg325-1Q,141,1.697,3,14,5,17
1,320,320,aartix7,xa7a25tcsg325-1Q,141,2.198,3,14,5,17
10,320,320,aartix7,xa7a25tcsg325-1Q,141,1.232,72,75,9,36
1,512,512,aartix7,xa7a25tcsg325-1Q,138,5.56,5,14,5,24
10,512,512,aartix7,xa7a25tcsg325-1Q,141,3.077,72,76,10,36
1,1024,1024,aartix7,xa7a25tcsg325-1Q,138,21.944,5,14,6,24
10,1024,1024,aartix7,xa7a25tcsg325-1Q,141,12.012,72,77,10,36
1,280,280,aartix7,xa7a25tcsg325-2I,144,1.694,3,14,5,17
1,320,320,aartix7,xa7a25tcsg325-2I,144,2.192,3,14,5,17
10,320,320,aartix7,xa7a25tcsg325-2I,156,1.229,72,75,7,36
1,512,512,aartix7,xa7a25tcsg325-2I,144,5.55,5,14,5,24
10,512,512,aartix7,xa7a25tcsg325-2I,156,3.072,72,75,7,36
1,1024,1024,aartix7,xa7a25tcsg325-2I,144,21.924,5,14,6,24
10,1024,1024,aartix7,xa7a25tcsg325-2I,156,12.001,72,76,8,36
1,280,280,qartix7,xq7a50tfg484-1I,141,1.697,2,6,2,10
1,320,320,qartix7,xq7a50tfg484-1I,141,2.198,2,6,2,10
10,320,320,qartix7,xq7a50tfg484-1I,141,1.232,48,33,4,22
1,512,512,qartix7,xq7a50tfg484-1I,138,5.56,3,6,2,14
10,512,512,qartix7,xq7a50tfg484-1I,141,3.077,48,34,4,22
1,1024,1024,qartix7,xq7a50tfg484-1I,138,21.944,3,6,2,14
10,1024,1024,qartix7,xq7a50tfg484-1I,141,12.012,48,34,4,22
20,1024,1024,qartix7,xq7a50tfg484-1I,141,12.012,50,69,6,20
30,1024,1024,qartix7,xq7a50tfg484-1I,141,11.663,51,95,7,30
1,280,280,qartix7,xq7a50tfg484-1IL,141,1.697,2,6,2,10
1,320,320,qartix7,xq7a50tfg484-1IL,141,2.198,2,6,2,10
10,320,320,qartix7,xq7a50tfg484-1IL,141,1.232,48,33,4,22
1,512,512,qartix7,xq7a50tfg484-1IL,138,5.56,3,6,2,14
10,512,512,qartix7,xq7a50tfg484-1IL,141,3.077,48,34,4,22
1,1024,1024,qartix7,xq7a50tfg484-1IL,138,21.944,3,6,2,14
10,1024,1024,qartix7,xq7a50tfg484-1IL,141,12.012,48,34,4,22
20,1024,1024,qartix7,xq7a50tfg484-1IL,141,12.012,50,69,6,20
30,1024,1024,qartix7,xq7a50tfg484-1IL,141,11.663,51,95,7,30
1,280,280,qartix7,xq7a50tfg484-1M,141,1.697,2,6,2,10
1,320,320,qartix7,xq7a50tfg484-1M,141,2.198,2,6,2,10
10,320,320,qartix7,xq7a50tfg484-1M,141,1.232,48,33,4,22
1,512,512,qartix7,xq7a50tfg484-1M,138,5.56,3,6,2,14
10,512,512,qartix7,xq7a50tfg484-1M,141,3.077,48,34,4,22
1,1024,1024,qartix7,xq7a50tfg484-1M,138,21.944,3,6,2,14
10,1024,1024,qartix7,xq7a50tfg484-1M,141,12.012,48,34,4,22
1,280,280,qartix7,xq7a50tfg484-1IL,141,1.697,2,6,2,10
1,320,320,qartix7,xq7a50tfg484-1IL,141,2.198,2,6,2,10
10,320,320,qartix7,xq7a50tfg484-1IL,141,1.232,48,33,4,22
1,512,512,qartix7,xq7a50tfg484-1IL,138,5.56,3,6,2,14
10,512,512,qartix7,xq7a50tfg484-1IL,141,3.077,48,34,4,22
1,1024,1024,qartix7,xq7a50tfg484-1IL,138,21.944,3,6,2,14
10,1024,1024,qartix7,xq7a50tfg484-1IL,141,12.012,48,34,4,22
20,1024,1024,qartix7,xq7a50tfg484-1IL,141,12.012,50,69,6,20
30,1024,1024,qartix7,xq7a50tfg484-1IL,141,11.663,51,95,7,30
1,280,280,qartix7,xq7a50tfg484-1M,141,1.697,2,6,2,10
1,320,320,qartix7,xq7a50tfg484-1M,141,2.198,2,6,2,10
10,320,320,qartix7,xq7a50tfg484-1M,141,1.232,48,33,4,22
1,512,512,qartix7,xq7a50tfg484-1M,138,5.56,3,6,2,14
10,512,512,qartix7,xq7a50tfg484-1M,141,3.077,48,34,4,22
1,1024,1024,qartix7,xq7a50tfg484-1M,138,21.944,3,6,2,14
10,1024,1024,qartix7,xq7a50tfg484-1M,141,12.012,48,34,4,22
20,1024,1024,qartix7,xq7a50tfg484-1M,141,12.012,50,69,6,20
30,1024,1024,qartix7,xq7a50tfg484-1M,141,11.663,51,95,7,30
1,280,280,qartix7,xq7a50tfg484-2I,144,1.694,2,6,2,10
1,320,320,qartix7,xq7a50tfg484-2I,144,2.192,2,6,2,10
10,320,320,qartix7,xq7a50tfg484-2I,156,1.229,48,33,3,22
1,512,512,qartix7,xq7a50tfg484-2I,144,5.55,3,6,2,14
10,512,512,qartix7,xq7a50tfg484-2I,156,3.072,48,33,3,22
1,1024,1024,qartix7,xq7a50tfg484-2I,144,21.924,3,6,2,14
10,1024,1024,qartix7,xq7a50tfg484-2I,156,12.001,48,34,3,22
20,1024,1024,qartix7,xq7a50tfg484-2I,141,12.001,50,68,4,20
30,1024,1024,qartix7,xq7a50tfg484-2I,156,11.653,51,96,6,30
1,280,280,qartix7,xq7a50tcs325-1I,141,1.697,2,6,2,10
1,320,320,qartix7,xq7a50tcs325-1I,141,2.198,2,6,2,10
10,320,320,qartix7,xq7a50tcs325-1I,141,1.232,48,33,4,22
1,512,512,qartix7,xq7a50tcs325-1I,138,5.56,3,6,2,14
10,512,512,qartix7,xq7a50tcs325-1I,141,3.077,48,34,4,22
1,1024,1024,qartix7,xq7a50tcs325-1I,138,21.944,3,6,2,14
10,1024,1024,qartix7,xq7a50tcs325-1I,141,12.012,48,34,4,22
20,1024,1024,qartix7,xq7a50tcs325-1I,141,12.012,50,69,6,20
30,1024,1024,qartix7,xq7a50tcs325-1I,141,11.663,51,95,7,30
1,280,280,qartix7,xq7a50tcs325-1IL,141,1.697,2,6,2,10
1,320,320,qartix7,xq7a50tcs325-1IL,141,2.198,2,6,2,10
10,320,320,qartix7,xq7a50tcs325-1IL,141,1.232,48,33,4,22
1,512,512,qartix7,xq7a50tcs325-1IL,138,5.56,3,6,2,14
10,512,512,qartix7,xq7a50tcs325-1IL,141,3.077,48,34,4,22
1,1024,1024,qartix7,xq7a50tcs325-1IL,138,21.944,3,6,2,14
10,1024,1024,qartix7,xq7a50tcs325-1IL,141,12.012,48,34,4,22
20,1024,1024,qartix7,xq7a50tcs325-1IL,141,12.012,50,69,6,20
30,1024,1024,qartix7,xq7a50tcs325-1IL,141,11.663,51,95,7,30
1,280,280,qartix7,xq7a50tcs325-1M,141,1.697,2,6,2,10
1,320,320,qartix7,xq7a50tcs325-1M,141,2.198,2,6,2,10
10,320,320,qartix7,xq7a50tcs325-1M,141,1.232,48,33,4,22
1,512,512,qartix7,xq7a50tcs325-1M,138,5.56,3,6,2,14
10,512,512,qartix7,xq7a50tcs325-1M,141,3.077,48,34,4,22
1,1024,1024,qartix7,xq7a50tcs325-1M,138,21.944,3,6,2,14
10,1024,1024,qartix7,xq7a50tcs325-1M,141,12.012,48,34,4,22
20,1024,1024,qartix7,xq7a50tcs325-1M,141,12.012,50,69,6,20
30,1024,1024,qartix7,xq7a50tcs325-1M,141,11.663,51,95,7,30
1,280,280,qartix7,xq7a50tcs325-2I,144,1.694,2,6,2,10
1,320,320,qartix7,xq7a50tcs325-2I,144,2.192,2,6,2,10
10,320,320,qartix7,xq7a50tcs325-2I,156,1.229,48,33,3,22
1,512,512,qartix7,xq7a50tcs325-2I,144,5.55,3,6,2,14
10,512,512,qartix7,xq7a50tcs325-2I,156,3.072,48,33,3,22
1,1024,1024,qartix7,xq7a50tcs325-2I,144,21.924,3,6,2,14
10,1024,1024,qartix7,xq7a50tcs325-2I,156,12.001,48,34,3,22
20,1024,1024,qartix7,xq7a50tcs325-2I,141,12.001,50,68,4,20
30,1024,1024,qartix7,xq7a50tcs325-2I,156,11.653,51,96,6,30
1,280,280,qartix7,xq7a100tfg484-1I,141,1.697,1,3,1,5
1,320,320,qartix7,xq7a100tfg484-1I,141,2.198,1,3,1,5
10,320,320,qartix7,xq7a100tfg484-1I,141,1.232,24,17,2,12
1,512,512,qartix7,xq7a100tfg484-1I,138,5.56,1,3,1,8
10,512,512,qartix7,xq7a100tfg484-1I,141,3.077,24,17,2,12
1,1024,1024,qartix7,xq7a100tfg484-1I,138,21.944,1,3,1,8
10,1024,1024,qartix7,xq7a100tfg484-1I,141,12.012,24,17,2,12
20,1024,1024,qartix7,xq7a100tfg484-1I,141,12.012,25,35,3,11
30,1024,1024,qartix7,xq7a100tfg484-1I,141,11.663,25,49,3,16
1,280,280,qartix7,xq7a100tfg484-1IL,141,1.697,1,3,1,5
1,320,320,qartix7,xq7a100tfg484-1IL,141,2.198,1,3,1,5
10,320,320,qartix7,xq7a100tfg484-1IL,141,1.232,24,17,2,12
1,512,512,qartix7,xq7a100tfg484-1IL,138,5.56,1,3,1,8
10,512,512,qartix7,xq7a100tfg484-1IL,141,3.077,24,17,2,12
1,1024,1024,qartix7,xq7a100tfg484-1IL,138,21.944,1,3,1,8
10,1024,1024,qartix7,xq7a100tfg484-1IL,141,12.012,24,17,2,12
20,1024,1024,qartix7,xq7a100tfg484-1IL,141,12.012,25,35,3,11
30,1024,1024,qartix7,xq7a100tfg484-1IL,141,11.663,25,49,3,16
1,280,280,qartix7,xq7a100tfg484-1M,141,1.697,1,3,1,5
1,320,320,qartix7,xq7a100tfg484-1M,141,2.198,1,3,1,5
10,320,320,qartix7,xq7a100tfg484-1M,141,1.232,24,17,2,12
1,512,512,qartix7,xq7a100tfg484-1M,138,5.56,1,3,1,8
10,512,512,qartix7,xq7a100tfg484-1M,141,3.077,24,17,2,12
1,1024,1024,qartix7,xq7a100tfg484-1M,138,21.944,1,3,1,8
10,1024,1024,qartix7,xq7a100tfg484-1M,141,12.012,24,17,2,12
20,1024,1024,qartix7,xq7a100tfg484-1M,141,12.012,25,35,3,11
30,1024,1024,qartix7,xq7a100tfg484-1M,141,11.663,25,49,3,16
1,280,280,qartix7,xq7a100tfg484-2I,144,1.694,1,3,1,5
1,320,320,qartix7,xq7a100tfg484-2I,144,2.192,1,3,1,5
10,320,320,qartix7,xq7a100tfg484-2I,156,1.229,24,17,1,12
1,512,512,qartix7,xq7a100tfg484-2I,144,5.55,1,3,1,8
10,512,512,qartix7,xq7a100tfg484-2I,156,3.072,24,17,1,12
1,1024,1024,qartix7,xq7a100tfg484-2I,144,21.924,1,3,1,8
10,1024,1024,qartix7,xq7a100tfg484-2I,156,12.001,24,17,1,12
20,1024,1024,qartix7,xq7a100tfg484-2I,141,12.001,25,35,2,11
30,1024,1024,qartix7,xq7a100tfg484-2I,156,11.653,25,49,3,16
1,280,280,qartix7,xq7a100tcs324-1I,141,1.697,1,3,1,5
1,320,320,qartix7,xq7a100tcs324-1I,141,2.198,1,3,1,5
10,320,320,qartix7,xq7a100tcs324-1I,141,1.232,24,17,2,12
1,512,512,qartix7,xq7a100tcs324-1I,138,5.56,1,3,1,8
10,512,512,qartix7,xq7a100tcs324-1I,141,3.077,24,17,2,12
1,1024,1024,qartix7,xq7a100tcs324-1I,138,21.944,1,3,1,8
10,1024,1024,qartix7,xq7a100tcs324-1I,141,12.012,24,17,2,12
20,1024,1024,qartix7,xq7a100tcs324-1I,141,12.012,25,35,3,11
30,1024,1024,qartix7,xq7a100tcs324-1I,141,11.663,25,49,3,16
1,280,280,qartix7,xq7a100tcs324-1IL,141,1.697,1,3,1,5
1,320,320,qartix7,xq7a100tcs324-1IL,141,2.198,1,3,1,5
10,320,320,qartix7,xq7a100tcs324-1IL,141,1.232,24,17,2,12
1,512,512,qartix7,xq7a100tcs324-1IL,138,5.56,1,3,1,8
10,512,512,qartix7,xq7a100tcs324-1IL,141,3.077,24,17,2,12
1,1024,1024,qartix7,xq7a100tcs324-1IL,138,21.944,1,3,1,8
10,1024,1024,qartix7,xq7a100tcs324-1IL,141,12.012,24,17,2,12
1,280,280,zynq,xc7z010iclg225-1L,138,1.697,3,12,4,13
2,280,280,zynq,xc7z010iclg225-1L,140,1.243,0,11,3,32
4,280,280,zynq,xc7z010iclg225-1L,143,1.03,0,14,4,12
5,280,280,zynq,xc7z010iclg225-1L,143,1.03,65,40,8,15
6,280,280,zynq,xc7z010iclg225-1L,143,1.005,67,46,8,17
8,280,280,zynq,xc7z010iclg225-1L,143,0.932,0,21,5,22
1,320,320,zynq,xc7z010iclg225-1L,138,2.198,3,12,4,13
2,320,320,zynq,xc7z010iclg225-1L,140,1.616,0,11,3,32
4,320,320,zynq,xc7z010iclg225-1L,143,1.338,0,14,4,12
5,320,320,zynq,xc7z010iclg225-1L,143,1.331,65,40,8,15
6,320,320,zynq,xc7z010iclg225-1L,143,1.299,67,46,8,17
8,320,320,zynq,xc7z010iclg225-1L,143,1.21,0,21,5,22
10,320,320,zynq,xc7z010iclg225-1L,143,1.229,72,69,8,27
1,512,512,zynq,xc7z010iclg225-1L,138,5.56,5,11,4,18
2,512,512,zynq,xc7z010iclg225-1L,140,4.091,0,11,3,32
4,512,512,zynq,xc7z010iclg225-1L,138,3.395,0,13,3,62
5,512,512,zynq,xc7z010iclg225-1L,143,3.333,65,40,8,15
6,512,512,zynq,xc7z010iclg225-1L,143,3.246,67,46,8,17
8,512,512,zynq,xc7z010iclg225-1L,143,3.057,0,21,5,22
10,512,512,zynq,xc7z010iclg225-1L,143,3.072,72,69,8,27
12,512,512,zynq,xc7z010iclg225-1L,143,3.026,73,80,9,32
14,512,512,zynq,xc7z010iclg225-1L,143,2.995,75,84,9,37
15,512,512,zynq,xc7z010iclg225-1L,143,2.985,75,85,9,40
16,512,512,zynq,xc7z010iclg225-1L,143,3.052,0,36,5,20
1,1024,1024,zynq,xc7z010iclg225-1L,138,21.944,5,12,5,18
2,1024,1024,zynq,xc7z010iclg225-1L,140,16.21,0,11,3,32
4,1024,1024,zynq,xc7z010iclg225-1L,138,13.425,0,13,3,62
5,1024,1024,zynq,xc7z010iclg225-1L,138,13.056,65,40,7,65
6,1024,1024,zynq,xc7z010iclg225-1L,138,12.708,67,46,7,67
8,1024,1024,zynq,xc7z010iclg225-1L,138,12.114,0,20,3,69
10,1024,1024,zynq,xc7z010iclg225-1L,143,12.001,72,70,9,27
12,1024,1024,zynq,xc7z010iclg225-1L,143,11.827,73,80,9,32
14,1024,1024,zynq,xc7z010iclg225-1L,143,11.704,75,84,9,37
15,1024,1024,zynq,xc7z010iclg225-1L,143,11.653,75,86,10,40
16,1024,1024,zynq,xc7z010iclg225-1L,143,12.083,0,36,6,20
1,280,280,zynq,xc7z010iclg400-1L,138,1.697,3,12,4,13
2,280,280,zynq,xc7z010iclg400-1L,140,1.243,0,11,3,32
4,280,280,zynq,xc7z010iclg400-1L,143,1.03,0,14,4,12
5,280,280,zynq,xc7z010iclg400-1L,143,1.03,65,40,8,15
6,280,280,zynq,xc7z010iclg400-1L,143,1.005,67,46,8,17
8,280,280,zynq,xc7z010iclg400-1L,143,0.932,0,21,5,22
1,320,320,zynq,xc7z010iclg400-1L,138,2.198,3,12,4,13
2,320,320,zynq,xc7z010iclg400-1L,140,1.616,0,11,3,32
4,320,320,zynq,xc7z010iclg400-1L,143,1.338,0,14,4,12
5,320,320,zynq,xc7z010iclg400-1L,143,1.331,65,40,8,15
6,320,320,zynq,xc7z010iclg400-1L,143,1.299,67,46,8,17
8,320,320,zynq,xc7z010iclg400-1L,143,1.21,0,21,5,22
10,320,320,zynq,xc7z010iclg400-1L,143,1.229,72,69,8,27
1,512,512,zynq,xc7z010iclg400-1L,138,5.56,5,11,4,18
2,512,512,zynq,xc7z010iclg400-1L,140,4.091,0,11,3,32
4,512,512,zynq,xc7z010iclg400-1L,138,3.395,0,13,3,62
5,512,512,zynq,xc7z010iclg400-1L,143,3.333,65,40,8,15
6,512,512,zynq,xc7z010iclg400-1L,143,3.246,67,46,8,17
8,512,512,zynq,xc7z010iclg400-1L,143,3.057,0,21,5,22
10,512,512,zynq,xc7z010iclg400-1L,143,3.072,72,69,8,27
12,512,512,zynq,xc7z010iclg400-1L,143,3.026,73,80,9,32
14,512,512,zynq,xc7z010iclg400-1L,143,2.995,75,84,9,37
15,512,512,zynq,xc7z010iclg400-1L,143,2.985,75,85,9,40
16,512,512,zynq,xc7z010iclg400-1L,143,3.052,0,36,5,20
1,1024,1024,zynq,xc7z010iclg400-1L,138,21.944,5,12,5,18
2,1024,1024,zynq,xc7z010iclg400-1L,140,16.21,0,11,3,32
4,1024,1024,zynq,xc7z010iclg400-1L,138,13.425,0,13,3,62
5,1024,1024,zynq,xc7z010iclg400-1L,138,13.056,65,40,7,65
6,1024,1024,zynq,xc7z010iclg400-1L,138,12.708,67,46,7,67
8,1024,1024,zynq,xc7z010iclg400-1L,138,12.114,0,20,3,69
10,1024,1024,zynq,xc7z010iclg400-1L,143,12.001,72,70,9,27
12,1024,1024,zynq,xc7z010iclg400-1L,143,11.827,73,80,9,32
14,1024,1024,zynq,xc7z010iclg400-1L,143,11.704,75,84,9,37
15,1024,1024,zynq,xc7z010iclg400-1L,143,11.653,75,86,10,40
16,1024,1024,zynq,xc7z010iclg400-1L,143,12.083,0,36,6,20
1,280,280,zynq,xc7z010clg400-1,138,1.697,3,12,4,13
2,280,280,zynq,xc7z010clg400-1,140,1.243,0,11,3,32
4,280,280,zynq,xc7z010clg400-1,143,1.03,0,14,4,12
5,280,280,zynq,xc7z010clg400-1,143,1.03,65,40,8,15
6,280,280,zynq,xc7z010clg400-1,143,1.005,67,46,8,17
8,280,280,zynq,xc7z010clg400-1,143,0.932,0,21,5,22
1,320,320,zynq,xc7z010clg400-1,138,2.198,3,12,4,13
2,320,320,zynq,xc7z010clg400-1,140,1.616,0,11,3,32
4,320,320,zynq,xc7z010clg400-1,143,1.338,0,14,4,12
5,320,320,zynq,xc7z010clg400-1,143,1.331,65,40,8,15
6,320,320,zynq,xc7z010clg400-1,143,1.299,67,46,8,17
8,320,320,zynq,xc7z010clg400-1,143,1.21,0,21,5,22
10,320,320,zynq,xc7z010clg400-1,143,1.229,72,69,8,27
1,512,512,zynq,xc7z010clg400-1,138,5.56,5,11,4,18
2,512,512,zynq,xc7z010clg400-1,140,4.091,0,11,3,32
4,512,512,zynq,xc7z010clg400-1,138,3.395,0,13,3,62
5,512,512,zynq,xc7z010clg400-1,143,3.333,65,40,8,15
6,512,512,zynq,xc7z010clg400-1,143,3.246,67,46,8,17
8,512,512,zynq,xc7z010clg400-1,143,3.057,0,21,5,22
10,512,512,zynq,xc7z010clg400-1,143,3.072,72,69,8,27
12,512,512,zynq,xc7z010clg400-1,143,3.026,73,80,9,32
14,512,512,zynq,xc7z010clg400-1,143,2.995,75,84,9,37
15,512,512,zynq,xc7z010clg400-1,143,2.985,75,85,9,40
16,512,512,zynq,xc7z010clg400-1,143,3.052,0,36,5,20
1,1024,1024,zynq,xc7z010clg400-1,138,21.944,5,12,5,18
2,1024,1024,zynq,xc7z010clg400-1,140,16.21,0,11,3,32
4,1024,1024,zynq,xc7z010clg400-1,138,13.425,0,13,3,62
5,1024,1024,zynq,xc7z010clg400-1,138,13.056,65,40,7,65
6,1024,1024,zynq,xc7z010clg400-1,138,12.708,67,46,7,67
8,1024,1024,zynq,xc7z010clg400-1,138,12.114,0,20,3,69
10,1024,1024,zynq,xc7z010clg400-1,143,12.001,72,70,9,27
12,1024,1024,zynq,xc7z010clg400-1,143,11.827,73,80,9,32
14,1024,1024,zynq,xc7z010clg400-1,143,11.704,75,84,9,37
15,1024,1024,zynq,xc7z010clg400-1,143,11.653,75,86,10,40
16,1024,1024,zynq,xc7z010clg400-1,143,12.083,0,36,6,20
1,280,280,zynq,xc7z010clg400-2,144,1.694,3,10,4,13
2,280,280,zynq,xc7z010clg400-2,144,1.24,0,10,3,32
4,280,280,zynq,xc7z010clg400-2,137,1.03,0,12,4,12
5,280,280,zynq,xc7z010clg400-2,137,1.028,65,34,5,15
6,280,280,zynq,xc7z010clg400-2,137,1.002,67,38,5,17
8,280,280,zynq,xc7z010clg400-2,137,0.932,0,18,4,22
1,320,320,zynq,xc7z010clg400-2,144,2.192,3,10,4,13
